{
    "@odata.context":  "/redfish/v1/$metadata#Manager.Manager",
    "@odata.id":  "/redfish/v1/Managers/controller_a",
    "@odata.type":  "#Manager.v1_3_1.Manager",
    "Id":  "controller_a",
    "Name":  "management_controller_a",
    "ManagerType":  "ManagementController",
    "FirmwareVersion":  "IN100R003",
    "Status":  {
                   "State":  "Enabled",
                   "Health":  "OK"
               },
    "EthernetInterfaces":  {
                               "@odata.id":  "/redfish/v1/Managers/controller_a/EthernetInterfaces"
                           }
}