{
    "Identifiers":  [
                        {
                            "DurableName":  "2c2b4bd8361b856bbc0001000000000a0000000700",
                            "DurableNameFormat":  "NimbleID"
                        }
                    ],
    "Manufacturer":  "Nimble",
    "@odata.id":  "/redfish/v1/Chassis/AC-109032/Drives/Disk.Shelf_0.Location_7",
    "Protocol":  "SAS",
    "Id":  "2c2b4bd8361b856bbc0001000000000a0000000700",
    "SerialNumber":  "64O0A00JTZP8",
    "PartNumber":  "Nimble_PX03SNF080",
    "Name":  "HPENimbleDrives",
    "@odata.type":  "#Drive.1.6.0.Drive",
    "@odata.context":  "/redfish/v1/$metadata#Chassis/Members/AC-109032/Drives/Members/$entity",
    "@Redfish.Copyright":  "Copyright 2014-2016 Distributed Management Task Force, Inc. (DMTF). For the full DMTF copyright policy, see http://www.dmtf.org/about/policies/copyright.",
    "AssetTag":  "64O0A00JTZP8",
    "Revision":  "0201",
    "Status":  {
                   "State":  "in use",
                   "Health":  "N/A"
               },
    "CapableSpeedGbs":  6,
    "NegotiatedSpeedGbs":  6,
    "IndicatorLED":  "Lit",
    "FailurePredicted":  "N/A",
    "Model":  "PX03SNF080",
    "MediaType":  "ssd",
    "CapacityBytes":  800166076416
}