{
    "@odata.context":  "/redfish/v1/$metadata#IOConnectivityLoSCapabilities.IOConnectivityLoSCapabilities",
    "@odata.id":  "/redfish/v1/StorageServices/S1/IOConnectivityLoSCapabilities/IOCLOSC",
    "@odata.type":  "#IOConnectivityLoSCapabilities.v1_0_2.IOConnectivityLoSCapabilities",
    "Id":  "IOCLOSC",
    "Name":  "IO Connectivity Line Of Service Capabilities",
    "SupportedAccessProtocols":  [
                                     "iSCSI"
                                 ],
    "SupportedLinesOfService":  [
                                    {
                                        "@odata.context":  "/redfish/v1/$metadata#IOConnectivityLineOfService.IOConnectivityLineOfService",
                                        "@odata.id":  "/redfish/v1/StorageServices/S1/ClassesOfService/DefaultCOS/IOConnectivityLineOfService/IOCLOS",
                                        "@odata.type":  "#IOConnectivityLineOfService.v1_0_2.IOConnectivityLineOfService",
                                        "Id":  "IOCLOS",
                                        "Name":  "IO Connectivity Line Of Service",
                                        "AccessProtocols":  [
                                                                "iSCSI"
                                                            ]
                                    }
                                ]
}