{
    "@Redfish.Copyright":  "Copyright 2014-2016 HPE and DMTF",
    "@odata.id":  "/redfish/v1/Fabric/AC-109032/Zones/NSSCORCH",
    "@odata.type":  "#Zones.v1_0_0.Zones",
    "Name":  "NSSCORCH",
    "Description":  "Initiator EndpointGroup (Zone) for NSSCORCH",
    "GroupType":  "Client",
    "Endpoints@odata.count":  1,
    "Connections@odata.count":  0,
    "Endpoints":  [
                      {
                          "@odata.id":  "/redfish/v1/Fabrics/AC-109032/Endpoints/0b2b4bd8361b856bbc000000000000000000000007"
                      }
                  ],
    "Connections":  [

                    ]
}