{
    "@odata.context":  "/redfish/v1/$metadata#ServiceRoot.ServiceRoot",
    "@odata.id":  "/redfish/v1/",
    "@odata.type":  "#ServiceRoot.v1_2_0.ServiceRoot",
    "Id":  "RootService",
    "Name":  "Root Service",
    "RedfishVersion":  "1.0.2",
    "UUID":  "92384634-2938-2342-8820-489239905423",
    "Systems":  {
                    "@odata.id":  "/redfish/v1/ComputerSystem"
                },
    "Chassis":  {
                    "@odata.id":  "/redfish/v1/Chassis"
                },
    "StorageServices":  {
                            "@odata.id":  "/redfish/v1/StorageServices"
                        },
    "Managers":  {
                     "@odata.id":  "/redfish/v1/Managers"
                 },
    "Tasks":  {
                  "@odata.id":  "/redfish/v1/TaskService"
              },
    "SessionService":  {
                           "@odata.id":  "/redfish/v1/SessionService"
                       },
    "Links":  {
                  "Oem":  {

                          },
                  "Sessions":  {
                                   "@odata.id":  "/redfish/v1/SessionService/Sessions"
                               }
              }
}