{
    "@odata.Copyright":  "Copyright 2016-2019 Storage Networking Industry Association (SNIA), USA. All rights reserved. For the full SNIA copyright policy, see http://www.snia.org/about/corporate_info/copyright",
    "@odata.id":  "/redfish/v1/StorageSystems/AC-109032/LinesOfService",
    "@odata.type":  "#LineOfServiceCollection.LineOfServiceCollection",
    "description":  "Container for Subsequent Data Protection Services",
    "longDescription":  "Root Container for Protection Schedules implemented using Data Protection Lines of Service",
    "deletable":  "false",
    "insertable":  "false",
    "updatable":  "false",
    "members@odata.count":  1,
    "members":  [
                    {
                        "@odata.id":  "/redfish/v1/StorageSystems/AC-109032/LinesOfSerice/DataProtectionLinesOfService"
                    }
                ]
}