{
    "@Redfish.Copyright":  "Copyright 2014-2016 Distributed Management Task Force, Inc. (DMTF). For the full DMTF copyright policy, see http://www.dmtf.org/about/policies/copyright.",
    "@odata.id":  "/redfish/v1/StorageSystems/AC-109032/StorageGroups",
    "Members@odata.count":  27,
    "Name":  "Nimble Storage Groups (Access Control Maps)",
    "@odata.context":  "/redfish/v1/$metadata#StorageGroup/AC-109032/StorageGroups",
    "Members":  [
                    {
                        "@odata.id":  "/redfish/v1/StorageSystems/AC-109032/StorageGroups/0d2b4bd8361b856bbc000000000000000000000001"
                    },
                    {
                        "@odata.id":  "/redfish/v1/StorageSystems/AC-109032/StorageGroups/0d2b4bd8361b856bbc000000000000000000000002"
                    },
                    {
                        "@odata.id":  "/redfish/v1/StorageSystems/AC-109032/StorageGroups/0d2b4bd8361b856bbc000000000000000000000003"
                    },
                    {
                        "@odata.id":  "/redfish/v1/StorageSystems/AC-109032/StorageGroups/0d2b4bd8361b856bbc000000000000000000000004"
                    },
                    {
                        "@odata.id":  "/redfish/v1/StorageSystems/AC-109032/StorageGroups/0d2b4bd8361b856bbc000000000000000000000005"
                    },
                    {
                        "@odata.id":  "/redfish/v1/StorageSystems/AC-109032/StorageGroups/0d2b4bd8361b856bbc000000000000000000000006"
                    },
                    {
                        "@odata.id":  "/redfish/v1/StorageSystems/AC-109032/StorageGroups/0d2b4bd8361b856bbc000000000000000000000007"
                    },
                    {
                        "@odata.id":  "/redfish/v1/StorageSystems/AC-109032/StorageGroups/0d2b4bd8361b856bbc000000000000000000000008"
                    },
                    {
                        "@odata.id":  "/redfish/v1/StorageSystems/AC-109032/StorageGroups/0d2b4bd8361b856bbc000000000000000000000009"
                    },
                    {
                        "@odata.id":  "/redfish/v1/StorageSystems/AC-109032/StorageGroups/0d2b4bd8361b856bbc00000000000000000000000a"
                    },
                    {
                        "@odata.id":  "/redfish/v1/StorageSystems/AC-109032/StorageGroups/0d2b4bd8361b856bbc00000000000000000000000b"
                    },
                    {
                        "@odata.id":  "/redfish/v1/StorageSystems/AC-109032/StorageGroups/0d2b4bd8361b856bbc00000000000000000000000c"
                    },
                    {
                        "@odata.id":  "/redfish/v1/StorageSystems/AC-109032/StorageGroups/0d2b4bd8361b856bbc00000000000000000000000d"
                    },
                    {
                        "@odata.id":  "/redfish/v1/StorageSystems/AC-109032/StorageGroups/0d2b4bd8361b856bbc00000000000000000000000e"
                    },
                    {
                        "@odata.id":  "/redfish/v1/StorageSystems/AC-109032/StorageGroups/0d2b4bd8361b856bbc00000000000000000000000f"
                    },
                    {
                        "@odata.id":  "/redfish/v1/StorageSystems/AC-109032/StorageGroups/0d2b4bd8361b856bbc000000000000000000000013"
                    },
                    {
                        "@odata.id":  "/redfish/v1/StorageSystems/AC-109032/StorageGroups/0d2b4bd8361b856bbc000000000000000000000014"
                    },
                    {
                        "@odata.id":  "/redfish/v1/StorageSystems/AC-109032/StorageGroups/0d2b4bd8361b856bbc000000000000000000000015"
                    },
                    {
                        "@odata.id":  "/redfish/v1/StorageSystems/AC-109032/StorageGroups/0d2b4bd8361b856bbc000000000000000000000016"
                    },
                    {
                        "@odata.id":  "/redfish/v1/StorageSystems/AC-109032/StorageGroups/0d2b4bd8361b856bbc000000000000000000000017"
                    },
                    {
                        "@odata.id":  "/redfish/v1/StorageSystems/AC-109032/StorageGroups/0d2b4bd8361b856bbc000000000000000000000018"
                    },
                    {
                        "@odata.id":  "/redfish/v1/StorageSystems/AC-109032/StorageGroups/0d2b4bd8361b856bbc000000000000000000000028"
                    },
                    {
                        "@odata.id":  "/redfish/v1/StorageSystems/AC-109032/StorageGroups/0d2b4bd8361b856bbc00000000000000000000002a"
                    },
                    {
                        "@odata.id":  "/redfish/v1/StorageSystems/AC-109032/StorageGroups/0d2b4bd8361b856bbc00000000000000000000002b"
                    },
                    {
                        "@odata.id":  "/redfish/v1/StorageSystems/AC-109032/StorageGroups/0d2b4bd8361b856bbc00000000000000000000002c"
                    },
                    {
                        "@odata.id":  "/redfish/v1/StorageSystems/AC-109032/StorageGroups/0d2b4bd8361b856bbc00000000000000000000002d"
                    },
                    {
                        "@odata.id":  "/redfish/v1/StorageSystems/AC-109032/StorageGroups/0d2b4bd8361b856bbc00000000000000000000002e"
                    }
                ],
    "@odata.type":  "#StorageGroups.1_4_0.StorageGroups"
}