{
    "@Redfish.Copyright":  "Copyright 2014-2016 Distributed Management Task Force, Inc. (DMTF). For the full DMTF copyright policy, see http://www.dmtf.org/about/policies/copyright.",
    "@odata.id":  "/redfish/v1/StorageSystems/AC-109032/Volumes/SQL2019-DataBase",
    "@odata.type":  "#Volume.v1_4_0.Volume",
    "Id":  "062b4bd8361b856bbc00000000000000000000000e",
    "Name":  "SQL2019-DataBase",
    "Description":  "",
    "Capacity":  {
                     "ConsumedBytes":  0,
                     "AllocatedBytes":  10485760
                 },
    "Status":  {
                   "State":  "Enabled",
                   "Health":  "OK"
               },
    "BlockSizeBytes":  8192,
    "MaxBlockSizeBytes":  8192,
    "Manufacturer":  "HPENimbleStorage",
    "Encrypted":  false,
    "EncryptionTypes":  "ControllerAssisted",
    "ProvisioningPolicy":  "thin",
    "Compressed":  true,
    "Deduplicated":  false,
    "DisplayName":  "default:/SQL2019-DataBase",
    "LowSpaceWarningThresholdPercents":  80,
    "OptimumIOSizeBytes":  8192,
    "VolumeType":  "SpannedStripesWithParity",
    "VolumeUsageType":  "Data",
    "ReadCachePolicyType":  "AdaptiveReadAhead",
    "WriteCacheState":  "Enabled",
    "WriteCachePolicyType":  "ProtectedWriteBack",
    "WriteCacheStateType":  "Protected",
    "WriteHoleProtectionPolicyType":  "Journaling",
    "CapacitySources":  [
                            {
                                "ProvidingPools":  {
                                                       "Pools":  [
                                                                     {
                                                                         "@odata,id":  "/redfish/v1/StorageSystems/AC-109032/StoragePools/default"
                                                                     }
                                                                 ]
                                                   },
                                "ProvidedCapacity":  {
                                                         "AllocatedCapacity":  null,
                                                         "ConsumedBytes":  null
                                                     }
                            }
                        ],
    "Identifiers":  [
                        {
                            "Manufacturer":  "NimbleStorage"
                        },
                        {
                            "DurableName":  "062b4bd8361b856bbc00000000000000000000000e",
                            "DurableNameFormat":  "UUID"
                        },
                        {
                            "DurableName":  "4cc0bd82d1bd610c",
                            "DurableNameFormat":  "vpd_ieee0"
                        },
                        {
                            "DurableName":  "6c9ce9008ab3ce30",
                            "DurableNameFormat":  "vpd_ieee1"
                        },
                        {
                            "DurableName":  "Nimble  4cc0bd82d1bd610c6c9ce9008ab3ce30",
                            "DurableNameFormat":  "vpd_t10"
                        },
                        {
                            "DurableName":  "iqn.2007-11.com.nimblestorage:sql2019-database-v2b4bd8361b856bbc.0000000e.30ceb38a",
                            "DurableNameFormat":  "iqn"
                        }
                    ],
    "ConsistencyGroup":  "/redfish/v1/StorageSystems/AC-109032/ConsistencyGroup/SQL2019"
}