{
    "@odata.context":  "/redfish/v1/$metadata#StoragePool.StoragePool",
    "@odata.id":  "/redfish/v1/StorageServices/S1/StoragePools/A",
    "@odata.type":  "#StoragePool.v1_2_0.StoragePool",
    "Id":  "00c0ff50437d0000fc3a3d5f01000000",
    "Name":  "A",
    "Description":  "Pool",
    "MaxBlockSizeBytes":  512,
    "AllocatedVolumes":  {
                             "@odata.id":  "/redfish/v1/StorageServices/S1/StoragePools/A/Volumes"
                         },
    "AllocatedPools":  {
                           "@odata.id":  "/redfish/v1/StorageServices/S1/StoragePools"
                       },
    "RemainingCapacityPercent":  99,
    "IOStatistics":  {
                         "ReadHitIORequests":  770764,
                         "ReadIOKiBytes":  2018133387,
                         "ReadIORequestTime":  "37663",
                         "WriteHitIORequests":  100666,
                         "WriteIOKiBytes":  189534619,
                         "WriteIORequestTime":  "0"
                     },
    "Capacity":  {
                     "Data":  {
                                  "AllocatedBytes":  14353780703232,
                                  "ConsumedBytes":  11920211968
                              }
                 },
    "Status":  {
                   "State":  "Enabled",
                   "Health":  "OK"
               },
    "CapacitySources":  [
                            {
                                "@odata.id":  "/redfish/v1/StorageServices/S1/StoragePools/A#/CapacitySources/0",
                                "@odata.type":  "#Capacity.v1_1_2.CapacitySource",
                                "Id":  "00c0ff50437d0000fc3a3d5f01000000",
                                "Name":  "A",
                                "ProvidingPools":  {
                                                       "@odata.context":  "/redfish/v1/$metadata#StoragePoolCollection.StoragePoolCollection",
                                                       "@odata.id":  "/redfish/v1/StorageServices/S1/StoragePools",
                                                       "@odata.type":  "#StoragePoolCollection.StoragePoolCollection",
                                                       "Name":  "StoragePools",
                                                       "Members@odata.count":  1,
                                                       "Members":  [
                                                                       {
                                                                           "@odata.id":  "/redfish/v1/StorageServices/S1/StoragePools/00c0ff50437d0000f93a3d5f00000000"
                                                                       }
                                                                   ]
                                                   }
                            }
                        ]
}