{
    "@Redfish.Copyright":  "Copyright 2014-2016 HPE and DMTF",
    "@odata.id":  "/redfish/v1//Storage/AC-109032/StoragePools/Default/Volumes/SCSCOM2019/Snapshots",
    "@odata.type":  "#SnapshotsCollection.v1_0_0.SnapshotsCollection",
    "Name":  "NimbleSnapshotCollection",
    "Members@odata.count":  96,
    "Members":  [
                    {
                        "@odata.id":  "/redfish/v1/Storage/AC-109032/StoragePools/Default/Volumes/SCSCOM2019/SnapShots/042b4bd8361b856bbc000000000000000b0003cb3e"
                    },
                    {
                        "@odata.id":  "/redfish/v1/Storage/AC-109032/StoragePools/Default/Volumes/SCSCOM2019/SnapShots/042b4bd8361b856bbc000000000000000b0003caed"
                    },
                    {
                        "@odata.id":  "/redfish/v1/Storage/AC-109032/StoragePools/Default/Volumes/SCSCOM2019/SnapShots/042b4bd8361b856bbc000000000000000b0003ca9b"
                    },
                    {
                        "@odata.id":  "/redfish/v1/Storage/AC-109032/StoragePools/Default/Volumes/SCSCOM2019/SnapShots/042b4bd8361b856bbc000000000000000b0003ca49"
                    },
                    {
                        "@odata.id":  "/redfish/v1/Storage/AC-109032/StoragePools/Default/Volumes/SCSCOM2019/SnapShots/042b4bd8361b856bbc000000000000000b0003c9f8"
                    },
                    {
                        "@odata.id":  "/redfish/v1/Storage/AC-109032/StoragePools/Default/Volumes/SCSCOM2019/SnapShots/042b4bd8361b856bbc000000000000000b0003c9a6"
                    },
                    {
                        "@odata.id":  "/redfish/v1/Storage/AC-109032/StoragePools/Default/Volumes/SCSCOM2019/SnapShots/042b4bd8361b856bbc000000000000000b0003c954"
                    },
                    {
                        "@odata.id":  "/redfish/v1/Storage/AC-109032/StoragePools/Default/Volumes/SCSCOM2019/SnapShots/042b4bd8361b856bbc000000000000000b0003c902"
                    },
                    {
                        "@odata.id":  "/redfish/v1/Storage/AC-109032/StoragePools/Default/Volumes/SCSCOM2019/SnapShots/042b4bd8361b856bbc000000000000000b0003c6a0"
                    },
                    {
                        "@odata.id":  "/redfish/v1/Storage/AC-109032/StoragePools/Default/Volumes/SCSCOM2019/SnapShots/042b4bd8361b856bbc000000000000000b0003c573"
                    },
                    {
                        "@odata.id":  "/redfish/v1/Storage/AC-109032/StoragePools/Default/Volumes/SCSCOM2019/SnapShots/042b4bd8361b856bbc000000000000000b0003c524"
                    },
                    {
                        "@odata.id":  "/redfish/v1/Storage/AC-109032/StoragePools/Default/Volumes/SCSCOM2019/SnapShots/042b4bd8361b856bbc000000000000000b0003c4d5"
                    },
                    {
                        "@odata.id":  "/redfish/v1/Storage/AC-109032/StoragePools/Default/Volumes/SCSCOM2019/SnapShots/042b4bd8361b856bbc000000000000000b0003c486"
                    },
                    {
                        "@odata.id":  "/redfish/v1/Storage/AC-109032/StoragePools/Default/Volumes/SCSCOM2019/SnapShots/042b4bd8361b856bbc000000000000000b0003c437"
                    },
                    {
                        "@odata.id":  "/redfish/v1/Storage/AC-109032/StoragePools/Default/Volumes/SCSCOM2019/SnapShots/042b4bd8361b856bbc000000000000000b0003c3e8"
                    },
                    {
                        "@odata.id":  "/redfish/v1/Storage/AC-109032/StoragePools/Default/Volumes/SCSCOM2019/SnapShots/042b4bd8361b856bbc000000000000000b0003c399"
                    },
                    {
                        "@odata.id":  "/redfish/v1/Storage/AC-109032/StoragePools/Default/Volumes/SCSCOM2019/SnapShots/042b4bd8361b856bbc000000000000000b0003c34a"
                    },
                    {
                        "@odata.id":  "/redfish/v1/Storage/AC-109032/StoragePools/Default/Volumes/SCSCOM2019/SnapShots/042b4bd8361b856bbc000000000000000b0003c2fb"
                    },
                    {
                        "@odata.id":  "/redfish/v1/Storage/AC-109032/StoragePools/Default/Volumes/SCSCOM2019/SnapShots/042b4bd8361b856bbc000000000000000b0003c2ac"
                    },
                    {
                        "@odata.id":  "/redfish/v1/Storage/AC-109032/StoragePools/Default/Volumes/SCSCOM2019/SnapShots/042b4bd8361b856bbc000000000000000b0003c25d"
                    },
                    {
                        "@odata.id":  "/redfish/v1/Storage/AC-109032/StoragePools/Default/Volumes/SCSCOM2019/SnapShots/042b4bd8361b856bbc000000000000000b0003c20e"
                    },
                    {
                        "@odata.id":  "/redfish/v1/Storage/AC-109032/StoragePools/Default/Volumes/SCSCOM2019/SnapShots/042b4bd8361b856bbc000000000000000b0003c1bf"
                    },
                    {
                        "@odata.id":  "/redfish/v1/Storage/AC-109032/StoragePools/Default/Volumes/SCSCOM2019/SnapShots/042b4bd8361b856bbc000000000000000b0003bf64"
                    },
                    {
                        "@odata.id":  "/redfish/v1/Storage/AC-109032/StoragePools/Default/Volumes/SCSCOM2019/SnapShots/042b4bd8361b856bbc000000000000000b0002fe01"
                    },
                    {
                        "@odata.id":  "/redfish/v1/Storage/AC-109032/StoragePools/Default/Volumes/SCSCOM2019/SnapShots/042b4bd8361b856bbc000000000000000b0003bbf3"
                    },
                    {
                        "@odata.id":  "/redfish/v1/Storage/AC-109032/StoragePools/Default/Volumes/SCSCOM2019/SnapShots/042b4bd8361b856bbc000000000000000b0002ce42"
                    },
                    {
                        "@odata.id":  "/redfish/v1/Storage/AC-109032/StoragePools/Default/Volumes/SCSCOM2019/SnapShots/042b4bd8361b856bbc000000000000000b0003b5b9"
                    },
                    {
                        "@odata.id":  "/redfish/v1/Storage/AC-109032/StoragePools/Default/Volumes/SCSCOM2019/SnapShots/042b4bd8361b856bbc000000000000000b0002f090"
                    },
                    {
                        "@odata.id":  "/redfish/v1/Storage/AC-109032/StoragePools/Default/Volumes/SCSCOM2019/SnapShots/042b4bd8361b856bbc000000000000000b00029856"
                    },
                    {
                        "@odata.id":  "/redfish/v1/Storage/AC-109032/StoragePools/Default/Volumes/SCSCOM2019/SnapShots/042b4bd8361b856bbc000000000000000b00038f06"
                    },
                    {
                        "@odata.id":  "/redfish/v1/Storage/AC-109032/StoragePools/Default/Volumes/SCSCOM2019/SnapShots/042b4bd8361b856bbc000000000000000b00038175"
                    },
                    {
                        "@odata.id":  "/redfish/v1/Storage/AC-109032/StoragePools/Default/Volumes/SCSCOM2019/SnapShots/042b4bd8361b856bbc000000000000000b0002ba8a"
                    },
                    {
                        "@odata.id":  "/redfish/v1/Storage/AC-109032/StoragePools/Default/Volumes/SCSCOM2019/SnapShots/042b4bd8361b856bbc000000000000000b0003b90f"
                    },
                    {
                        "@odata.id":  "/redfish/v1/Storage/AC-109032/StoragePools/Default/Volumes/SCSCOM2019/SnapShots/042b4bd8361b856bbc000000000000000b0002a5b7"
                    },
                    {
                        "@odata.id":  "/redfish/v1/Storage/AC-109032/StoragePools/Default/Volumes/SCSCOM2019/SnapShots/042b4bd8361b856bbc000000000000000b0003b744"
                    },
                    {
                        "@odata.id":  "/redfish/v1/Storage/AC-109032/StoragePools/Default/Volumes/SCSCOM2019/SnapShots/042b4bd8361b856bbc000000000000000b00029e93"
                    },
                    {
                        "@odata.id":  "/redfish/v1/Storage/AC-109032/StoragePools/Default/Volumes/SCSCOM2019/SnapShots/042b4bd8361b856bbc000000000000000b00034440"
                    },
                    {
                        "@odata.id":  "/redfish/v1/Storage/AC-109032/StoragePools/Default/Volumes/SCSCOM2019/SnapShots/042b4bd8361b856bbc000000000000000b0002b433"
                    },
                    {
                        "@odata.id":  "/redfish/v1/Storage/AC-109032/StoragePools/Default/Volumes/SCSCOM2019/SnapShots/042b4bd8361b856bbc000000000000000b0003ab64"
                    },
                    {
                        "@odata.id":  "/redfish/v1/Storage/AC-109032/StoragePools/Default/Volumes/SCSCOM2019/SnapShots/042b4bd8361b856bbc000000000000000b00036d41"
                    },
                    {
                        "@odata.id":  "/redfish/v1/Storage/AC-109032/StoragePools/Default/Volumes/SCSCOM2019/SnapShots/042b4bd8361b856bbc000000000000000b00029132"
                    },
                    {
                        "@odata.id":  "/redfish/v1/Storage/AC-109032/StoragePools/Default/Volumes/SCSCOM2019/SnapShots/042b4bd8361b856bbc000000000000000b0002acf5"
                    },
                    {
                        "@odata.id":  "/redfish/v1/Storage/AC-109032/StoragePools/Default/Volumes/SCSCOM2019/SnapShots/042b4bd8361b856bbc000000000000000b0003bdcf"
                    },
                    {
                        "@odata.id":  "/redfish/v1/Storage/AC-109032/StoragePools/Default/Volumes/SCSCOM2019/SnapShots/042b4bd8361b856bbc000000000000000b00028484"
                    },
                    {
                        "@odata.id":  "/redfish/v1/Storage/AC-109032/StoragePools/Default/Volumes/SCSCOM2019/SnapShots/042b4bd8361b856bbc000000000000000b00028adb"
                    },
                    {
                        "@odata.id":  "/redfish/v1/Storage/AC-109032/StoragePools/Default/Volumes/SCSCOM2019/SnapShots/042b4bd8361b856bbc000000000000000b0002dca4"
                    },
                    {
                        "@odata.id":  "/redfish/v1/Storage/AC-109032/StoragePools/Default/Volumes/SCSCOM2019/SnapShots/042b4bd8361b856bbc000000000000000b00031a58"
                    },
                    {
                        "@odata.id":  "/redfish/v1/Storage/AC-109032/StoragePools/Default/Volumes/SCSCOM2019/SnapShots/042b4bd8361b856bbc000000000000000b0003b6a6"
                    },
                    {
                        "@odata.id":  "/redfish/v1/Storage/AC-109032/StoragePools/Default/Volumes/SCSCOM2019/SnapShots/042b4bd8361b856bbc000000000000000b0003a4f4"
                    },
                    {
                        "@odata.id":  "/redfish/v1/Storage/AC-109032/StoragePools/Default/Volumes/SCSCOM2019/SnapShots/042b4bd8361b856bbc000000000000000b00033cea"
                    },
                    {
                        "@odata.id":  "/redfish/v1/Storage/AC-109032/StoragePools/Default/Volumes/SCSCOM2019/SnapShots/042b4bd8361b856bbc000000000000000b0003b56a"
                    },
                    {
                        "@odata.id":  "/redfish/v1/Storage/AC-109032/StoragePools/Default/Volumes/SCSCOM2019/SnapShots/042b4bd8361b856bbc000000000000000b0002c805"
                    },
                    {
                        "@odata.id":  "/redfish/v1/Storage/AC-109032/StoragePools/Default/Volumes/SCSCOM2019/SnapShots/042b4bd8361b856bbc000000000000000b0003be13"
                    },
                    {
                        "@odata.id":  "/redfish/v1/Storage/AC-109032/StoragePools/Default/Volumes/SCSCOM2019/SnapShots/042b4bd8361b856bbc000000000000000b00032803"
                    },
                    {
                        "@odata.id":  "/redfish/v1/Storage/AC-109032/StoragePools/Default/Volumes/SCSCOM2019/SnapShots/042b4bd8361b856bbc000000000000000b0003585a"
                    },
                    {
                        "@odata.id":  "/redfish/v1/Storage/AC-109032/StoragePools/Default/Volumes/SCSCOM2019/SnapShots/042b4bd8361b856bbc000000000000000b000388b1"
                    },
                    {
                        "@odata.id":  "/redfish/v1/Storage/AC-109032/StoragePools/Default/Volumes/SCSCOM2019/SnapShots/042b4bd8361b856bbc000000000000000b0003b6f5"
                    },
                    {
                        "@odata.id":  "/redfish/v1/Storage/AC-109032/StoragePools/Default/Volumes/SCSCOM2019/SnapShots/042b4bd8361b856bbc000000000000000b0002d566"
                    },
                    {
                        "@odata.id":  "/redfish/v1/Storage/AC-109032/StoragePools/Default/Volumes/SCSCOM2019/SnapShots/042b4bd8361b856bbc000000000000000b0003bbaf"
                    },
                    {
                        "@odata.id":  "/redfish/v1/Storage/AC-109032/StoragePools/Default/Volumes/SCSCOM2019/SnapShots/042b4bd8361b856bbc000000000000000b0002c0e1"
                    },
                    {
                        "@odata.id":  "/redfish/v1/Storage/AC-109032/StoragePools/Default/Volumes/SCSCOM2019/SnapShots/042b4bd8361b856bbc000000000000000b0003bd03"
                    },
                    {
                        "@odata.id":  "/redfish/v1/Storage/AC-109032/StoragePools/Default/Volumes/SCSCOM2019/SnapShots/042b4bd8361b856bbc000000000000000b00033594"
                    },
                    {
                        "@odata.id":  "/redfish/v1/Storage/AC-109032/StoragePools/Default/Volumes/SCSCOM2019/SnapShots/042b4bd8361b856bbc000000000000000b0003b4cc"
                    },
                    {
                        "@odata.id":  "/redfish/v1/Storage/AC-109032/StoragePools/Default/Volumes/SCSCOM2019/SnapShots/042b4bd8361b856bbc000000000000000b00034aaf"
                    },
                    {
                        "@odata.id":  "/redfish/v1/Storage/AC-109032/StoragePools/Default/Volumes/SCSCOM2019/SnapShots/042b4bd8361b856bbc000000000000000b0003bb27"
                    },
                    {
                        "@odata.id":  "/redfish/v1/Storage/AC-109032/StoragePools/Default/Volumes/SCSCOM2019/SnapShots/042b4bd8361b856bbc000000000000000b0002f7b4"
                    },
                    {
                        "@odata.id":  "/redfish/v1/Storage/AC-109032/StoragePools/Default/Volumes/SCSCOM2019/SnapShots/042b4bd8361b856bbc000000000000000b000320c7"
                    },
                    {
                        "@odata.id":  "/redfish/v1/Storage/AC-109032/StoragePools/Default/Volumes/SCSCOM2019/SnapShots/042b4bd8361b856bbc000000000000000b0002ea39"
                    },
                    {
                        "@odata.id":  "/redfish/v1/Storage/AC-109032/StoragePools/Default/Volumes/SCSCOM2019/SnapShots/042b4bd8361b856bbc000000000000000b000365eb"
                    },
                    {
                        "@odata.id":  "/redfish/v1/Storage/AC-109032/StoragePools/Default/Volumes/SCSCOM2019/SnapShots/042b4bd8361b856bbc000000000000000b0003b51b"
                    },
                    {
                        "@odata.id":  "/redfish/v1/Storage/AC-109032/StoragePools/Default/Volumes/SCSCOM2019/SnapShots/042b4bd8361b856bbc000000000000000b0003b47d"
                    },
                    {
                        "@odata.id":  "/redfish/v1/Storage/AC-109032/StoragePools/Default/Volumes/SCSCOM2019/SnapShots/042b4bd8361b856bbc000000000000000b00037b06"
                    },
                    {
                        "@odata.id":  "/redfish/v1/Storage/AC-109032/StoragePools/Default/Volumes/SCSCOM2019/SnapShots/042b4bd8361b856bbc000000000000000b0002e3e2"
                    },
                    {
                        "@odata.id":  "/redfish/v1/Storage/AC-109032/StoragePools/Default/Volumes/SCSCOM2019/SnapShots/042b4bd8361b856bbc000000000000000b0003511e"
                    },
                    {
                        "@odata.id":  "/redfish/v1/Storage/AC-109032/StoragePools/Default/Volumes/SCSCOM2019/SnapShots/042b4bd8361b856bbc000000000000000b0003b0c6"
                    },
                    {
                        "@odata.id":  "/redfish/v1/Storage/AC-109032/StoragePools/Default/Volumes/SCSCOM2019/SnapShots/042b4bd8361b856bbc000000000000000b0003bb6b"
                    },
                    {
                        "@odata.id":  "/redfish/v1/Storage/AC-109032/StoragePools/Default/Volumes/SCSCOM2019/SnapShots/042b4bd8361b856bbc000000000000000b0003053d"
                    },
                    {
                        "@odata.id":  "/redfish/v1/Storage/AC-109032/StoragePools/Default/Volumes/SCSCOM2019/SnapShots/042b4bd8361b856bbc000000000000000b0003bc7b"
                    },
                    {
                        "@odata.id":  "/redfish/v1/Storage/AC-109032/StoragePools/Default/Volumes/SCSCOM2019/SnapShots/042b4bd8361b856bbc000000000000000b00030c93"
                    },
                    {
                        "@odata.id":  "/redfish/v1/Storage/AC-109032/StoragePools/Default/Volumes/SCSCOM2019/SnapShots/042b4bd8361b856bbc000000000000000b000313e9"
                    },
                    {
                        "@odata.id":  "/redfish/v1/Storage/AC-109032/StoragePools/Default/Volumes/SCSCOM2019/SnapShots/042b4bd8361b856bbc000000000000000b0003b657"
                    },
                    {
                        "@odata.id":  "/redfish/v1/Storage/AC-109032/StoragePools/Default/Volumes/SCSCOM2019/SnapShots/042b4bd8361b856bbc000000000000000b00039642"
                    },
                    {
                        "@odata.id":  "/redfish/v1/Storage/AC-109032/StoragePools/Default/Volumes/SCSCOM2019/SnapShots/042b4bd8361b856bbc000000000000000b0003bcbf"
                    },
                    {
                        "@odata.id":  "/redfish/v1/Storage/AC-109032/StoragePools/Default/Volumes/SCSCOM2019/SnapShots/042b4bd8361b856bbc000000000000000b0003b608"
                    },
                    {
                        "@odata.id":  "/redfish/v1/Storage/AC-109032/StoragePools/Default/Volumes/SCSCOM2019/SnapShots/042b4bd8361b856bbc000000000000000b00032e58"
                    },
                    {
                        "@odata.id":  "/redfish/v1/Storage/AC-109032/StoragePools/Default/Volumes/SCSCOM2019/SnapShots/042b4bd8361b856bbc000000000000000b0003b42e"
                    },
                    {
                        "@odata.id":  "/redfish/v1/Storage/AC-109032/StoragePools/Default/Volumes/SCSCOM2019/SnapShots/042b4bd8361b856bbc000000000000000b0003bc37"
                    },
                    {
                        "@odata.id":  "/redfish/v1/Storage/AC-109032/StoragePools/Default/Volumes/SCSCOM2019/SnapShots/042b4bd8361b856bbc000000000000000b00037497"
                    },
                    {
                        "@odata.id":  "/redfish/v1/Storage/AC-109032/StoragePools/Default/Volumes/SCSCOM2019/SnapShots/042b4bd8361b856bbc000000000000000b0003bd8b"
                    },
                    {
                        "@odata.id":  "/redfish/v1/Storage/AC-109032/StoragePools/Default/Volumes/SCSCOM2019/SnapShots/042b4bd8361b856bbc000000000000000b00035eaf"
                    },
                    {
                        "@odata.id":  "/redfish/v1/Storage/AC-109032/StoragePools/Default/Volumes/SCSCOM2019/SnapShots/042b4bd8361b856bbc000000000000000b0003b7e2"
                    },
                    {
                        "@odata.id":  "/redfish/v1/Storage/AC-109032/StoragePools/Default/Volumes/SCSCOM2019/SnapShots/042b4bd8361b856bbc000000000000000b0003b793"
                    },
                    {
                        "@odata.id":  "/redfish/v1/Storage/AC-109032/StoragePools/Default/Volumes/SCSCOM2019/SnapShots/042b4bd8361b856bbc000000000000000b0003bd47"
                    },
                    {
                        "@odata.id":  "/redfish/v1/Storage/AC-109032/StoragePools/Default/Volumes/SCSCOM2019/SnapShots/042b4bd8361b856bbc000000000000000b00039da8"
                    },
                    {
                        "@odata.id":  "/redfish/v1/Storage/AC-109032/StoragePools/Default/Volumes/SCSCOM2019/SnapShots/042b4bd8361b856bbc000000000000000b0003b1d3"
                    },
                    {
                        "@odata.id":  "/redfish/v1/Storage/AC-109032/StoragePools/Default/Volumes/SCSCOM2019/SnapShots/042b4bd8361b856bbc000000000000000b0003be57"
                    }
                ]
}