{
    "@odata.context":  "/redfish/v1/$metadata#Endpoint.Endpoint",
    "@odata.id":  "/redfish/v1/StorageServices/S1/Endpoints/iqn.1991-05.com.microsoft:riker.lionetti.lab",
    "@odata.type":  "#Endpoint.v1_3_0.Endpoint",
    "Name":  "Riker-IQN",
    "Description":  "This instance represents an initiator",
    "Status":  {
                   "State":  "Enabled",
                   "Health":  "OK"
               },
    "Identifiers":  [
                        {
                            "DurableName":  "iqn.1991-05.com.microsoft:riker.lionetti.lab",
                            "DurableNameFormat":  "NAA"
                        }
                    ],
    "Id":  "iqn.1991-05.com.microsoft:riker.lionetti.lab"
}