{
    "@Redfish.Copyright":  "Copyright 2014-2016 HPE and DMTF",
    "@odata.id":  "/redfish/v1/AccountService/Roles/poweruser",
    "@odata.type":  "#Role.v1_2_4.Role",
    "Name":  "poweruser",
    "IsPredefined":  true,
    "Id":  "poweruser",
    "Description":  "Power User Role",
    "RoleId":  "poweruser",
    "AssignedPrivileges":  [
                               "Login",
                               "ConfigureSelf",
                               "ConfigureManager",
                               "ConfigureComponents"
                           ]
}