{
    "@Redfish.Copyright":  "Copyright 2014-2016 Distributed Management Task Force, Inc. (DMTF). For the full DMTF copyright policy, see http://www.dmtf.org/about/policies/copyright.",
    "@odata.context":  "/redfish/v1/$metadata#Event.Event",
    "@odata.id":  "/redfish/v1/EventService/Event/182b4bd8361b856bbc000000000000000000027ffa",
    "@odata.type":  "#Event.Event",
    "Name":  "Event Array",
    "Id":  "182b4bd8361b856bbc000000000000000000027ffa",
    "Events":  {
                   "EventId":  6025,
                   "Message":  "Software update to version 5.0.8.0-677726-opt started on controller A",
                   "EventTimestamp":  1585768955,
                   "EventType":  "update",
                   "Severity":  "notice"
               }
}