{
    "@odata.context":  "/redfish/v1/$metadata#StorageGroup.StorageGroup",
    "@odata.id":  "/redfish/v1/StorageServices/S1/StorageGroups/00c0ff50437d000052ab465f01000000_00c0ff504392000079aa465f01010000",
    "@odata.type":  "#StorageGroup.v1_2_0.StorageGroup",
    "Description":  "Mapping Information",
    "Id":  "00c0ff50437d000052ab465f01000000_00c0ff504392000079aa465f01010000",
    "Name":  "Crush50_00c0ff504392000079aa465f01010000",
    "AccessCapabilities":  [
                               "Read",
                               "Write"
                           ],
    "MappedVolumes":  [
                          {
                              "LogicalUnitNumber":  "1",
                              "Volume":  {
                                             "@odata.id":  "/redfish/v1/StorageServices/S1/Volumes/00c0ff50437d000052ab465f01000000"
                                         }
                          }
                      ],
    "ClientEndpointGroups":  [
                                 {
                                     "@odata.id":  "/redfish/v1/StorageServices/S1/EndpointGroups/00c0ff504392000079aa465f01010000"
                                 }
                             ],
    "ServerEndpointGroups":  [
                                 {
                                     "@odata.id":  "/redfish/v1/StorageServices/S1/EndpointGroups/A1"
                                 },
                                 {
                                     "@odata.id":  "/redfish/v1/StorageServices/S1/EndpointGroups/B1"
                                 },
                                 {
                                     "@odata.id":  "/redfish/v1/StorageServices/S1/EndpointGroups/A2"
                                 },
                                 {
                                     "@odata.id":  "/redfish/v1/StorageServices/S1/EndpointGroups/B2"
                                 },
                                 {
                                     "@odata.id":  "/redfish/v1/StorageServices/S1/EndpointGroups/A3"
                                 },
                                 {
                                     "@odata.id":  "/redfish/v1/StorageServices/S1/EndpointGroups/B3"
                                 },
                                 {
                                     "@odata.id":  "/redfish/v1/StorageServices/S1/EndpointGroups/A4"
                                 },
                                 {
                                     "@odata.id":  "/redfish/v1/StorageServices/S1/EndpointGroups/B4"
                                 }
                             ],
    "AccessState":  "Optimized",
    "Status":  {
                   "State":  "Enabled",
                   "Health":  "OK",
                   "HealthRollup":  "OK"
               },
    "MembersAreConsistent":  true,
    "VolumesAreExposed":  true
}