{
    "@Redfish.Copyright":  "Copyright 2014-2016 Distributed Management Task Force, Inc. (DMTF). For the full DMTF copyright policy, see http://www.dmtf.org/about/policies/copyright.",
    "@odata.id":  "/redfish/v1/StorageSystems/AC-109032/ConsistencyGroups/SystemCenter2019",
    "@odata.type":  "#ConsistencyGroup.v1_0_1.ConsistencyGroup",
    "Name":  "SystemCenter2019",
    "Id":  "072b4bd8361b856bbc000000000000000000000006",
    "Description":  "Volume Collection (used as a Consistency Group)",
    "Volumes@odata.count":  3,
    "ConsistencyMethod":  "other",
    "ConsistencyType":  "none",
    "IsConsistent":  false,
    "Status":  "Ok",
    "ReplicaInfo":  "",
    "ReplicaType":  "snapshot",
    "Volumes":  [
                    {
                        "@odata.id":  "/redfish/v1/StorageServices/AC-109032/Volumes/SCSQL2017"
                    },
                    {
                        "@odata.id":  "/redfish/v1/StorageServices/AC-109032/Volumes/SCSCOM2019"
                    },
                    {
                        "@odata.id":  "/redfish/v1/StorageServices/AC-109032/Volumes/SCVMM2019"
                    }
                ],
    "DataProtectonLineOfService":  [
                                       {
                                           "@odata.id":  "/redfish/v1/StorageServices/AC-109032/LineOfService/DataProtectionLineOfService/0c2b4bd8361b856bbc00000000000000000000000a"
                                       },
                                       {
                                           "@odata.id":  "/redfish/v1/StorageServices/AC-109032/LineOfService/DataProtectionLineOfService/0c2b4bd8361b856bbc000000000000000000000010"
                                       }
                                   ]
}