{
    "@Redfish.Copyright":  "Copyright 2014-2016 Distributed Management Task Force, Inc. (DMTF). For the full DMTF copyright policy, see http://www.dmtf.org/about/policies/copyright.",
    "@odata.id":  "/redfish/v1//StorageSystems/AC-109032/Volumes/DS9HyperVReplica/Snapshots",
    "@odata.type":  "#SnapshotsCollection.v1_0_0.SnapshotsCollection",
    "Name":  "NimbleSnapshotCollection",
    "Members@odata.count":  61,
    "Members":  [
                    {
                        "@odata.id":  "/redfish/v1/StorageSystems/AC-109032/Volumes/DS9HyperVReplica/SnapShots/042b4bd8361b856bbc00000000000000200002f41d"
                    },
                    {
                        "@odata.id":  "/redfish/v1/StorageSystems/AC-109032/Volumes/DS9HyperVReplica/SnapShots/042b4bd8361b856bbc00000000000000200002f3cf"
                    },
                    {
                        "@odata.id":  "/redfish/v1/StorageSystems/AC-109032/Volumes/DS9HyperVReplica/SnapShots/042b4bd8361b856bbc00000000000000200002f381"
                    },
                    {
                        "@odata.id":  "/redfish/v1/StorageSystems/AC-109032/Volumes/DS9HyperVReplica/SnapShots/042b4bd8361b856bbc00000000000000200002f333"
                    },
                    {
                        "@odata.id":  "/redfish/v1/StorageSystems/AC-109032/Volumes/DS9HyperVReplica/SnapShots/042b4bd8361b856bbc00000000000000200002f2e5"
                    },
                    {
                        "@odata.id":  "/redfish/v1/StorageSystems/AC-109032/Volumes/DS9HyperVReplica/SnapShots/042b4bd8361b856bbc00000000000000200002ea3a"
                    },
                    {
                        "@odata.id":  "/redfish/v1/StorageSystems/AC-109032/Volumes/DS9HyperVReplica/SnapShots/042b4bd8361b856bbc00000000000000200002e1d1"
                    },
                    {
                        "@odata.id":  "/redfish/v1/StorageSystems/AC-109032/Volumes/DS9HyperVReplica/SnapShots/042b4bd8361b856bbc00000000000000200002e183"
                    },
                    {
                        "@odata.id":  "/redfish/v1/StorageSystems/AC-109032/Volumes/DS9HyperVReplica/SnapShots/042b4bd8361b856bbc00000000000000200002e135"
                    },
                    {
                        "@odata.id":  "/redfish/v1/StorageSystems/AC-109032/Volumes/DS9HyperVReplica/SnapShots/042b4bd8361b856bbc00000000000000200002e0e5"
                    },
                    {
                        "@odata.id":  "/redfish/v1/StorageSystems/AC-109032/Volumes/DS9HyperVReplica/SnapShots/042b4bd8361b856bbc00000000000000200002e094"
                    },
                    {
                        "@odata.id":  "/redfish/v1/StorageSystems/AC-109032/Volumes/DS9HyperVReplica/SnapShots/042b4bd8361b856bbc00000000000000200002e043"
                    },
                    {
                        "@odata.id":  "/redfish/v1/StorageSystems/AC-109032/Volumes/DS9HyperVReplica/SnapShots/042b4bd8361b856bbc00000000000000200002dff3"
                    },
                    {
                        "@odata.id":  "/redfish/v1/StorageSystems/AC-109032/Volumes/DS9HyperVReplica/SnapShots/042b4bd8361b856bbc00000000000000200002dfa2"
                    },
                    {
                        "@odata.id":  "/redfish/v1/StorageSystems/AC-109032/Volumes/DS9HyperVReplica/SnapShots/042b4bd8361b856bbc00000000000000200002df51"
                    },
                    {
                        "@odata.id":  "/redfish/v1/StorageSystems/AC-109032/Volumes/DS9HyperVReplica/SnapShots/042b4bd8361b856bbc00000000000000200002df00"
                    },
                    {
                        "@odata.id":  "/redfish/v1/StorageSystems/AC-109032/Volumes/DS9HyperVReplica/SnapShots/042b4bd8361b856bbc00000000000000200002da93"
                    },
                    {
                        "@odata.id":  "/redfish/v1/StorageSystems/AC-109032/Volumes/DS9HyperVReplica/SnapShots/042b4bd8361b856bbc00000000000000200002da45"
                    },
                    {
                        "@odata.id":  "/redfish/v1/StorageSystems/AC-109032/Volumes/DS9HyperVReplica/SnapShots/042b4bd8361b856bbc00000000000000200002d9f7"
                    },
                    {
                        "@odata.id":  "/redfish/v1/StorageSystems/AC-109032/Volumes/DS9HyperVReplica/SnapShots/042b4bd8361b856bbc00000000000000200002d9a7"
                    },
                    {
                        "@odata.id":  "/redfish/v1/StorageSystems/AC-109032/Volumes/DS9HyperVReplica/SnapShots/042b4bd8361b856bbc00000000000000200002d956"
                    },
                    {
                        "@odata.id":  "/redfish/v1/StorageSystems/AC-109032/Volumes/DS9HyperVReplica/SnapShots/042b4bd8361b856bbc00000000000000200002d905"
                    },
                    {
                        "@odata.id":  "/redfish/v1/StorageSystems/AC-109032/Volumes/DS9HyperVReplica/SnapShots/042b4bd8361b856bbc00000000000000200002d8b5"
                    },
                    {
                        "@odata.id":  "/redfish/v1/StorageSystems/AC-109032/Volumes/DS9HyperVReplica/SnapShots/042b4bd8361b856bbc00000000000000200002d864"
                    },
                    {
                        "@odata.id":  "/redfish/v1/StorageSystems/AC-109032/Volumes/DS9HyperVReplica/SnapShots/042b4bd8361b856bbc00000000000000200002d813"
                    },
                    {
                        "@odata.id":  "/redfish/v1/StorageSystems/AC-109032/Volumes/DS9HyperVReplica/SnapShots/042b4bd8361b856bbc00000000000000200002d7c2"
                    },
                    {
                        "@odata.id":  "/redfish/v1/StorageSystems/AC-109032/Volumes/DS9HyperVReplica/SnapShots/042b4bd8361b856bbc00000000000000200002d355"
                    },
                    {
                        "@odata.id":  "/redfish/v1/StorageSystems/AC-109032/Volumes/DS9HyperVReplica/SnapShots/042b4bd8361b856bbc00000000000000200002d307"
                    },
                    {
                        "@odata.id":  "/redfish/v1/StorageSystems/AC-109032/Volumes/DS9HyperVReplica/SnapShots/042b4bd8361b856bbc00000000000000200002d2b9"
                    },
                    {
                        "@odata.id":  "/redfish/v1/StorageSystems/AC-109032/Volumes/DS9HyperVReplica/SnapShots/042b4bd8361b856bbc00000000000000200002d26b"
                    },
                    {
                        "@odata.id":  "/redfish/v1/StorageSystems/AC-109032/Volumes/DS9HyperVReplica/SnapShots/042b4bd8361b856bbc00000000000000200002d21d"
                    },
                    {
                        "@odata.id":  "/redfish/v1/StorageSystems/AC-109032/Volumes/DS9HyperVReplica/SnapShots/042b4bd8361b856bbc00000000000000200002d1cf"
                    },
                    {
                        "@odata.id":  "/redfish/v1/StorageSystems/AC-109032/Volumes/DS9HyperVReplica/SnapShots/042b4bd8361b856bbc00000000000000200002d181"
                    },
                    {
                        "@odata.id":  "/redfish/v1/StorageSystems/AC-109032/Volumes/DS9HyperVReplica/SnapShots/042b4bd8361b856bbc00000000000000200002d133"
                    },
                    {
                        "@odata.id":  "/redfish/v1/StorageSystems/AC-109032/Volumes/DS9HyperVReplica/SnapShots/042b4bd8361b856bbc00000000000000200002d0e5"
                    },
                    {
                        "@odata.id":  "/redfish/v1/StorageSystems/AC-109032/Volumes/DS9HyperVReplica/SnapShots/042b4bd8361b856bbc00000000000000200002d097"
                    },
                    {
                        "@odata.id":  "/redfish/v1/StorageSystems/AC-109032/Volumes/DS9HyperVReplica/SnapShots/042b4bd8361b856bbc000000000000002000013d3d"
                    },
                    {
                        "@odata.id":  "/redfish/v1/StorageSystems/AC-109032/Volumes/DS9HyperVReplica/SnapShots/042b4bd8361b856bbc000000000000002000010d6e"
                    },
                    {
                        "@odata.id":  "/redfish/v1/StorageSystems/AC-109032/Volumes/DS9HyperVReplica/SnapShots/042b4bd8361b856bbc00000000000000200002cba9"
                    },
                    {
                        "@odata.id":  "/redfish/v1/StorageSystems/AC-109032/Volumes/DS9HyperVReplica/SnapShots/042b4bd8361b856bbc00000000000000200000ddbf"
                    },
                    {
                        "@odata.id":  "/redfish/v1/StorageSystems/AC-109032/Volumes/DS9HyperVReplica/SnapShots/042b4bd8361b856bbc00000000000000200002ca5a"
                    },
                    {
                        "@odata.id":  "/redfish/v1/StorageSystems/AC-109032/Volumes/DS9HyperVReplica/SnapShots/042b4bd8361b856bbc0000000000000020000093e0"
                    },
                    {
                        "@odata.id":  "/redfish/v1/StorageSystems/AC-109032/Volumes/DS9HyperVReplica/SnapShots/042b4bd8361b856bbc00000000000000200002c558"
                    },
                    {
                        "@odata.id":  "/redfish/v1/StorageSystems/AC-109032/Volumes/DS9HyperVReplica/SnapShots/042b4bd8361b856bbc000000000000002000019c9b"
                    },
                    {
                        "@odata.id":  "/redfish/v1/StorageSystems/AC-109032/Volumes/DS9HyperVReplica/SnapShots/042b4bd8361b856bbc00000000000000200002ba8b"
                    },
                    {
                        "@odata.id":  "/redfish/v1/StorageSystems/AC-109032/Volumes/DS9HyperVReplica/SnapShots/042b4bd8361b856bbc00000000000000200002cb66"
                    },
                    {
                        "@odata.id":  "/redfish/v1/StorageSystems/AC-109032/Volumes/DS9HyperVReplica/SnapShots/042b4bd8361b856bbc000000000000002000016cec"
                    },
                    {
                        "@odata.id":  "/redfish/v1/StorageSystems/AC-109032/Volumes/DS9HyperVReplica/SnapShots/042b4bd8361b856bbc000000000000002000025b2d"
                    },
                    {
                        "@odata.id":  "/redfish/v1/StorageSystems/AC-109032/Volumes/DS9HyperVReplica/SnapShots/042b4bd8361b856bbc00000000000000200001cc4a"
                    },
                    {
                        "@odata.id":  "/redfish/v1/StorageSystems/AC-109032/Volumes/DS9HyperVReplica/SnapShots/042b4bd8361b856bbc000000000000002000022bc0"
                    },
                    {
                        "@odata.id":  "/redfish/v1/StorageSystems/AC-109032/Volumes/DS9HyperVReplica/SnapShots/042b4bd8361b856bbc00000000000000200002ca17"
                    },
                    {
                        "@odata.id":  "/redfish/v1/StorageSystems/AC-109032/Volumes/DS9HyperVReplica/SnapShots/042b4bd8361b856bbc00000000000000200002cb23"
                    },
                    {
                        "@odata.id":  "/redfish/v1/StorageSystems/AC-109032/Volumes/DS9HyperVReplica/SnapShots/042b4bd8361b856bbc00000000000000200001fbf9"
                    },
                    {
                        "@odata.id":  "/redfish/v1/StorageSystems/AC-109032/Volumes/DS9HyperVReplica/SnapShots/042b4bd8361b856bbc000000000000002000028adc"
                    },
                    {
                        "@odata.id":  "/redfish/v1/StorageSystems/AC-109032/Volumes/DS9HyperVReplica/SnapShots/042b4bd8361b856bbc00000000000000200002cae0"
                    },
                    {
                        "@odata.id":  "/redfish/v1/StorageSystems/AC-109032/Volumes/DS9HyperVReplica/SnapShots/042b4bd8361b856bbc00000000000000200002cc72"
                    },
                    {
                        "@odata.id":  "/redfish/v1/StorageSystems/AC-109032/Volumes/DS9HyperVReplica/SnapShots/042b4bd8361b856bbc00000000000000200002c5f4"
                    },
                    {
                        "@odata.id":  "/redfish/v1/StorageSystems/AC-109032/Volumes/DS9HyperVReplica/SnapShots/042b4bd8361b856bbc00000000000000200002cc2f"
                    },
                    {
                        "@odata.id":  "/redfish/v1/StorageSystems/AC-109032/Volumes/DS9HyperVReplica/SnapShots/042b4bd8361b856bbc00000000000000200002c5a6"
                    },
                    {
                        "@odata.id":  "/redfish/v1/StorageSystems/AC-109032/Volumes/DS9HyperVReplica/SnapShots/042b4bd8361b856bbc00000000000000200002cbec"
                    },
                    {
                        "@odata.id":  "/redfish/v1/StorageSystems/AC-109032/Volumes/DS9HyperVReplica/SnapShots/042b4bd8361b856bbc00000000000000200002ca9d"
                    }
                ]
}