{
    "@odata.context":  "/redfish/v1/$metadata#Drive.Drive",
    "@odata.id":  "/redfish/v1/StorageServices/S1/Drives/1.10",
    "@odata.type":  "#Drive.v1_5_2.Drive",
    "Id":  "1.10",
    "Name":  "1.10",
    "CapacityBytes":  1800360124416,
    "FailurePredicted":  false,
    "RotationSpeedRPM":  10000,
    "BlockSizeBytes":  512,
    "SerialNumber":  "WBN0R5L20000C906RTA6",
    "Revision":  "C003",
    "NegotiatedSpeedGbs":  12.000000,
    "Protocol":  "SAS",
    "MediaType":  "HDD",
    "Manufacturer":  "SEAGATE",
    "PartNumber":  "ST1800MM0129",
    "IndicatorLED":  "Off",
    "EncryptionAbility":  "None",
    "EncryptionStatus":  "Unencrypted",
    "Operations":  [
                       {
                           "OperationName":  "NoUtilityRunning",
                           "PercentageComplete":  73
                       }
                   ],
    "PhysicalLocation":  {
                             "PartLocation":  {
                                                  "LocationOrdinalValue":  10,
                                                  "LocationType":  "Slot"
                                              }
                         },
    "Status":  {
                   "State":  "Enabled",
                   "Health":  "OK"
               },
    "Identifiers":  [
                        {
                            "DurableNameFormat":  "NAA",
                            "DurableName":  "disk_01.10"
                        }
                    ],
    "Links":  {
                  "Volumes":  [
                                  {
                                      "@odata.id":  "/redfish/v1/StorageServices/S1/Volumes/00c0ff50437d0000d9c73e5f01000000"
                                  },
                                  {
                                      "@odata.id":  "/redfish/v1/StorageServices/S1/Volumes/00c0ff50437d000052ab465f01000000"
                                  }
                              ],
                  "Chassis":  {
                                  "@odata.id":  "/redfish/v1/Chassis/enclosure_1"
                              },
                  "Endpoints":  [
                                    {
                                        "@odata.id":  "/redfish/v1/StorageServices/S1/Endpoints/A1"
                                    },
                                    {
                                        "@odata.id":  "/redfish/v1/StorageServices/S1/Endpoints/A2"
                                    },
                                    {
                                        "@odata.id":  "/redfish/v1/StorageServices/S1/Endpoints/A3"
                                    },
                                    {
                                        "@odata.id":  "/redfish/v1/StorageServices/S1/Endpoints/A4"
                                    },
                                    {
                                        "@odata.id":  "/redfish/v1/StorageServices/S1/Endpoints/B1"
                                    },
                                    {
                                        "@odata.id":  "/redfish/v1/StorageServices/S1/Endpoints/B2"
                                    },
                                    {
                                        "@odata.id":  "/redfish/v1/StorageServices/S1/Endpoints/B3"
                                    },
                                    {
                                        "@odata.id":  "/redfish/v1/StorageServices/S1/Endpoints/B4"
                                    },
                                    {
                                        "@odata.id":  "/redfish/v1/StorageServices/S1/Endpoints/iqn.1991-05.com.microsoft:crusher.lionetti.lab"
                                    },
                                    {
                                        "@odata.id":  "/redfish/v1/StorageServices/S1/Endpoints/iqn.1991-05.com.microsoft:dax.lionetti.lab"
                                    },
                                    {
                                        "@odata.id":  "/redfish/v1/StorageServices/S1/Endpoints/iqn.1991-05.com.microsoft:riker.lionetti.lab"
                                    }
                                ]
              }
}