{
    "@Redfish.Copyright":  "Copyright 2014-2016 Distributed Management Task Force, Inc. (DMTF). For the full DMTF copyright policy, see http://www.dmtf.org/about/policies/copyright.",
    "@odata.id":  "/redfish/v1/StorageSystems/AC-109032/EndpointGroups/Crypt",
    "@odata.type":  "#EndpointGroup.v1_2_0.EndpointGroup",
    "Name":  "Crypt",
    "Description":  "Initiator EndpointGroup for Crypt",
    "GroupType":  "client",
    "Endpoints@odata.count":  1,
    "StorageGroups@odata.count":  5,
    "Endpoints":  [
                      {
                          "@odata.id":  "/redfish/v1/StorageSystems/AC-109032/Endpoints/0b2b4bd8361b856bbc000000000000000000000001"
                      }
                  ],
    "StorageGroups":  [
                          {
                              "@odata.id":  "/redfish/v1/StorageSystems/AC-109032/StorageGroups/0d2b4bd8361b856bbc000000000000000000000001"
                          },
                          {
                              "@odata.id":  "/redfish/v1/StorageSystems/AC-109032/StorageGroups/0d2b4bd8361b856bbc000000000000000000000002"
                          },
                          {
                              "@odata.id":  "/redfish/v1/StorageSystems/AC-109032/StorageGroups/0d2b4bd8361b856bbc000000000000000000000003"
                          },
                          {
                              "@odata.id":  "/redfish/v1/StorageSystems/AC-109032/StorageGroups/0d2b4bd8361b856bbc000000000000000000000004"
                          },
                          {
                              "@odata.id":  "/redfish/v1/StorageSystems/AC-109032/StorageGroups/0d2b4bd8361b856bbc00000000000000000000000e"
                          }
                      ]
}