{
    "@Redfish.Copyright":  "Copyright 2014-2016 Distributed Management Task Force, Inc. (DMTF). For the full DMTF copyright policy, see http://www.dmtf.org/about/policies/copyright.",
    "@odata.context":  "/redfish/v1/$metadata#ManagerAccountCollection.ManagerAccountCollection",
    "@odata.id":  "/redfish/v1/AccountService/Accounts",
    "@odata.type":  "#ManagerAccountCollection.ManagerAccountCollection",
    "Name":  "Account Collection",
    "Members@odata.count":  5,
    "Members":  [
                    {
                        "@odata.id":  "/redfish/v1/AccountService/Accounts/test2"
                    },
                    {
                        "@odata.id":  "/redfish/v1/AccountService/Accounts/test"
                    },
                    {
                        "@odata.id":  "/redfish/v1/AccountService/Accounts/chris"
                    },
                    {
                        "@odata.id":  "/redfish/v1/AccountService/Accounts/test3"
                    },
                    {
                        "@odata.id":  "/redfish/v1/AccountService/Accounts/admin"
                    }
                ]
}