{
    "@Redfish.Copyright":  "Copyright 2014-2016 HPE and DMTF",
    "@odata.id":  "/redfish/v1/Fabric/AC-109032/Zones/Borg",
    "@odata.type":  "#Zones.v1_0_0.Zones",
    "Name":  "Borg",
    "Description":  "Initiator EndpointGroup (Zone) for Borg",
    "GroupType":  "Client",
    "Endpoints@odata.count":  1,
    "Connections@odata.count":  3,
    "Endpoints":  [
                      {
                          "@odata.id":  "/redfish/v1/Fabrics/AC-109032/Endpoints/0b2b4bd8361b856bbc000000000000000000000011"
                      }
                  ],
    "Connections":  [
                        {
                            "@odata.id":  "/redfish/v1/Fabrics/AC-109032/Connections/0d2b4bd8361b856bbc00000000000000000000002f"
                        },
                        {
                            "@odata.id":  "/redfish/v1/Fabrics/AC-109032/Connections/0d2b4bd8361b856bbc000000000000000000000030"
                        },
                        {
                            "@odata.id":  "/redfish/v1/Fabrics/AC-109032/Connections/0d2b4bd8361b856bbc000000000000000000000031"
                        }
                    ]
}