{
    "@Redfish.Copyright":  "Copyright 2014-2016 Distributed Management Task Force, Inc. (DMTF). For the full DMTF copyright policy, see http://www.dmtf.org/about/policies/copyright.",
    "@odata.id":  "/redfish/v1//StorageSystems/AC-109032/Volumes/Crypt-MovsOld/Snapshots",
    "@odata.type":  "#SnapshotsCollection.v1_0_0.SnapshotsCollection",
    "Name":  "NimbleSnapshotCollection",
    "Members@odata.count":  48,
    "Members":  [
                    {
                        "@odata.id":  "/redfish/v1/StorageSystems/AC-109032/Volumes/Crypt-MovsOld/SnapShots/042b4bd8361b856bbc00000000000000020002f41a"
                    },
                    {
                        "@odata.id":  "/redfish/v1/StorageSystems/AC-109032/Volumes/Crypt-MovsOld/SnapShots/042b4bd8361b856bbc00000000000000020002f3cc"
                    },
                    {
                        "@odata.id":  "/redfish/v1/StorageSystems/AC-109032/Volumes/Crypt-MovsOld/SnapShots/042b4bd8361b856bbc00000000000000020002f37e"
                    },
                    {
                        "@odata.id":  "/redfish/v1/StorageSystems/AC-109032/Volumes/Crypt-MovsOld/SnapShots/042b4bd8361b856bbc00000000000000020002f330"
                    },
                    {
                        "@odata.id":  "/redfish/v1/StorageSystems/AC-109032/Volumes/Crypt-MovsOld/SnapShots/042b4bd8361b856bbc00000000000000020002f2e2"
                    },
                    {
                        "@odata.id":  "/redfish/v1/StorageSystems/AC-109032/Volumes/Crypt-MovsOld/SnapShots/042b4bd8361b856bbc00000000000000020002ef86"
                    },
                    {
                        "@odata.id":  "/redfish/v1/StorageSystems/AC-109032/Volumes/Crypt-MovsOld/SnapShots/042b4bd8361b856bbc00000000000000020002ef43"
                    },
                    {
                        "@odata.id":  "/redfish/v1/StorageSystems/AC-109032/Volumes/Crypt-MovsOld/SnapShots/042b4bd8361b856bbc00000000000000020002ef00"
                    },
                    {
                        "@odata.id":  "/redfish/v1/StorageSystems/AC-109032/Volumes/Crypt-MovsOld/SnapShots/042b4bd8361b856bbc00000000000000020002eebd"
                    },
                    {
                        "@odata.id":  "/redfish/v1/StorageSystems/AC-109032/Volumes/Crypt-MovsOld/SnapShots/042b4bd8361b856bbc00000000000000020002ee7a"
                    },
                    {
                        "@odata.id":  "/redfish/v1/StorageSystems/AC-109032/Volumes/Crypt-MovsOld/SnapShots/042b4bd8361b856bbc00000000000000020002ee37"
                    },
                    {
                        "@odata.id":  "/redfish/v1/StorageSystems/AC-109032/Volumes/Crypt-MovsOld/SnapShots/042b4bd8361b856bbc00000000000000020002edf2"
                    },
                    {
                        "@odata.id":  "/redfish/v1/StorageSystems/AC-109032/Volumes/Crypt-MovsOld/SnapShots/042b4bd8361b856bbc00000000000000020002edac"
                    },
                    {
                        "@odata.id":  "/redfish/v1/StorageSystems/AC-109032/Volumes/Crypt-MovsOld/SnapShots/042b4bd8361b856bbc00000000000000020002ed66"
                    },
                    {
                        "@odata.id":  "/redfish/v1/StorageSystems/AC-109032/Volumes/Crypt-MovsOld/SnapShots/042b4bd8361b856bbc00000000000000020002ed21"
                    },
                    {
                        "@odata.id":  "/redfish/v1/StorageSystems/AC-109032/Volumes/Crypt-MovsOld/SnapShots/042b4bd8361b856bbc00000000000000020002ecdb"
                    },
                    {
                        "@odata.id":  "/redfish/v1/StorageSystems/AC-109032/Volumes/Crypt-MovsOld/SnapShots/042b4bd8361b856bbc00000000000000020002ec95"
                    },
                    {
                        "@odata.id":  "/redfish/v1/StorageSystems/AC-109032/Volumes/Crypt-MovsOld/SnapShots/042b4bd8361b856bbc00000000000000020002ec4f"
                    },
                    {
                        "@odata.id":  "/redfish/v1/StorageSystems/AC-109032/Volumes/Crypt-MovsOld/SnapShots/042b4bd8361b856bbc00000000000000020002e92f"
                    },
                    {
                        "@odata.id":  "/redfish/v1/StorageSystems/AC-109032/Volumes/Crypt-MovsOld/SnapShots/042b4bd8361b856bbc00000000000000020002e8ec"
                    },
                    {
                        "@odata.id":  "/redfish/v1/StorageSystems/AC-109032/Volumes/Crypt-MovsOld/SnapShots/042b4bd8361b856bbc00000000000000020002e8a9"
                    },
                    {
                        "@odata.id":  "/redfish/v1/StorageSystems/AC-109032/Volumes/Crypt-MovsOld/SnapShots/042b4bd8361b856bbc00000000000000020002e866"
                    },
                    {
                        "@odata.id":  "/redfish/v1/StorageSystems/AC-109032/Volumes/Crypt-MovsOld/SnapShots/042b4bd8361b856bbc00000000000000020002e823"
                    },
                    {
                        "@odata.id":  "/redfish/v1/StorageSystems/AC-109032/Volumes/Crypt-MovsOld/SnapShots/042b4bd8361b856bbc00000000000000020002e7e0"
                    },
                    {
                        "@odata.id":  "/redfish/v1/StorageSystems/AC-109032/Volumes/Crypt-MovsOld/SnapShots/042b4bd8361b856bbc00000000000000020002e79b"
                    },
                    {
                        "@odata.id":  "/redfish/v1/StorageSystems/AC-109032/Volumes/Crypt-MovsOld/SnapShots/042b4bd8361b856bbc00000000000000020002e755"
                    },
                    {
                        "@odata.id":  "/redfish/v1/StorageSystems/AC-109032/Volumes/Crypt-MovsOld/SnapShots/042b4bd8361b856bbc00000000000000020002e70f"
                    },
                    {
                        "@odata.id":  "/redfish/v1/StorageSystems/AC-109032/Volumes/Crypt-MovsOld/SnapShots/042b4bd8361b856bbc00000000000000020002e6ca"
                    },
                    {
                        "@odata.id":  "/redfish/v1/StorageSystems/AC-109032/Volumes/Crypt-MovsOld/SnapShots/042b4bd8361b856bbc00000000000000020002e684"
                    },
                    {
                        "@odata.id":  "/redfish/v1/StorageSystems/AC-109032/Volumes/Crypt-MovsOld/SnapShots/042b4bd8361b856bbc00000000000000020002e63e"
                    },
                    {
                        "@odata.id":  "/redfish/v1/StorageSystems/AC-109032/Volumes/Crypt-MovsOld/SnapShots/042b4bd8361b856bbc00000000000000020002e5f8"
                    },
                    {
                        "@odata.id":  "/redfish/v1/StorageSystems/AC-109032/Volumes/Crypt-MovsOld/SnapShots/042b4bd8361b856bbc00000000000000020002e2b8"
                    },
                    {
                        "@odata.id":  "/redfish/v1/StorageSystems/AC-109032/Volumes/Crypt-MovsOld/SnapShots/042b4bd8361b856bbc00000000000000020002e26a"
                    },
                    {
                        "@odata.id":  "/redfish/v1/StorageSystems/AC-109032/Volumes/Crypt-MovsOld/SnapShots/042b4bd8361b856bbc00000000000000020002e21c"
                    },
                    {
                        "@odata.id":  "/redfish/v1/StorageSystems/AC-109032/Volumes/Crypt-MovsOld/SnapShots/042b4bd8361b856bbc00000000000000020002e1ce"
                    },
                    {
                        "@odata.id":  "/redfish/v1/StorageSystems/AC-109032/Volumes/Crypt-MovsOld/SnapShots/042b4bd8361b856bbc00000000000000020002e180"
                    },
                    {
                        "@odata.id":  "/redfish/v1/StorageSystems/AC-109032/Volumes/Crypt-MovsOld/SnapShots/042b4bd8361b856bbc00000000000000020002e132"
                    },
                    {
                        "@odata.id":  "/redfish/v1/StorageSystems/AC-109032/Volumes/Crypt-MovsOld/SnapShots/042b4bd8361b856bbc00000000000000020002e0e2"
                    },
                    {
                        "@odata.id":  "/redfish/v1/StorageSystems/AC-109032/Volumes/Crypt-MovsOld/SnapShots/042b4bd8361b856bbc00000000000000020002e091"
                    },
                    {
                        "@odata.id":  "/redfish/v1/StorageSystems/AC-109032/Volumes/Crypt-MovsOld/SnapShots/042b4bd8361b856bbc00000000000000020002e040"
                    },
                    {
                        "@odata.id":  "/redfish/v1/StorageSystems/AC-109032/Volumes/Crypt-MovsOld/SnapShots/042b4bd8361b856bbc00000000000000020002dff0"
                    },
                    {
                        "@odata.id":  "/redfish/v1/StorageSystems/AC-109032/Volumes/Crypt-MovsOld/SnapShots/042b4bd8361b856bbc00000000000000020002df9f"
                    },
                    {
                        "@odata.id":  "/redfish/v1/StorageSystems/AC-109032/Volumes/Crypt-MovsOld/SnapShots/042b4bd8361b856bbc00000000000000020002df4e"
                    },
                    {
                        "@odata.id":  "/redfish/v1/StorageSystems/AC-109032/Volumes/Crypt-MovsOld/SnapShots/042b4bd8361b856bbc00000000000000020002defd"
                    },
                    {
                        "@odata.id":  "/redfish/v1/StorageSystems/AC-109032/Volumes/Crypt-MovsOld/SnapShots/042b4bd8361b856bbc00000000000000020002db7a"
                    },
                    {
                        "@odata.id":  "/redfish/v1/StorageSystems/AC-109032/Volumes/Crypt-MovsOld/SnapShots/042b4bd8361b856bbc00000000000000020002db2c"
                    },
                    {
                        "@odata.id":  "/redfish/v1/StorageSystems/AC-109032/Volumes/Crypt-MovsOld/SnapShots/042b4bd8361b856bbc00000000000000020002dade"
                    },
                    {
                        "@odata.id":  "/redfish/v1/StorageSystems/AC-109032/Volumes/Crypt-MovsOld/SnapShots/042b4bd8361b856bbc00000000000000020002da90"
                    }
                ]
}