{
    "@odata.context":  "/redfish/v1/$metadata#StorageGroupCollection.StorageGroupCollection",
    "@odata.type":  "#StorageGroupCollection.StorageGroupCollection",
    "@odata.id":  "/redfish/v1/StorageServices/S1/StorageGroups",
    "Name":  "StorageGroup Collection",
    "Members@odata.count":  2,
    "Members":  [
                    {
                        "@odata.id":  "/redfish/v1/StorageServices/S1/StorageGroups/00c0ff50437d0000d9c73e5f01000000_00c0ff50437d000062a63f5f01010000"
                    },
                    {
                        "@odata.id":  "/redfish/v1/StorageServices/S1/StorageGroups/00c0ff50437d000052ab465f01000000_00c0ff504392000079aa465f01010000"
                    }
                ]
}