{
    "@odata.context":  "/redfish/v1/$metadata#ClassOfService.ClassOfService",
    "@odata.id":  "/redfish/v1/StorageServices/S1/ClassesOfService/MSA-DP+",
    "@odata.type":  "#ClassOfService.v1_1_1.ClassOfService",
    "Id":  "MSA-DP+",
    "Name":  "MSA-DP+ Class of Service",
    "DataStorageLinesOfService":  [
                                      {
                                          "@odata.id":  "/redfish/v1/StorageServices/S1/ClassesOfService/MSA-DP+/DataStorageLineOfService/DSLOS"
                                      }
                                  ]
}