{
    "@Redfish.Copyright":  "Copyright 2014-2016 Distributed Management Task Force, Inc. (DMTF). For the full DMTF copyright policy, see http://www.dmtf.org/about/policies/copyright.",
    "@odata.id":  "/redfish/v1/AccountService/Accounts",
    "@odata.type":  "#ManagerAccountCollection.ManagerAccountCollection",
    "Name":  "Account Collection",
    "Members@odata.count":  5,
    "Members":  [
                    {
                        "@odata.id":  "/redfish/v1/AccountService/Accounts/102b4bd8361b856bbc000000000000000000000006"
                    },
                    {
                        "@odata.id":  "/redfish/v1/AccountService/Accounts/102b4bd8361b856bbc000000000000000000000005"
                    },
                    {
                        "@odata.id":  "/redfish/v1/AccountService/Accounts/102b4bd8361b856bbc000000000000000000000004"
                    },
                    {
                        "@odata.id":  "/redfish/v1/AccountService/Accounts/102b4bd8361b856bbc000000000000000000000007"
                    },
                    {
                        "@odata.id":  "/redfish/v1/AccountService/Accounts/102b4bd8361b856bbc000000000000000000000001"
                    }
                ]
}