{
    "@Redfish.Copyright":  "Copyright 2014-2016 Distributed Management Task Force, Inc. (DMTF). For the full DMTF copyright policy, see http://www.dmtf.org/about/policies/copyright.",
    "@odata.id":  "/redfish/v1//StorageSystems/AC-109032/Volumes/Crypt-MovsOld/Snapshots",
    "@odata.type":  "#SnapshotsCollection.v1_0_0.SnapshotsCollection",
    "Name":  "NimbleSnapshotCollection",
    "Members@odata.count":  48,
    "Members":  [
                    {
                        "@odata.id":  "/redfish/v1/StorageSystems/AC-109032/Volumes/Crypt-MovsOld/SnapShots/042b4bd8361b856bbc00000000000000020002da42"
                    },
                    {
                        "@odata.id":  "/redfish/v1/StorageSystems/AC-109032/Volumes/Crypt-MovsOld/SnapShots/042b4bd8361b856bbc00000000000000020002d9f4"
                    },
                    {
                        "@odata.id":  "/redfish/v1/StorageSystems/AC-109032/Volumes/Crypt-MovsOld/SnapShots/042b4bd8361b856bbc00000000000000020002d9a4"
                    },
                    {
                        "@odata.id":  "/redfish/v1/StorageSystems/AC-109032/Volumes/Crypt-MovsOld/SnapShots/042b4bd8361b856bbc00000000000000020002d953"
                    },
                    {
                        "@odata.id":  "/redfish/v1/StorageSystems/AC-109032/Volumes/Crypt-MovsOld/SnapShots/042b4bd8361b856bbc00000000000000020002d902"
                    },
                    {
                        "@odata.id":  "/redfish/v1/StorageSystems/AC-109032/Volumes/Crypt-MovsOld/SnapShots/042b4bd8361b856bbc00000000000000020002d8b2"
                    },
                    {
                        "@odata.id":  "/redfish/v1/StorageSystems/AC-109032/Volumes/Crypt-MovsOld/SnapShots/042b4bd8361b856bbc00000000000000020002d861"
                    },
                    {
                        "@odata.id":  "/redfish/v1/StorageSystems/AC-109032/Volumes/Crypt-MovsOld/SnapShots/042b4bd8361b856bbc00000000000000020002d810"
                    },
                    {
                        "@odata.id":  "/redfish/v1/StorageSystems/AC-109032/Volumes/Crypt-MovsOld/SnapShots/042b4bd8361b856bbc00000000000000020002d7bf"
                    },
                    {
                        "@odata.id":  "/redfish/v1/StorageSystems/AC-109032/Volumes/Crypt-MovsOld/SnapShots/042b4bd8361b856bbc00000000000000020002d43c"
                    },
                    {
                        "@odata.id":  "/redfish/v1/StorageSystems/AC-109032/Volumes/Crypt-MovsOld/SnapShots/042b4bd8361b856bbc00000000000000020002d3ee"
                    },
                    {
                        "@odata.id":  "/redfish/v1/StorageSystems/AC-109032/Volumes/Crypt-MovsOld/SnapShots/042b4bd8361b856bbc00000000000000020002d3a0"
                    },
                    {
                        "@odata.id":  "/redfish/v1/StorageSystems/AC-109032/Volumes/Crypt-MovsOld/SnapShots/042b4bd8361b856bbc00000000000000020002d352"
                    },
                    {
                        "@odata.id":  "/redfish/v1/StorageSystems/AC-109032/Volumes/Crypt-MovsOld/SnapShots/042b4bd8361b856bbc00000000000000020002d304"
                    },
                    {
                        "@odata.id":  "/redfish/v1/StorageSystems/AC-109032/Volumes/Crypt-MovsOld/SnapShots/042b4bd8361b856bbc00000000000000020002d2b6"
                    },
                    {
                        "@odata.id":  "/redfish/v1/StorageSystems/AC-109032/Volumes/Crypt-MovsOld/SnapShots/042b4bd8361b856bbc00000000000000020002d268"
                    },
                    {
                        "@odata.id":  "/redfish/v1/StorageSystems/AC-109032/Volumes/Crypt-MovsOld/SnapShots/042b4bd8361b856bbc00000000000000020002d21a"
                    },
                    {
                        "@odata.id":  "/redfish/v1/StorageSystems/AC-109032/Volumes/Crypt-MovsOld/SnapShots/042b4bd8361b856bbc00000000000000020002d1cc"
                    },
                    {
                        "@odata.id":  "/redfish/v1/StorageSystems/AC-109032/Volumes/Crypt-MovsOld/SnapShots/042b4bd8361b856bbc00000000000000020002d17e"
                    },
                    {
                        "@odata.id":  "/redfish/v1/StorageSystems/AC-109032/Volumes/Crypt-MovsOld/SnapShots/042b4bd8361b856bbc00000000000000020002d130"
                    },
                    {
                        "@odata.id":  "/redfish/v1/StorageSystems/AC-109032/Volumes/Crypt-MovsOld/SnapShots/042b4bd8361b856bbc00000000000000020002d0e2"
                    },
                    {
                        "@odata.id":  "/redfish/v1/StorageSystems/AC-109032/Volumes/Crypt-MovsOld/SnapShots/042b4bd8361b856bbc00000000000000020002d094"
                    },
                    {
                        "@odata.id":  "/redfish/v1/StorageSystems/AC-109032/Volumes/Crypt-MovsOld/SnapShots/042b4bd8361b856bbc00000000000000020002cd38"
                    },
                    {
                        "@odata.id":  "/redfish/v1/StorageSystems/AC-109032/Volumes/Crypt-MovsOld/SnapShots/042b4bd8361b856bbc00000000000000020002c381"
                    },
                    {
                        "@odata.id":  "/redfish/v1/StorageSystems/AC-109032/Volumes/Crypt-MovsOld/SnapShots/042b4bd8361b856bbc00000000000000020002ccf5"
                    },
                    {
                        "@odata.id":  "/redfish/v1/StorageSystems/AC-109032/Volumes/Crypt-MovsOld/SnapShots/042b4bd8361b856bbc00000000000000020002cba6"
                    },
                    {
                        "@odata.id":  "/redfish/v1/StorageSystems/AC-109032/Volumes/Crypt-MovsOld/SnapShots/042b4bd8361b856bbc00000000000000020002ca57"
                    },
                    {
                        "@odata.id":  "/redfish/v1/StorageSystems/AC-109032/Volumes/Crypt-MovsOld/SnapShots/042b4bd8361b856bbc00000000000000020002c555"
                    },
                    {
                        "@odata.id":  "/redfish/v1/StorageSystems/AC-109032/Volumes/Crypt-MovsOld/SnapShots/042b4bd8361b856bbc00000000000000020002c6db"
                    },
                    {
                        "@odata.id":  "/redfish/v1/StorageSystems/AC-109032/Volumes/Crypt-MovsOld/SnapShots/042b4bd8361b856bbc00000000000000020002cb63"
                    },
                    {
                        "@odata.id":  "/redfish/v1/StorageSystems/AC-109032/Volumes/Crypt-MovsOld/SnapShots/042b4bd8361b856bbc00000000000000020002ccb2"
                    },
                    {
                        "@odata.id":  "/redfish/v1/StorageSystems/AC-109032/Volumes/Crypt-MovsOld/SnapShots/042b4bd8361b856bbc00000000000000020002ca14"
                    },
                    {
                        "@odata.id":  "/redfish/v1/StorageSystems/AC-109032/Volumes/Crypt-MovsOld/SnapShots/042b4bd8361b856bbc00000000000000020002c63f"
                    },
                    {
                        "@odata.id":  "/redfish/v1/StorageSystems/AC-109032/Volumes/Crypt-MovsOld/SnapShots/042b4bd8361b856bbc00000000000000020002c507"
                    },
                    {
                        "@odata.id":  "/redfish/v1/StorageSystems/AC-109032/Volumes/Crypt-MovsOld/SnapShots/042b4bd8361b856bbc00000000000000020002cadd"
                    },
                    {
                        "@odata.id":  "/redfish/v1/StorageSystems/AC-109032/Volumes/Crypt-MovsOld/SnapShots/042b4bd8361b856bbc00000000000000020002c5f1"
                    },
                    {
                        "@odata.id":  "/redfish/v1/StorageSystems/AC-109032/Volumes/Crypt-MovsOld/SnapShots/042b4bd8361b856bbc00000000000000020002cc6f"
                    },
                    {
                        "@odata.id":  "/redfish/v1/StorageSystems/AC-109032/Volumes/Crypt-MovsOld/SnapShots/042b4bd8361b856bbc00000000000000020002c41d"
                    },
                    {
                        "@odata.id":  "/redfish/v1/StorageSystems/AC-109032/Volumes/Crypt-MovsOld/SnapShots/042b4bd8361b856bbc00000000000000020002c4b9"
                    },
                    {
                        "@odata.id":  "/redfish/v1/StorageSystems/AC-109032/Volumes/Crypt-MovsOld/SnapShots/042b4bd8361b856bbc00000000000000020002cb20"
                    },
                    {
                        "@odata.id":  "/redfish/v1/StorageSystems/AC-109032/Volumes/Crypt-MovsOld/SnapShots/042b4bd8361b856bbc00000000000000020002cc2c"
                    },
                    {
                        "@odata.id":  "/redfish/v1/StorageSystems/AC-109032/Volumes/Crypt-MovsOld/SnapShots/042b4bd8361b856bbc00000000000000020002c68d"
                    },
                    {
                        "@odata.id":  "/redfish/v1/StorageSystems/AC-109032/Volumes/Crypt-MovsOld/SnapShots/042b4bd8361b856bbc00000000000000020002c46b"
                    },
                    {
                        "@odata.id":  "/redfish/v1/StorageSystems/AC-109032/Volumes/Crypt-MovsOld/SnapShots/042b4bd8361b856bbc00000000000000020002cbe9"
                    },
                    {
                        "@odata.id":  "/redfish/v1/StorageSystems/AC-109032/Volumes/Crypt-MovsOld/SnapShots/042b4bd8361b856bbc00000000000000020002c3cf"
                    },
                    {
                        "@odata.id":  "/redfish/v1/StorageSystems/AC-109032/Volumes/Crypt-MovsOld/SnapShots/042b4bd8361b856bbc00000000000000020002c333"
                    },
                    {
                        "@odata.id":  "/redfish/v1/StorageSystems/AC-109032/Volumes/Crypt-MovsOld/SnapShots/042b4bd8361b856bbc00000000000000020002ca9a"
                    },
                    {
                        "@odata.id":  "/redfish/v1/StorageSystems/AC-109032/Volumes/Crypt-MovsOld/SnapShots/042b4bd8361b856bbc00000000000000020002c5a3"
                    }
                ]
}