{
    "@Redfish.Copyright":  "Copyright 2014-2016 Distributed Management Task Force, Inc. (DMTF). For the full DMTF copyright policy, see http://www.dmtf.org/about/policies/copyright.",
    "@odata.type":  "#Power.v1_1_0.Power",
    "@odata.id":  "/redfish/v1/Chassis/AC-109032/Power",
    "Id":  "2d2b4bd8361b856bbc00000001000041430001a9e8",
    "Name":  "NimbleShelfPower",
    "PowerControl":  [
                         {
                             "@odata.id":  "/redfish/v1/Chassis/AC-109032/Power#/PowerControl/0",
                             "Status":  {
                                            "State":  "Enabled",
                                            "Health":  "OK"
                                        },
                             "MemberID":  "0"
                         }
                     ],
    "PowerSupplies":  [
                          {
                              "Manufacturer":  "HPE-Nimble",
                              "@Redfish.Copyright":  "Copyright 2014-2016 Distributed Management Task Force, Inc. (DMTF). For the full DMTF copyright policy, see http://www.dmtf.org/about/policies/copyright.",
                              "Name":  "power-supply1",
                              "Description":  "power-supply1 Located in left rear of Chassis",
                              "Status":  {
                                             "State":  "Enabled",
                                             "Health":  "OK"
                                         },
                              "MemberID":  "1",
                              "InputRanges":  [
                                                  {
                                                      "OutputWattage":  900,
                                                      "MinimumVoltage":  100,
                                                      "MaximumVoltage":  120,
                                                      "Maximumfrequency":  60,
                                                      "InputType":  "AC",
                                                      "MinimumFrequency":  50
                                                  },
                                                  {
                                                      "OutputWattage":  900,
                                                      "MinimumVoltage":  200,
                                                      "MaximumVoltage":  240,
                                                      "Maximumfrequency":  60,
                                                      "InputType":  "AC",
                                                      "MinimumFrequency":  50
                                                  }
                                              ],
                              "@odata.id":  "/redfish/v1/Chassis/AC-109032/Power#/PowerSupplies/1"
                          },
                          {
                              "Manufacturer":  "HPE-Nimble",
                              "@Redfish.Copyright":  "Copyright 2014-2016 Distributed Management Task Force, Inc. (DMTF). For the full DMTF copyright policy, see http://www.dmtf.org/about/policies/copyright.",
                              "Name":  "power-supply2",
                              "Description":  "power-supply2 Located in right rear of Chassis",
                              "Status":  {
                                             "State":  "Enabled",
                                             "Health":  "OK"
                                         },
                              "MemberID":  "2",
                              "InputRanges":  [
                                                  {
                                                      "OutputWattage":  900,
                                                      "MinimumVoltage":  100,
                                                      "MaximumVoltage":  120,
                                                      "Maximumfrequency":  60,
                                                      "InputType":  "AC",
                                                      "MinimumFrequency":  50
                                                  },
                                                  {
                                                      "OutputWattage":  900,
                                                      "MinimumVoltage":  200,
                                                      "MaximumVoltage":  240,
                                                      "Maximumfrequency":  60,
                                                      "InputType":  "AC",
                                                      "MinimumFrequency":  50
                                                  }
                                              ],
                              "@odata.id":  "/redfish/v1/Chassis/AC-109032/Power#/PowerSupplies/2"
                          }
                      ],
    "RelatedItem":  [
                        {
                            "@odata.id":  "/redfish/v1/Chassis/AC-109032"
                        }
                    ]
}