{
    "@Redfish.Copyright":  "Copyright 2014-2016 HPE and DMTF",
    "@odata.type":  "#Power.v1_1_0.Power",
    "@odata.id":  "/redfish/v1/Chassis/AC-109032/Power",
    "Id":  "2d2b4bd8361b856bbc00000001000041430001a9e8",
    "Name":  "NimbleShelfPower",
    "PowerControl":  [
                         {
                             "@odata.id":  "/redfish/v1/Chassis/AC-109032/Power#/PowerControl/0",
                             "Status":  {
                                            "State":  "Enabled",
                                            "Health":  "OK"
                                        },
                             "MemberID":  "0"
                         }
                     ],
    "PowerSupplies":  [
                          {
                              "@odata.id":  "/redfish/v1/Chassis/AC-109032/Power/PowerSupplies/1"
                          },
                          {
                              "@odata.id":  "/redfish/v1/Chassis/AC-109032/Power/PowerSupplies/2"
                          }
                      ]
}