{
    "@Redfish.Copyright":  "Copyright 2014-2016 Distributed Management Task Force, Inc. (DMTF). For the full DMTF copyright policy, see http://www.dmtf.org/about/policies/copyright.",
    "@odata.context":  "/redfish/v1/$metadata#Volumes/AC-109032/Volumes/Crypt-MovsOld/Snapshots",
    "@odata.id":  "/redfish/v1//StorageSystems/AC-109032/Volumes/Crypt-MovsOld/Snapshots",
    "@odata.type":  "#SnapshotsCollection.1_0_0.SnapshotsCollection",
    "Name":  "NimbleSnapshotCollection",
    "Members@odata.count":  48,
    "Members":  [
                    {
                        "@odata.id":  "/redfish/v1/StorageSystems/AC-109032/Volumes/Crypt-MovsOld/SnapShots/042b4bd8361b856bbc0000000000000002000294bc"
                    },
                    {
                        "@odata.id":  "/redfish/v1/StorageSystems/AC-109032/Volumes/Crypt-MovsOld/SnapShots/042b4bd8361b856bbc00000000000000020002946e"
                    },
                    {
                        "@odata.id":  "/redfish/v1/StorageSystems/AC-109032/Volumes/Crypt-MovsOld/SnapShots/042b4bd8361b856bbc000000000000000200029420"
                    },
                    {
                        "@odata.id":  "/redfish/v1/StorageSystems/AC-109032/Volumes/Crypt-MovsOld/SnapShots/042b4bd8361b856bbc0000000000000002000293d2"
                    },
                    {
                        "@odata.id":  "/redfish/v1/StorageSystems/AC-109032/Volumes/Crypt-MovsOld/SnapShots/042b4bd8361b856bbc000000000000000200029384"
                    },
                    {
                        "@odata.id":  "/redfish/v1/StorageSystems/AC-109032/Volumes/Crypt-MovsOld/SnapShots/042b4bd8361b856bbc000000000000000200029028"
                    },
                    {
                        "@odata.id":  "/redfish/v1/StorageSystems/AC-109032/Volumes/Crypt-MovsOld/SnapShots/042b4bd8361b856bbc000000000000000200028fe5"
                    },
                    {
                        "@odata.id":  "/redfish/v1/StorageSystems/AC-109032/Volumes/Crypt-MovsOld/SnapShots/042b4bd8361b856bbc000000000000000200028fa2"
                    },
                    {
                        "@odata.id":  "/redfish/v1/StorageSystems/AC-109032/Volumes/Crypt-MovsOld/SnapShots/042b4bd8361b856bbc000000000000000200028f5f"
                    },
                    {
                        "@odata.id":  "/redfish/v1/StorageSystems/AC-109032/Volumes/Crypt-MovsOld/SnapShots/042b4bd8361b856bbc000000000000000200028f1c"
                    },
                    {
                        "@odata.id":  "/redfish/v1/StorageSystems/AC-109032/Volumes/Crypt-MovsOld/SnapShots/042b4bd8361b856bbc000000000000000200028ed9"
                    },
                    {
                        "@odata.id":  "/redfish/v1/StorageSystems/AC-109032/Volumes/Crypt-MovsOld/SnapShots/042b4bd8361b856bbc000000000000000200028e94"
                    },
                    {
                        "@odata.id":  "/redfish/v1/StorageSystems/AC-109032/Volumes/Crypt-MovsOld/SnapShots/042b4bd8361b856bbc000000000000000200028e4e"
                    },
                    {
                        "@odata.id":  "/redfish/v1/StorageSystems/AC-109032/Volumes/Crypt-MovsOld/SnapShots/042b4bd8361b856bbc000000000000000200028e08"
                    },
                    {
                        "@odata.id":  "/redfish/v1/StorageSystems/AC-109032/Volumes/Crypt-MovsOld/SnapShots/042b4bd8361b856bbc000000000000000200028dc3"
                    },
                    {
                        "@odata.id":  "/redfish/v1/StorageSystems/AC-109032/Volumes/Crypt-MovsOld/SnapShots/042b4bd8361b856bbc000000000000000200028d7d"
                    },
                    {
                        "@odata.id":  "/redfish/v1/StorageSystems/AC-109032/Volumes/Crypt-MovsOld/SnapShots/042b4bd8361b856bbc000000000000000200028d37"
                    },
                    {
                        "@odata.id":  "/redfish/v1/StorageSystems/AC-109032/Volumes/Crypt-MovsOld/SnapShots/042b4bd8361b856bbc000000000000000200028cf1"
                    },
                    {
                        "@odata.id":  "/redfish/v1/StorageSystems/AC-109032/Volumes/Crypt-MovsOld/SnapShots/042b4bd8361b856bbc0000000000000002000289d1"
                    },
                    {
                        "@odata.id":  "/redfish/v1/StorageSystems/AC-109032/Volumes/Crypt-MovsOld/SnapShots/042b4bd8361b856bbc00000000000000020002898e"
                    },
                    {
                        "@odata.id":  "/redfish/v1/StorageSystems/AC-109032/Volumes/Crypt-MovsOld/SnapShots/042b4bd8361b856bbc00000000000000020002894b"
                    },
                    {
                        "@odata.id":  "/redfish/v1/StorageSystems/AC-109032/Volumes/Crypt-MovsOld/SnapShots/042b4bd8361b856bbc000000000000000200028908"
                    },
                    {
                        "@odata.id":  "/redfish/v1/StorageSystems/AC-109032/Volumes/Crypt-MovsOld/SnapShots/042b4bd8361b856bbc0000000000000002000288c5"
                    },
                    {
                        "@odata.id":  "/redfish/v1/StorageSystems/AC-109032/Volumes/Crypt-MovsOld/SnapShots/042b4bd8361b856bbc000000000000000200028882"
                    },
                    {
                        "@odata.id":  "/redfish/v1/StorageSystems/AC-109032/Volumes/Crypt-MovsOld/SnapShots/042b4bd8361b856bbc00000000000000020002883d"
                    },
                    {
                        "@odata.id":  "/redfish/v1/StorageSystems/AC-109032/Volumes/Crypt-MovsOld/SnapShots/042b4bd8361b856bbc0000000000000002000287f7"
                    },
                    {
                        "@odata.id":  "/redfish/v1/StorageSystems/AC-109032/Volumes/Crypt-MovsOld/SnapShots/042b4bd8361b856bbc0000000000000002000287b1"
                    },
                    {
                        "@odata.id":  "/redfish/v1/StorageSystems/AC-109032/Volumes/Crypt-MovsOld/SnapShots/042b4bd8361b856bbc00000000000000020002876c"
                    },
                    {
                        "@odata.id":  "/redfish/v1/StorageSystems/AC-109032/Volumes/Crypt-MovsOld/SnapShots/042b4bd8361b856bbc000000000000000200028726"
                    },
                    {
                        "@odata.id":  "/redfish/v1/StorageSystems/AC-109032/Volumes/Crypt-MovsOld/SnapShots/042b4bd8361b856bbc0000000000000002000286e0"
                    },
                    {
                        "@odata.id":  "/redfish/v1/StorageSystems/AC-109032/Volumes/Crypt-MovsOld/SnapShots/042b4bd8361b856bbc00000000000000020002869a"
                    },
                    {
                        "@odata.id":  "/redfish/v1/StorageSystems/AC-109032/Volumes/Crypt-MovsOld/SnapShots/042b4bd8361b856bbc00000000000000020002835a"
                    },
                    {
                        "@odata.id":  "/redfish/v1/StorageSystems/AC-109032/Volumes/Crypt-MovsOld/SnapShots/042b4bd8361b856bbc00000000000000020002830c"
                    },
                    {
                        "@odata.id":  "/redfish/v1/StorageSystems/AC-109032/Volumes/Crypt-MovsOld/SnapShots/042b4bd8361b856bbc0000000000000002000282be"
                    },
                    {
                        "@odata.id":  "/redfish/v1/StorageSystems/AC-109032/Volumes/Crypt-MovsOld/SnapShots/042b4bd8361b856bbc000000000000000200028270"
                    },
                    {
                        "@odata.id":  "/redfish/v1/StorageSystems/AC-109032/Volumes/Crypt-MovsOld/SnapShots/042b4bd8361b856bbc000000000000000200028222"
                    },
                    {
                        "@odata.id":  "/redfish/v1/StorageSystems/AC-109032/Volumes/Crypt-MovsOld/SnapShots/042b4bd8361b856bbc0000000000000002000281d4"
                    },
                    {
                        "@odata.id":  "/redfish/v1/StorageSystems/AC-109032/Volumes/Crypt-MovsOld/SnapShots/042b4bd8361b856bbc000000000000000200028184"
                    },
                    {
                        "@odata.id":  "/redfish/v1/StorageSystems/AC-109032/Volumes/Crypt-MovsOld/SnapShots/042b4bd8361b856bbc000000000000000200028133"
                    },
                    {
                        "@odata.id":  "/redfish/v1/StorageSystems/AC-109032/Volumes/Crypt-MovsOld/SnapShots/042b4bd8361b856bbc0000000000000002000280e2"
                    },
                    {
                        "@odata.id":  "/redfish/v1/StorageSystems/AC-109032/Volumes/Crypt-MovsOld/SnapShots/042b4bd8361b856bbc000000000000000200028092"
                    },
                    {
                        "@odata.id":  "/redfish/v1/StorageSystems/AC-109032/Volumes/Crypt-MovsOld/SnapShots/042b4bd8361b856bbc000000000000000200028041"
                    },
                    {
                        "@odata.id":  "/redfish/v1/StorageSystems/AC-109032/Volumes/Crypt-MovsOld/SnapShots/042b4bd8361b856bbc000000000000000200027ff0"
                    },
                    {
                        "@odata.id":  "/redfish/v1/StorageSystems/AC-109032/Volumes/Crypt-MovsOld/SnapShots/042b4bd8361b856bbc000000000000000200027f9f"
                    },
                    {
                        "@odata.id":  "/redfish/v1/StorageSystems/AC-109032/Volumes/Crypt-MovsOld/SnapShots/042b4bd8361b856bbc000000000000000200027c1c"
                    },
                    {
                        "@odata.id":  "/redfish/v1/StorageSystems/AC-109032/Volumes/Crypt-MovsOld/SnapShots/042b4bd8361b856bbc000000000000000200027bce"
                    },
                    {
                        "@odata.id":  "/redfish/v1/StorageSystems/AC-109032/Volumes/Crypt-MovsOld/SnapShots/042b4bd8361b856bbc000000000000000200027b80"
                    },
                    {
                        "@odata.id":  "/redfish/v1/StorageSystems/AC-109032/Volumes/Crypt-MovsOld/SnapShots/042b4bd8361b856bbc000000000000000200027b32"
                    }
                ]
}