{
    "@odata.context":  "/redfish/v1/$metadata#StorageService.StorageService",
    "@odata.id":  "/redfish/v1/StorageServices/S1",
    "@odata.type":  "#StorageService.v1_2_0.StorageService",
    "Id":  "S1",
    "Name":  "Storage Service",
    "Description":  "Provisioning Services Class",
    "Status":  {
                   "State":  "Enabled",
                   "Health":  "OK"
               },
    "ClassesOfService":  {
                             "@odata.id":  "/redfish/v1/StorageServices/S1/ClassesOfService"
                         },
    "DataStorageLoSCapabilities":  {
                                       "@odata.id":  "/redfish/v1/StorageServices/S1/DataStorageLoSCapabilities/DSLOSC"
                                   },
    "IOConnectivityLoSCapabilities":  {
                                          "@odata.id":  "/redfish/v1/StorageServices/S1/IOConnectivityLoSCapabilities/IOCLOSC"
                                      },
    "Drives":  {
                   "@odata.id":  "/redfish/v1/StorageServices/S1/Drives"
               },
    "Endpoints":  {
                      "@odata.id":  "/redfish/v1/StorageServices/S1/Endpoints"
                  },
    "EndpointGroups":  {
                           "@odata.id":  "/redfish/v1/StorageServices/S1/EndpointGroups"
                       },
    "StorageGroups":  {
                          "@odata.id":  "/redfish/v1/StorageServices/S1/StorageGroups"
                      },
    "StoragePools":  {
                         "@odata.id":  "/redfish/v1/StorageServices/S1/StoragePools"
                     },
    "Volumes":  {
                    "@odata.id":  "/redfish/v1/StorageServices/S1/Volumes"
                },
    "Links":  {
                  "HostingSystem":  {
                                        "@odata.id":  "/redfish/v1/ComputerSystem/00C0FF5038E8"
                                    }
              }
}