{
    "@Redfish.Copyright":  "Copyright 2014-2016 Distributed Management Task Force, Inc. (DMTF). For the full DMTF copyright policy, see http://www.dmtf.org/about/policies/copyright.",
    "@odata.id":  "/redfish/v1/StorageSystems/AC-109032/Volumes/SCVMM2019/Snapshots/042b4bd8361b856bbc000000000000000c0002d305",
    "@odata.type":  "#Volumes.v1_4_0.Volume",
    "Id":  "042b4bd8361b856bbc000000000000000c0002d305",
    "Name":  "SystemCenter2019-Schedule-new-2020-04-01::16:00:00.000",
    "Description":  "Created by protection policy SystemCenter2019 schedule Schedule-new",
    "Capacity":  {
                     "AllocatedBytes":  109951162777600
                 },
    "Status":  {
                   "State":  "StandbyOffline",
                   "Health":  "Warning"
               },
    "BlockSizeBytes":  4096,
    "MaxBlockSizeBytes":  4096,
    "OptimumIOSizeBytes":  4096,
    "Manufacturer":  "HPENimbleStorage",
    "Encrypted":  "false",
    "EncryptionTypes":  "ControllerAssisted",
    "ProvisioningPolicy":  "thin",
    "Compressed":  "true",
    "Deduplicated":  false,
    "DisplayName":  "default:/SCVMM2019+SystemCenter2019-Schedule-new-2020-04-01::16:00:00.000",
    "LowSpaceWarningThresholdPercents":  80,
    "VolumeType":  "Snapshot",
    "VolumeUsageType":  "Data",
    "ReadCachePolicyType":  "AdaptiveReadAhead",
    "WriteCacheState":  "Enabled",
    "WriteCachePolicyType":  "ProtectedWriteBack",
    "WriteCacheStateType":  "Protected",
    "WriteHoleProtectionPolicyType":  "Journaling",
    "CapacitySources":  [
                            {
                                "ProvidingVolumes":  {
                                                         "Volumes":  [
                                                                         {
                                                                             "@odata.id":  "/redfish/v1/StorageSystems/AC-109032/Volumes/SCVMM2019"
                                                                         }
                                                                     ]
                                                     },
                                "ProvidedCapacity":  {
                                                         "AllocatedCapacity":  100,
                                                         "ConsumedBytes":  null
                                                     }
                            }
                        ],
    "Identifiers":  [
                        {
                            "Manufacturer":  "NimbleStorage"
                        },
                        {
                            "DurableName":  "042b4bd8361b856bbc000000000000000c0002d305",
                            "DurableNameFormat":  "UUID"
                        },
                        {
                            "DurableName":  "f772b1fcf72f15d8",
                            "DurableNameFormat":  "vpd_ieee0"
                        },
                        {
                            "DurableName":  "6c9ce9008ab3ce30",
                            "DurableNameFormat":  "vpd_ieee1"
                        },
                        {
                            "DurableName":  "Nimble  f772b1fcf72f15d86c9ce9008ab3ce30",
                            "DurableNameFormat":  "vpd_t10"
                        },
                        {
                            "DurableName":  "iqn.2007-11.com.nimblestorage:scvmm2019-systemcenter2019-schedule-new-2020-04-01::16:00:00.000-v2b4bd8361b856bbc.00000008.30ceb38a.s2b4bd8361b856bbc.0000000c.0002d305",
                            "DurableNameFormat":  "iqn"
                        }
                    ],
    "ConsistencyGroup":  "/redfish/v1/StorageSystems/AC-109032/ConsistencyGroup/SystemCenter2019"
}