{
    "@Redfish.Copyright":  "Copyright 2014-2016 Distributed Management Task Force, Inc. (DMTF). For the full DMTF copyright policy, see http://www.dmtf.org/about/policies/copyright.",
    "@odata.context":  "/redfish/v1/$metadata#Volumes/AC-109032/Volumes/DS9HyperVReplica/Snapshots",
    "@odata.id":  "/redfish/v1//StorageSystems/AC-109032/Volumes/DS9HyperVReplica/Snapshots",
    "@odata.type":  "#SnapshotsCollection.1_0_0.SnapshotsCollection",
    "Name":  "NimbleSnapshotCollection",
    "Members@odata.count":  61,
    "Members":  [
                    {
                        "@odata.id":  "/redfish/v1/StorageSystems/AC-109032/Volumes/DS9HyperVReplica/SnapShots/042b4bd8361b856bbc0000000000000020000294bf"
                    },
                    {
                        "@odata.id":  "/redfish/v1/StorageSystems/AC-109032/Volumes/DS9HyperVReplica/SnapShots/042b4bd8361b856bbc000000000000002000029471"
                    },
                    {
                        "@odata.id":  "/redfish/v1/StorageSystems/AC-109032/Volumes/DS9HyperVReplica/SnapShots/042b4bd8361b856bbc000000000000002000029423"
                    },
                    {
                        "@odata.id":  "/redfish/v1/StorageSystems/AC-109032/Volumes/DS9HyperVReplica/SnapShots/042b4bd8361b856bbc0000000000000020000293d5"
                    },
                    {
                        "@odata.id":  "/redfish/v1/StorageSystems/AC-109032/Volumes/DS9HyperVReplica/SnapShots/042b4bd8361b856bbc000000000000002000029387"
                    },
                    {
                        "@odata.id":  "/redfish/v1/StorageSystems/AC-109032/Volumes/DS9HyperVReplica/SnapShots/042b4bd8361b856bbc000000000000002000028adc"
                    },
                    {
                        "@odata.id":  "/redfish/v1/StorageSystems/AC-109032/Volumes/DS9HyperVReplica/SnapShots/042b4bd8361b856bbc000000000000002000028273"
                    },
                    {
                        "@odata.id":  "/redfish/v1/StorageSystems/AC-109032/Volumes/DS9HyperVReplica/SnapShots/042b4bd8361b856bbc000000000000002000028225"
                    },
                    {
                        "@odata.id":  "/redfish/v1/StorageSystems/AC-109032/Volumes/DS9HyperVReplica/SnapShots/042b4bd8361b856bbc0000000000000020000281d7"
                    },
                    {
                        "@odata.id":  "/redfish/v1/StorageSystems/AC-109032/Volumes/DS9HyperVReplica/SnapShots/042b4bd8361b856bbc000000000000002000028187"
                    },
                    {
                        "@odata.id":  "/redfish/v1/StorageSystems/AC-109032/Volumes/DS9HyperVReplica/SnapShots/042b4bd8361b856bbc000000000000002000028136"
                    },
                    {
                        "@odata.id":  "/redfish/v1/StorageSystems/AC-109032/Volumes/DS9HyperVReplica/SnapShots/042b4bd8361b856bbc0000000000000020000280e5"
                    },
                    {
                        "@odata.id":  "/redfish/v1/StorageSystems/AC-109032/Volumes/DS9HyperVReplica/SnapShots/042b4bd8361b856bbc000000000000002000028095"
                    },
                    {
                        "@odata.id":  "/redfish/v1/StorageSystems/AC-109032/Volumes/DS9HyperVReplica/SnapShots/042b4bd8361b856bbc000000000000002000028044"
                    },
                    {
                        "@odata.id":  "/redfish/v1/StorageSystems/AC-109032/Volumes/DS9HyperVReplica/SnapShots/042b4bd8361b856bbc000000000000002000027ff3"
                    },
                    {
                        "@odata.id":  "/redfish/v1/StorageSystems/AC-109032/Volumes/DS9HyperVReplica/SnapShots/042b4bd8361b856bbc000000000000002000027fa2"
                    },
                    {
                        "@odata.id":  "/redfish/v1/StorageSystems/AC-109032/Volumes/DS9HyperVReplica/SnapShots/042b4bd8361b856bbc000000000000002000027b35"
                    },
                    {
                        "@odata.id":  "/redfish/v1/StorageSystems/AC-109032/Volumes/DS9HyperVReplica/SnapShots/042b4bd8361b856bbc000000000000002000027ae7"
                    },
                    {
                        "@odata.id":  "/redfish/v1/StorageSystems/AC-109032/Volumes/DS9HyperVReplica/SnapShots/042b4bd8361b856bbc000000000000002000027a99"
                    },
                    {
                        "@odata.id":  "/redfish/v1/StorageSystems/AC-109032/Volumes/DS9HyperVReplica/SnapShots/042b4bd8361b856bbc000000000000002000027a49"
                    },
                    {
                        "@odata.id":  "/redfish/v1/StorageSystems/AC-109032/Volumes/DS9HyperVReplica/SnapShots/042b4bd8361b856bbc0000000000000020000279f8"
                    },
                    {
                        "@odata.id":  "/redfish/v1/StorageSystems/AC-109032/Volumes/DS9HyperVReplica/SnapShots/042b4bd8361b856bbc0000000000000020000279a7"
                    },
                    {
                        "@odata.id":  "/redfish/v1/StorageSystems/AC-109032/Volumes/DS9HyperVReplica/SnapShots/042b4bd8361b856bbc000000000000002000027957"
                    },
                    {
                        "@odata.id":  "/redfish/v1/StorageSystems/AC-109032/Volumes/DS9HyperVReplica/SnapShots/042b4bd8361b856bbc000000000000002000027906"
                    },
                    {
                        "@odata.id":  "/redfish/v1/StorageSystems/AC-109032/Volumes/DS9HyperVReplica/SnapShots/042b4bd8361b856bbc0000000000000020000278b5"
                    },
                    {
                        "@odata.id":  "/redfish/v1/StorageSystems/AC-109032/Volumes/DS9HyperVReplica/SnapShots/042b4bd8361b856bbc000000000000002000027864"
                    },
                    {
                        "@odata.id":  "/redfish/v1/StorageSystems/AC-109032/Volumes/DS9HyperVReplica/SnapShots/042b4bd8361b856bbc0000000000000020000273f7"
                    },
                    {
                        "@odata.id":  "/redfish/v1/StorageSystems/AC-109032/Volumes/DS9HyperVReplica/SnapShots/042b4bd8361b856bbc0000000000000020000273a9"
                    },
                    {
                        "@odata.id":  "/redfish/v1/StorageSystems/AC-109032/Volumes/DS9HyperVReplica/SnapShots/042b4bd8361b856bbc00000000000000200002735b"
                    },
                    {
                        "@odata.id":  "/redfish/v1/StorageSystems/AC-109032/Volumes/DS9HyperVReplica/SnapShots/042b4bd8361b856bbc00000000000000200002730d"
                    },
                    {
                        "@odata.id":  "/redfish/v1/StorageSystems/AC-109032/Volumes/DS9HyperVReplica/SnapShots/042b4bd8361b856bbc0000000000000020000272bf"
                    },
                    {
                        "@odata.id":  "/redfish/v1/StorageSystems/AC-109032/Volumes/DS9HyperVReplica/SnapShots/042b4bd8361b856bbc000000000000002000027271"
                    },
                    {
                        "@odata.id":  "/redfish/v1/StorageSystems/AC-109032/Volumes/DS9HyperVReplica/SnapShots/042b4bd8361b856bbc000000000000002000027223"
                    },
                    {
                        "@odata.id":  "/redfish/v1/StorageSystems/AC-109032/Volumes/DS9HyperVReplica/SnapShots/042b4bd8361b856bbc0000000000000020000271d5"
                    },
                    {
                        "@odata.id":  "/redfish/v1/StorageSystems/AC-109032/Volumes/DS9HyperVReplica/SnapShots/042b4bd8361b856bbc000000000000002000027187"
                    },
                    {
                        "@odata.id":  "/redfish/v1/StorageSystems/AC-109032/Volumes/DS9HyperVReplica/SnapShots/042b4bd8361b856bbc000000000000002000027139"
                    },
                    {
                        "@odata.id":  "/redfish/v1/StorageSystems/AC-109032/Volumes/DS9HyperVReplica/SnapShots/042b4bd8361b856bbc000000000000002000006ad5"
                    },
                    {
                        "@odata.id":  "/redfish/v1/StorageSystems/AC-109032/Volumes/DS9HyperVReplica/SnapShots/042b4bd8361b856bbc0000000000000020000072c8"
                    },
                    {
                        "@odata.id":  "/redfish/v1/StorageSystems/AC-109032/Volumes/DS9HyperVReplica/SnapShots/042b4bd8361b856bbc000000000000002000026c4b"
                    },
                    {
                        "@odata.id":  "/redfish/v1/StorageSystems/AC-109032/Volumes/DS9HyperVReplica/SnapShots/042b4bd8361b856bbc000000000000002000013d3d"
                    },
                    {
                        "@odata.id":  "/redfish/v1/StorageSystems/AC-109032/Volumes/DS9HyperVReplica/SnapShots/042b4bd8361b856bbc000000000000002000010d6e"
                    },
                    {
                        "@odata.id":  "/redfish/v1/StorageSystems/AC-109032/Volumes/DS9HyperVReplica/SnapShots/042b4bd8361b856bbc0000000000000020000265fa"
                    },
                    {
                        "@odata.id":  "/redfish/v1/StorageSystems/AC-109032/Volumes/DS9HyperVReplica/SnapShots/042b4bd8361b856bbc00000000000000200000ddbf"
                    },
                    {
                        "@odata.id":  "/redfish/v1/StorageSystems/AC-109032/Volumes/DS9HyperVReplica/SnapShots/042b4bd8361b856bbc000000000000002000026ab9"
                    },
                    {
                        "@odata.id":  "/redfish/v1/StorageSystems/AC-109032/Volumes/DS9HyperVReplica/SnapShots/042b4bd8361b856bbc0000000000000020000093e0"
                    },
                    {
                        "@odata.id":  "/redfish/v1/StorageSystems/AC-109032/Volumes/DS9HyperVReplica/SnapShots/042b4bd8361b856bbc000000000000002000026afc"
                    },
                    {
                        "@odata.id":  "/redfish/v1/StorageSystems/AC-109032/Volumes/DS9HyperVReplica/SnapShots/042b4bd8361b856bbc000000000000002000026c08"
                    },
                    {
                        "@odata.id":  "/redfish/v1/StorageSystems/AC-109032/Volumes/DS9HyperVReplica/SnapShots/042b4bd8361b856bbc000000000000002000019c9b"
                    },
                    {
                        "@odata.id":  "/redfish/v1/StorageSystems/AC-109032/Volumes/DS9HyperVReplica/SnapShots/042b4bd8361b856bbc000000000000002000016cec"
                    },
                    {
                        "@odata.id":  "/redfish/v1/StorageSystems/AC-109032/Volumes/DS9HyperVReplica/SnapShots/042b4bd8361b856bbc000000000000002000025b2d"
                    },
                    {
                        "@odata.id":  "/redfish/v1/StorageSystems/AC-109032/Volumes/DS9HyperVReplica/SnapShots/042b4bd8361b856bbc000000000000002000026bc5"
                    },
                    {
                        "@odata.id":  "/redfish/v1/StorageSystems/AC-109032/Volumes/DS9HyperVReplica/SnapShots/042b4bd8361b856bbc000000000000002000026d14"
                    },
                    {
                        "@odata.id":  "/redfish/v1/StorageSystems/AC-109032/Volumes/DS9HyperVReplica/SnapShots/042b4bd8361b856bbc00000000000000200001cc4a"
                    },
                    {
                        "@odata.id":  "/redfish/v1/StorageSystems/AC-109032/Volumes/DS9HyperVReplica/SnapShots/042b4bd8361b856bbc000000000000002000026696"
                    },
                    {
                        "@odata.id":  "/redfish/v1/StorageSystems/AC-109032/Volumes/DS9HyperVReplica/SnapShots/042b4bd8361b856bbc000000000000002000022bc0"
                    },
                    {
                        "@odata.id":  "/redfish/v1/StorageSystems/AC-109032/Volumes/DS9HyperVReplica/SnapShots/042b4bd8361b856bbc000000000000002000026b82"
                    },
                    {
                        "@odata.id":  "/redfish/v1/StorageSystems/AC-109032/Volumes/DS9HyperVReplica/SnapShots/042b4bd8361b856bbc00000000000000200001fbf9"
                    },
                    {
                        "@odata.id":  "/redfish/v1/StorageSystems/AC-109032/Volumes/DS9HyperVReplica/SnapShots/042b4bd8361b856bbc000000000000002000026cd1"
                    },
                    {
                        "@odata.id":  "/redfish/v1/StorageSystems/AC-109032/Volumes/DS9HyperVReplica/SnapShots/042b4bd8361b856bbc000000000000002000026648"
                    },
                    {
                        "@odata.id":  "/redfish/v1/StorageSystems/AC-109032/Volumes/DS9HyperVReplica/SnapShots/042b4bd8361b856bbc000000000000002000026c8e"
                    },
                    {
                        "@odata.id":  "/redfish/v1/StorageSystems/AC-109032/Volumes/DS9HyperVReplica/SnapShots/042b4bd8361b856bbc000000000000002000026b3f"
                    }
                ]
}