{
    "Identifiers":  [
                        {
                            "DurableName":  "2c2b4bd8361b856bbc0001000000000a0000000600",
                            "DurableNameFormat":  "NimbleID"
                        }
                    ],
    "Manufacturer":  "Nimble",
    "@odata.id":  "/redfish/v1/Chassis/AC-109032/Drives/Disk.Shelf_0.Location_6",
    "Protocol":  "SAS",
    "Id":  "2c2b4bd8361b856bbc0001000000000a0000000600",
    "SerialNumber":  "P8K5L33W",
    "PartNumber":  "Nimble_HUS724030ALS640",
    "Name":  "HPENimbleDrives",
    "@odata.type":  "#Drive.1_6_0.Drive",
    "@odata.context":  "/redfish/v1/$metadata#Chassis/Members/AC-109032/Drives/Members/$entity",
    "@Redfish.Copyright":  "Copyright 2014-2016 Distributed Management Task Force, Inc. (DMTF). For the full DMTF copyright policy, see http://www.dmtf.org/about/policies/copyright.",
    "AssetTag":  "P8K5L33W",
    "Revision":  "A1C4",
    "Status":  {
                   "State":  "in use",
                   "Health":  "okay"
               },
    "CapableSpeedGbs":  6,
    "NegotiatedSpeedGbs":  6,
    "IndicatorLED":  "Lit",
    "FailurePredicted":  "okay",
    "Model":  "HUS724030ALS640",
    "MediaType":  "hdd",
    "CapacityBytes":  3000592982016
}