{
    "@odata.context":  "/redfish/v1/$metadata#ClassOfServiceCollection.ClassOfServiceCollection",
    "@odata.type":  "#ClassOfServiceCollection.ClassOfServiceCollection",
    "@odata.id":  "/redfish/v1/StorageServices/S1/ClassesOfService",
    "Name":  "ClassOfService Collection",
    "Members@odata.count":  5,
    "Members":  [
                    {
                        "@odata.id":  "/redfish/v1/StorageServices/S1/ClassesOfService/RAID1"
                    },
                    {
                        "@odata.id":  "/redfish/v1/StorageServices/S1/ClassesOfService/RAID5"
                    },
                    {
                        "@odata.id":  "/redfish/v1/StorageServices/S1/ClassesOfService/RAID6"
                    },
                    {
                        "@odata.id":  "/redfish/v1/StorageServices/S1/ClassesOfService/RAID10"
                    },
                    {
                        "@odata.id":  "/redfish/v1/StorageServices/S1/ClassesOfService/MSA-DP+"
                    }
                ]
}