{
    "@Redfish.Copyright":  "Copyright 2014-2016 HPE and DMTF",
    "@odata.id":  "/redfish/v1//Storage/AC-109032/StoragePools/Default/Volumes/Crypt-MovsOld/Snapshots",
    "@odata.type":  "#SnapshotsCollection.v1_0_0.SnapshotsCollection",
    "Name":  "NimbleSnapshotCollection",
    "Members@odata.count":  48,
    "Members":  [
                    {
                        "@odata.id":  "/redfish/v1/Storage/AC-109032/StoragePools/Default/Volumes/Crypt-MovsOld/SnapShots/042b4bd8361b856bbc00000000000000020003c349"
                    },
                    {
                        "@odata.id":  "/redfish/v1/Storage/AC-109032/StoragePools/Default/Volumes/Crypt-MovsOld/SnapShots/042b4bd8361b856bbc00000000000000020003c2fa"
                    },
                    {
                        "@odata.id":  "/redfish/v1/Storage/AC-109032/StoragePools/Default/Volumes/Crypt-MovsOld/SnapShots/042b4bd8361b856bbc00000000000000020003c2ab"
                    },
                    {
                        "@odata.id":  "/redfish/v1/Storage/AC-109032/StoragePools/Default/Volumes/Crypt-MovsOld/SnapShots/042b4bd8361b856bbc00000000000000020003c25c"
                    },
                    {
                        "@odata.id":  "/redfish/v1/Storage/AC-109032/StoragePools/Default/Volumes/Crypt-MovsOld/SnapShots/042b4bd8361b856bbc00000000000000020003c20d"
                    },
                    {
                        "@odata.id":  "/redfish/v1/Storage/AC-109032/StoragePools/Default/Volumes/Crypt-MovsOld/SnapShots/042b4bd8361b856bbc00000000000000020003c1be"
                    },
                    {
                        "@odata.id":  "/redfish/v1/Storage/AC-109032/StoragePools/Default/Volumes/Crypt-MovsOld/SnapShots/042b4bd8361b856bbc00000000000000020003aff9"
                    },
                    {
                        "@odata.id":  "/redfish/v1/Storage/AC-109032/StoragePools/Default/Volumes/Crypt-MovsOld/SnapShots/042b4bd8361b856bbc00000000000000020003b743"
                    },
                    {
                        "@odata.id":  "/redfish/v1/Storage/AC-109032/StoragePools/Default/Volumes/Crypt-MovsOld/SnapShots/042b4bd8361b856bbc00000000000000020003ae57"
                    },
                    {
                        "@odata.id":  "/redfish/v1/Storage/AC-109032/StoragePools/Default/Volumes/Crypt-MovsOld/SnapShots/042b4bd8361b856bbc00000000000000020003b569"
                    },
                    {
                        "@odata.id":  "/redfish/v1/Storage/AC-109032/StoragePools/Default/Volumes/Crypt-MovsOld/SnapShots/042b4bd8361b856bbc00000000000000020003bd02"
                    },
                    {
                        "@odata.id":  "/redfish/v1/Storage/AC-109032/StoragePools/Default/Volumes/Crypt-MovsOld/SnapShots/042b4bd8361b856bbc00000000000000020003afb5"
                    },
                    {
                        "@odata.id":  "/redfish/v1/Storage/AC-109032/StoragePools/Default/Volumes/Crypt-MovsOld/SnapShots/042b4bd8361b856bbc00000000000000020003bdce"
                    },
                    {
                        "@odata.id":  "/redfish/v1/Storage/AC-109032/StoragePools/Default/Volumes/Crypt-MovsOld/SnapShots/042b4bd8361b856bbc00000000000000020003b51a"
                    },
                    {
                        "@odata.id":  "/redfish/v1/Storage/AC-109032/StoragePools/Default/Volumes/Crypt-MovsOld/SnapShots/042b4bd8361b856bbc00000000000000020003b6f4"
                    },
                    {
                        "@odata.id":  "/redfish/v1/Storage/AC-109032/StoragePools/Default/Volumes/Crypt-MovsOld/SnapShots/042b4bd8361b856bbc00000000000000020003aa12"
                    },
                    {
                        "@odata.id":  "/redfish/v1/Storage/AC-109032/StoragePools/Default/Volumes/Crypt-MovsOld/SnapShots/042b4bd8361b856bbc00000000000000020003a9ce"
                    },
                    {
                        "@odata.id":  "/redfish/v1/Storage/AC-109032/StoragePools/Default/Volumes/Crypt-MovsOld/SnapShots/042b4bd8361b856bbc00000000000000020003ae10"
                    },
                    {
                        "@odata.id":  "/redfish/v1/Storage/AC-109032/StoragePools/Default/Volumes/Crypt-MovsOld/SnapShots/042b4bd8361b856bbc00000000000000020003b4cb"
                    },
                    {
                        "@odata.id":  "/redfish/v1/Storage/AC-109032/StoragePools/Default/Volumes/Crypt-MovsOld/SnapShots/042b4bd8361b856bbc00000000000000020003bcbe"
                    },
                    {
                        "@odata.id":  "/redfish/v1/Storage/AC-109032/StoragePools/Default/Volumes/Crypt-MovsOld/SnapShots/042b4bd8361b856bbc00000000000000020003b0c5"
                    },
                    {
                        "@odata.id":  "/redfish/v1/Storage/AC-109032/StoragePools/Default/Volumes/Crypt-MovsOld/SnapShots/042b4bd8361b856bbc00000000000000020003bc7a"
                    },
                    {
                        "@odata.id":  "/redfish/v1/Storage/AC-109032/StoragePools/Default/Volumes/Crypt-MovsOld/SnapShots/042b4bd8361b856bbc00000000000000020003be12"
                    },
                    {
                        "@odata.id":  "/redfish/v1/Storage/AC-109032/StoragePools/Default/Volumes/Crypt-MovsOld/SnapShots/042b4bd8361b856bbc00000000000000020003ad82"
                    },
                    {
                        "@odata.id":  "/redfish/v1/Storage/AC-109032/StoragePools/Default/Volumes/Crypt-MovsOld/SnapShots/042b4bd8361b856bbc00000000000000020003b6a5"
                    },
                    {
                        "@odata.id":  "/redfish/v1/Storage/AC-109032/StoragePools/Default/Volumes/Crypt-MovsOld/SnapShots/042b4bd8361b856bbc00000000000000020003bbae"
                    },
                    {
                        "@odata.id":  "/redfish/v1/Storage/AC-109032/StoragePools/Default/Volumes/Crypt-MovsOld/SnapShots/042b4bd8361b856bbc00000000000000020003af71"
                    },
                    {
                        "@odata.id":  "/redfish/v1/Storage/AC-109032/StoragePools/Default/Volumes/Crypt-MovsOld/SnapShots/042b4bd8361b856bbc00000000000000020003adc9"
                    },
                    {
                        "@odata.id":  "/redfish/v1/Storage/AC-109032/StoragePools/Default/Volumes/Crypt-MovsOld/SnapShots/042b4bd8361b856bbc00000000000000020003b656"
                    },
                    {
                        "@odata.id":  "/redfish/v1/Storage/AC-109032/StoragePools/Default/Volumes/Crypt-MovsOld/SnapShots/042b4bd8361b856bbc00000000000000020003bb6a"
                    },
                    {
                        "@odata.id":  "/redfish/v1/Storage/AC-109032/StoragePools/Default/Volumes/Crypt-MovsOld/SnapShots/042b4bd8361b856bbc00000000000000020003af2b"
                    },
                    {
                        "@odata.id":  "/redfish/v1/Storage/AC-109032/StoragePools/Default/Volumes/Crypt-MovsOld/SnapShots/042b4bd8361b856bbc00000000000000020003b42d"
                    },
                    {
                        "@odata.id":  "/redfish/v1/Storage/AC-109032/StoragePools/Default/Volumes/Crypt-MovsOld/SnapShots/042b4bd8361b856bbc00000000000000020003b081"
                    },
                    {
                        "@odata.id":  "/redfish/v1/Storage/AC-109032/StoragePools/Default/Volumes/Crypt-MovsOld/SnapShots/042b4bd8361b856bbc00000000000000020003bc36"
                    },
                    {
                        "@odata.id":  "/redfish/v1/Storage/AC-109032/StoragePools/Default/Volumes/Crypt-MovsOld/SnapShots/042b4bd8361b856bbc00000000000000020003bb26"
                    },
                    {
                        "@odata.id":  "/redfish/v1/Storage/AC-109032/StoragePools/Default/Volumes/Crypt-MovsOld/SnapShots/042b4bd8361b856bbc00000000000000020003b47c"
                    },
                    {
                        "@odata.id":  "/redfish/v1/Storage/AC-109032/StoragePools/Default/Volumes/Crypt-MovsOld/SnapShots/042b4bd8361b856bbc00000000000000020003aee4"
                    },
                    {
                        "@odata.id":  "/redfish/v1/Storage/AC-109032/StoragePools/Default/Volumes/Crypt-MovsOld/SnapShots/042b4bd8361b856bbc00000000000000020003b607"
                    },
                    {
                        "@odata.id":  "/redfish/v1/Storage/AC-109032/StoragePools/Default/Volumes/Crypt-MovsOld/SnapShots/042b4bd8361b856bbc00000000000000020003b7e1"
                    },
                    {
                        "@odata.id":  "/redfish/v1/Storage/AC-109032/StoragePools/Default/Volumes/Crypt-MovsOld/SnapShots/042b4bd8361b856bbc00000000000000020003bd8a"
                    },
                    {
                        "@odata.id":  "/redfish/v1/Storage/AC-109032/StoragePools/Default/Volumes/Crypt-MovsOld/SnapShots/042b4bd8361b856bbc00000000000000020003b03d"
                    },
                    {
                        "@odata.id":  "/redfish/v1/Storage/AC-109032/StoragePools/Default/Volumes/Crypt-MovsOld/SnapShots/042b4bd8361b856bbc00000000000000020003ae9d"
                    },
                    {
                        "@odata.id":  "/redfish/v1/Storage/AC-109032/StoragePools/Default/Volumes/Crypt-MovsOld/SnapShots/042b4bd8361b856bbc00000000000000020003b792"
                    },
                    {
                        "@odata.id":  "/redfish/v1/Storage/AC-109032/StoragePools/Default/Volumes/Crypt-MovsOld/SnapShots/042b4bd8361b856bbc00000000000000020003aa56"
                    },
                    {
                        "@odata.id":  "/redfish/v1/Storage/AC-109032/StoragePools/Default/Volumes/Crypt-MovsOld/SnapShots/042b4bd8361b856bbc00000000000000020003bbf2"
                    },
                    {
                        "@odata.id":  "/redfish/v1/Storage/AC-109032/StoragePools/Default/Volumes/Crypt-MovsOld/SnapShots/042b4bd8361b856bbc00000000000000020003bd46"
                    },
                    {
                        "@odata.id":  "/redfish/v1/Storage/AC-109032/StoragePools/Default/Volumes/Crypt-MovsOld/SnapShots/042b4bd8361b856bbc00000000000000020003b5b8"
                    },
                    {
                        "@odata.id":  "/redfish/v1/Storage/AC-109032/StoragePools/Default/Volumes/Crypt-MovsOld/SnapShots/042b4bd8361b856bbc00000000000000020003be56"
                    }
                ]
}