{
    "@odata.context":  "/redfish/v1/$metadata#EndpointCollection.EndpointCollection",
    "@odata.type":  "#EndpointCollection.EndpointCollection",
    "@odata.id":  "/redfish/v1/StorageServices/S1/Endpoints",
    "Name":  "Endpoint Collection",
    "Members@odata.count":  11,
    "Members":  [
                    {
                        "@odata.id":  "/redfish/v1/StorageServices/S1/Endpoints/A1"
                    },
                    {
                        "@odata.id":  "/redfish/v1/StorageServices/S1/Endpoints/A2"
                    },
                    {
                        "@odata.id":  "/redfish/v1/StorageServices/S1/Endpoints/A3"
                    },
                    {
                        "@odata.id":  "/redfish/v1/StorageServices/S1/Endpoints/A4"
                    },
                    {
                        "@odata.id":  "/redfish/v1/StorageServices/S1/Endpoints/B1"
                    },
                    {
                        "@odata.id":  "/redfish/v1/StorageServices/S1/Endpoints/B2"
                    },
                    {
                        "@odata.id":  "/redfish/v1/StorageServices/S1/Endpoints/B3"
                    },
                    {
                        "@odata.id":  "/redfish/v1/StorageServices/S1/Endpoints/B4"
                    },
                    {
                        "@odata.id":  "/redfish/v1/StorageServices/S1/Endpoints/iqn.1991-05.com.microsoft:crusher.lionetti.lab"
                    },
                    {
                        "@odata.id":  "/redfish/v1/StorageServices/S1/Endpoints/iqn.1991-05.com.microsoft:dax.lionetti.lab"
                    },
                    {
                        "@odata.id":  "/redfish/v1/StorageServices/S1/Endpoints/iqn.1991-05.com.microsoft:riker.lionetti.lab"
                    }
                ]
}