{
    "@odata.Copyright":  "Copyright 2014-2016 Distributed Management Task Force, Inc. (DMTF). For the full DMTF copyright policy, see http://www.dmtf.org/about/policies/copyright.",
    "@odata.type":  "#ComputerSystemCollection.ComputerSystemCollection",
    "@odata.id":  "/redfish/v1/Systems",
    "Name":  "Computer System Collection",
    "Members@odata.count":  1,
    "Members":  [
                    {
                        "@odata.id":  "/redfish/v1/Storage/AC-109032"
                    }
                ]
}