{
    "@Redfish.Copyright":  "Copyright 2014-2016 HPE and DMTF",
    "@odata.id":  "/redfish/v1/Fabrics/AC-109032/Endpoints/0b2b4bd8361b856bbc00000000000000000000000c",
    "@odata.type":  "#Endpoint.v1_4_0.Endpoint",
    "Name":  "KirkIQN",
    "ConnectedEntities":  [
                              {
                                  "EntityRole":  "Initiator"
                              }
                          ],
    "Description":  "Device named KirkIQN. Registered iSCSI Initiator.",
    "EndpointProtocol":  "iSCSI",
    "IPv4Address":  "*",
    "Id":  "0b2b4bd8361b856bbc00000000000000000000000c",
    "Identifiers":  [
                        {
                            "DurableName":  "iqn.1991-05.com.microsoft:kirk.lionetti.lab",
                            "DurableNameFormat":  "iqn"
                        }
                    ]
}