{
    "@Redfish.Copyright":  "Copyright 2014-2016 Distributed Management Task Force, Inc. (DMTF). For the full DMTF copyright policy, see http://www.dmtf.org/about/policies/copyright.",
    "@odata.id":  "/redfish/v1/EventService/Event",
    "@odata.type":  "#EventCollection.EventCollection",
    "Name":  "Event Collection",
    "Id":  "Event Collection",
    "Members":  [
                    {
                        "@odata.id":  "/redfish/v1/EventService/Events/182b4bd8361b856bbc000000000000000000028053"
                    },
                    {
                        "@odata.id":  "/redfish/v1/EventService/Events/182b4bd8361b856bbc0000000000000000000265b1"
                    },
                    {
                        "@odata.id":  "/redfish/v1/EventService/Events/182b4bd8361b856bbc000000000000000000025f00"
                    },
                    {
                        "@odata.id":  "/redfish/v1/EventService/Events/182b4bd8361b856bbc00000000000000000002a642"
                    },
                    {
                        "@odata.id":  "/redfish/v1/EventService/Events/182b4bd8361b856bbc0000000000000000000271db"
                    },
                    {
                        "@odata.id":  "/redfish/v1/EventService/Events/182b4bd8361b856bbc000000000000000000025804"
                    },
                    {
                        "@odata.id":  "/redfish/v1/EventService/Events/182b4bd8361b856bbc000000000000000000029fad"
                    },
                    {
                        "@odata.id":  "/redfish/v1/EventService/Events/182b4bd8361b856bbc00000000000000000002511b"
                    },
                    {
                        "@odata.id":  "/redfish/v1/EventService/Events/182b4bd8361b856bbc000000000000000000024af2"
                    },
                    {
                        "@odata.id":  "/redfish/v1/EventService/Events/182b4bd8361b856bbc000000000000000000026ba8"
                    },
                    {
                        "@odata.id":  "/redfish/v1/EventService/Events/182b4bd8361b856bbc00000000000000000002ac79"
                    },
                    {
                        "@odata.id":  "/redfish/v1/EventService/Events/182b4bd8361b856bbc000000000000000000028cd2"
                    },
                    {
                        "@odata.id":  "/redfish/v1/EventService/Events/182b4bd8361b856bbc000000000000000000027e9a"
                    },
                    {
                        "@odata.id":  "/redfish/v1/EventService/Events/182b4bd8361b856bbc0000000000000000000285d6"
                    },
                    {
                        "@odata.id":  "/redfish/v1/EventService/Events/182b4bd8361b856bbc000000000000000000029383"
                    },
                    {
                        "@odata.id":  "/redfish/v1/EventService/Events/182b4bd8361b856bbc00000000000000000002997a"
                    },
                    {
                        "@odata.id":  "/redfish/v1/EventService/Events/182b4bd8361b856bbc000000000000000000027870"
                    },
                    {
                        "@odata.id":  "/redfish/v1/EventService/Events/182b4bd8361b856bbc00000000000000000002445c"
                    },
                    {
                        "@odata.id":  "/redfish/v1/EventService/Events/182b4bd8361b856bbc000000000000000000028024"
                    },
                    {
                        "@odata.id":  "/redfish/v1/EventService/Events/182b4bd8361b856bbc000000000000000000027ffa"
                    },
                    {
                        "@odata.id":  "/redfish/v1/EventService/Events/182b4bd8361b856bbc00000000000000000002803f"
                    },
                    {
                        "@odata.id":  "/redfish/v1/EventService/Events/182b4bd8361b856bbc000000000000000000027fe1"
                    }
                ]
}