{
    "@Redfish.Copyright":  "Copyright 2014-2016 HPE and DMTF",
    "@odata.id":  "/redfish/v1/EventService/Event",
    "@odata.type":  "#EventCollection.EventCollection",
    "Name":  "Event Collection",
    "Id":  "Event Collection",
    "Members":  [
                    {
                        "@odata.id":  "/redfish/v1/EventService/Events/182b4bd8361b856bbc000000000000000000034b41"
                    },
                    {
                        "@odata.id":  "/redfish/v1/EventService/Events/182b4bd8361b856bbc000000000000000000033ffb"
                    },
                    {
                        "@odata.id":  "/redfish/v1/EventService/Events/182b4bd8361b856bbc000000000000000000036b53"
                    },
                    {
                        "@odata.id":  "/redfish/v1/EventService/Events/182b4bd8361b856bbc000000000000000000035e26"
                    },
                    {
                        "@odata.id":  "/redfish/v1/EventService/Events/182b4bd8361b856bbc000000000000000000034024"
                    },
                    {
                        "@odata.id":  "/redfish/v1/EventService/Events/182b4bd8361b856bbc000000000000000000032fcf"
                    },
                    {
                        "@odata.id":  "/redfish/v1/EventService/Events/182b4bd8361b856bbc000000000000000000033cfc"
                    },
                    {
                        "@odata.id":  "/redfish/v1/EventService/Events/182b4bd8361b856bbc000000000000000000034293"
                    },
                    {
                        "@odata.id":  "/redfish/v1/EventService/Events/182b4bd8361b856bbc000000000000000000034009"
                    },
                    {
                        "@odata.id":  "/redfish/v1/EventService/Events/182b4bd8361b856bbc0000000000000000000341df"
                    },
                    {
                        "@odata.id":  "/redfish/v1/EventService/Events/182b4bd8361b856bbc0000000000000000000301f5"
                    },
                    {
                        "@odata.id":  "/redfish/v1/EventService/Events/182b4bd8361b856bbc000000000000000000033ff1"
                    },
                    {
                        "@odata.id":  "/redfish/v1/EventService/Events/182b4bd8361b856bbc0000000000000000000341f2"
                    },
                    {
                        "@odata.id":  "/redfish/v1/EventService/Events/182b4bd8361b856bbc000000000000000000031cea"
                    },
                    {
                        "@odata.id":  "/redfish/v1/EventService/Events/182b4bd8361b856bbc00000000000000000003420c"
                    },
                    {
                        "@odata.id":  "/redfish/v1/EventService/Events/182b4bd8361b856bbc0000000000000000000322ed"
                    },
                    {
                        "@odata.id":  "/redfish/v1/EventService/Events/182b4bd8361b856bbc000000000000000000034481"
                    },
                    {
                        "@odata.id":  "/redfish/v1/EventService/Events/182b4bd8361b856bbc00000000000000000003426b"
                    },
                    {
                        "@odata.id":  "/redfish/v1/EventService/Events/182b4bd8361b856bbc0000000000000000000341eb"
                    },
                    {
                        "@odata.id":  "/redfish/v1/EventService/Events/182b4bd8361b856bbc000000000000000000035785"
                    },
                    {
                        "@odata.id":  "/redfish/v1/EventService/Events/182b4bd8361b856bbc000000000000000000034262"
                    },
                    {
                        "@odata.id":  "/redfish/v1/EventService/Events/182b4bd8361b856bbc00000000000000000003162c"
                    },
                    {
                        "@odata.id":  "/redfish/v1/EventService/Events/182b4bd8361b856bbc000000000000000000035144"
                    },
                    {
                        "@odata.id":  "/redfish/v1/EventService/Events/182b4bd8361b856bbc000000000000000000033607"
                    },
                    {
                        "@odata.id":  "/redfish/v1/EventService/Events/182b4bd8361b856bbc00000000000000000003645e"
                    },
                    {
                        "@odata.id":  "/redfish/v1/EventService/Events/182b4bd8361b856bbc00000000000000000003292e"
                    },
                    {
                        "@odata.id":  "/redfish/v1/EventService/Events/182b4bd8361b856bbc00000000000000000003082d"
                    },
                    {
                        "@odata.id":  "/redfish/v1/EventService/Events/182b4bd8361b856bbc000000000000000000030f22"
                    }
                ]
}