{
    "@odata.Copyright":  "Copyright 2014-2016 Distributed Management Task Force, Inc. (DMTF). For the full DMTF copyright policy, see http://www.dmtf.org/about/policies/copyright.",
    "@odata.type":  "#Fabric.v1_1_0.Fabric",
    "@odata.id":  "/redfish/v1/Fabrics/AC-109032",
    "Name":  "cs700",
    "Id":  "092b4bd8361b856bbc000000000000000000000001",
    "Description":  "Fabric for ",
    "Status":  {
                   "State":  "Enabled",
                   "Health":  "OK"
               },
    "Endpoints":  "/redfish/v1/Fabrics/AC-109032/Endpoints"
}