{
    "@Redfish.Copyright":  "Copyright 2014-2016 HPE and DMTF",
    "@odata.id":  "/redfish/v1/Fabrics/AC-109032/Zones",
    "@odata.type":  "#ZonesCollection.ZonesCollection",
    "Name":  "Nimble Initiator Groups (zones)",
    "Members@odata.count":  20,
    "Members":  [
                    {
                        "@odata.id":  "/redfish/v1/Fabrics/AC-109032/Zones/management"
                    },
                    {
                        "@odata.id":  "/redfish/v1/Fabrics/AC-109032/Zones/iSCSI1"
                    },
                    {
                        "@odata.id":  "/redfish/v1/Fabrics/AC-109032/Zones/iSCSI2"
                    },
                    {
                        "@odata.id":  "/redfish/v1/Fabrics/AC-109032/Zones/AC-109032-AllSubnets"
                    },
                    {
                        "@odata.id":  "/redfish/v1/Fabrics/AC-109032/Zones/Crypt"
                    },
                    {
                        "@odata.id":  "/redfish/v1/Fabrics/AC-109032/Zones/CentOS"
                    },
                    {
                        "@odata.id":  "/redfish/v1/Fabrics/AC-109032/Zones/NSSQL"
                    },
                    {
                        "@odata.id":  "/redfish/v1/Fabrics/AC-109032/Zones/NSSCVMM"
                    },
                    {
                        "@odata.id":  "/redfish/v1/Fabrics/AC-109032/Zones/NSSCOM"
                    },
                    {
                        "@odata.id":  "/redfish/v1/Fabrics/AC-109032/Zones/NSSCORCH"
                    },
                    {
                        "@odata.id":  "/redfish/v1/Fabrics/AC-109032/Zones/NSSCDPM"
                    },
                    {
                        "@odata.id":  "/redfish/v1/Fabrics/AC-109032/Zones/Taylor"
                    },
                    {
                        "@odata.id":  "/redfish/v1/Fabrics/AC-109032/Zones/riker"
                    },
                    {
                        "@odata.id":  "/redfish/v1/Fabrics/AC-109032/Zones/picard"
                    },
                    {
                        "@odata.id":  "/redfish/v1/Fabrics/AC-109032/Zones/Dax"
                    },
                    {
                        "@odata.id":  "/redfish/v1/Fabrics/AC-109032/Zones/kirk"
                    },
                    {
                        "@odata.id":  "/redfish/v1/Fabrics/AC-109032/Zones/spock"
                    },
                    {
                        "@odata.id":  "/redfish/v1/Fabrics/AC-109032/Zones/hostname"
                    },
                    {
                        "@odata.id":  "/redfish/v1/Fabrics/AC-109032/Zones/Q"
                    },
                    {
                        "@odata.id":  "/redfish/v1/Fabrics/AC-109032/Zones/Borg"
                    }
                ]
}