{
    "@odata.Copyright":  "Copyright 2014-2016 Distributed Management Task Force, Inc. (DMTF). For the full DMTF copyright policy, see http://www.dmtf.org/about/policies/copyright.",
    "@odata.type":  "#FabricCollection.FabricCollection",
    "@odata.id":  "/redfish/v1/Fabrics",
    "Name":  "Fabrics Collection",
    "Members@odata.count":  1,
    "Members":  [
                    {
                        "@odata.id":  "/redfish/v1/Fabrics/AC-109032"
                    }
                ]
}