{
    "@Redfish.Copyright":  "Copyright 2014-2016 HPE and DMTF",
    "@odata.id":  "/redfish/v1/Fabrics/AC-109032/Zones/iSCSI2",
    "@odata.type":  "#Zones.v1_2_0.Zones",
    "Name":  "iSCSI2",
    "id":  "1a2b4bd8361b856bbc000000000000000000000007",
    "Description":  "Target EndpointGroup (Zone) for subnet named iSCSI2",
    "GroupType":  "Target",
    "Endpoints@odata.count":  1,
    "Connections@odata.count":  3,
    "Endpoints":  [
                      {
                          "@odata.id":  "/redfish/v1/Fabrics/AC-109032/Endpoints/active-eth3"
                      }
                  ],
    "Connections":  [
                        {
                            "@odata.id":  "/redfish/v1/Fabrics/AC-109032/Connections/0d2b4bd8361b856bbc00000000000000000000000b"
                        },
                        {
                            "@odata.id":  "/redfish/v1/Fabrics/AC-109032/Connections/0d2b4bd8361b856bbc00000000000000000000000c"
                        },
                        {
                            "@odata.id":  "/redfish/v1/Fabrics/AC-109032/Connections/0d2b4bd8361b856bbc00000000000000000000000d"
                        }
                    ]
}