{
    "Id":  "Thermal",
    "Fans":  [
                 {
                     "PhysicalContext":  "ChassisSocketA_lower front of controller A",
                     "Name":  "fan1",
                     "ReadingCelsius":  11288,
                     "MemberId":  1,
                     "@odata.id":  "/redfish/v1/Chassis/AC-109032/Thermal#/Fans/1",
                     "Status":  {
                                    "State":  "Enabled",
                                    "Health":  "OK"
                                }
                 },
                 {
                     "PhysicalContext":  "ChassisSocketA_lower left rear of controller A",
                     "Name":  "fan2",
                     "ReadingCelsius":  11228,
                     "MemberId":  2,
                     "@odata.id":  "/redfish/v1/Chassis/AC-109032/Thermal#/Fans/2",
                     "Status":  {
                                    "State":  "Enabled",
                                    "Health":  "OK"
                                }
                 },
                 {
                     "PhysicalContext":  "ChassisSocketA_lower right rear of controller A",
                     "Name":  "fan3",
                     "ReadingCelsius":  11543,
                     "MemberId":  3,
                     "@odata.id":  "/redfish/v1/Chassis/AC-109032/Thermal#/Fans/3",
                     "Status":  {
                                    "State":  "Enabled",
                                    "Health":  "OK"
                                }
                 },
                 {
                     "PhysicalContext":  "ChassisSocketA_upper right front of controller A",
                     "Name":  "fan4",
                     "ReadingCelsius":  10863,
                     "MemberId":  4,
                     "@odata.id":  "/redfish/v1/Chassis/AC-109032/Thermal#/Fans/4",
                     "Status":  {
                                    "State":  "Enabled",
                                    "Health":  "OK"
                                }
                 },
                 {
                     "PhysicalContext":  "ChassisSocketA_upper left front of controller A",
                     "Name":  "fan5",
                     "ReadingCelsius":  10965,
                     "MemberId":  5,
                     "@odata.id":  "/redfish/v1/Chassis/AC-109032/Thermal#/Fans/5",
                     "Status":  {
                                    "State":  "Enabled",
                                    "Health":  "OK"
                                }
                 },
                 {
                     "PhysicalContext":  "ChassisSocketA_upper left rear of controller A",
                     "Name":  "fan6",
                     "ReadingCelsius":  10744,
                     "MemberId":  6,
                     "@odata.id":  "/redfish/v1/Chassis/AC-109032/Thermal#/Fans/6",
                     "Status":  {
                                    "State":  "Enabled",
                                    "Health":  "OK"
                                }
                 },
                 {
                     "PhysicalContext":  "ChassisSocketB_lower front of controller B",
                     "Name":  "fan1",
                     "ReadingCelsius":  11568,
                     "MemberId":  7,
                     "@odata.id":  "/redfish/v1/Chassis/AC-109032/Thermal#/Fans/7",
                     "Status":  {
                                    "State":  "Enabled",
                                    "Health":  "OK"
                                }
                 },
                 {
                     "PhysicalContext":  "ChassisSocketB_lower left rear of controller B",
                     "Name":  "fan2",
                     "ReadingCelsius":  11390,
                     "MemberId":  8,
                     "@odata.id":  "/redfish/v1/Chassis/AC-109032/Thermal#/Fans/8",
                     "Status":  {
                                    "State":  "Enabled",
                                    "Health":  "OK"
                                }
                 },
                 {
                     "PhysicalContext":  "ChassisSocketB_lower right rear of controller B",
                     "Name":  "fan3",
                     "ReadingCelsius":  11033,
                     "MemberId":  9,
                     "@odata.id":  "/redfish/v1/Chassis/AC-109032/Thermal#/Fans/9",
                     "Status":  {
                                    "State":  "Enabled",
                                    "Health":  "OK"
                                }
                 },
                 {
                     "PhysicalContext":  "ChassisSocketB_upper right front of controller B",
                     "Name":  "fan4",
                     "ReadingCelsius":  10948,
                     "MemberId":  10,
                     "@odata.id":  "/redfish/v1/Chassis/AC-109032/Thermal#/Fans/10",
                     "Status":  {
                                    "State":  "Enabled",
                                    "Health":  "OK"
                                }
                 },
                 {
                     "PhysicalContext":  "ChassisSocketB_upper left front of controller B",
                     "Name":  "fan5",
                     "ReadingCelsius":  10769,
                     "MemberId":  11,
                     "@odata.id":  "/redfish/v1/Chassis/AC-109032/Thermal#/Fans/11",
                     "Status":  {
                                    "State":  "Enabled",
                                    "Health":  "OK"
                                }
                 },
                 {
                     "PhysicalContext":  "ChassisSocketB_upper left rear of controller B",
                     "Name":  "fan6",
                     "ReadingCelsius":  10888,
                     "MemberId":  12,
                     "@odata.id":  "/redfish/v1/Chassis/AC-109032/Thermal#/Fans/12",
                     "Status":  {
                                    "State":  "Enabled",
                                    "Health":  "OK"
                                }
                 }
             ],
    "@Redfish.Copyright":  "Copyright 2014-2016 Distributed Management Task Force, Inc. (DMTF). For the full DMTF copyright policy, see http://www.dmtf.org/about/policies/copyright.",
    "@odata.type":  "#Thermal.1_0_0.Thermal",
    "Name":  "NimbleShelfThermal",
    "Temperatures":  [
                         {
                             "PhysicalContext":  "ChassisSocketA_motherboard",
                             "Name":  "motherboard",
                             "ReadingCelsius":  41,
                             "MemberId":  0,
                             "@odata.id":  "/redfish/v1/Chassis/AC-109032/Thermal#/Temperatures/0",
                             "Status":  {
                                            "State":  "Enabled",
                                            "Health":  "OK"
                                        }
                         },
                         {
                             "PhysicalContext":  "ChassisSocketA_left-side backplane",
                             "Name":  "bp-temp1",
                             "ReadingCelsius":  26,
                             "MemberId":  1,
                             "@odata.id":  "/redfish/v1/Chassis/AC-109032/Thermal#/Temperatures/1",
                             "Status":  {
                                            "State":  "Enabled",
                                            "Health":  "OK"
                                        }
                         },
                         {
                             "PhysicalContext":  "ChassisSocketB_motherboard",
                             "Name":  "motherboard",
                             "ReadingCelsius":  41,
                             "MemberId":  2,
                             "@odata.id":  "/redfish/v1/Chassis/AC-109032/Thermal#/Temperatures/2",
                             "Status":  {
                                            "State":  "Enabled",
                                            "Health":  "OK"
                                        }
                         },
                         {
                             "PhysicalContext":  "ChassisSocketB_right-side backplane",
                             "Name":  "bp-temp2",
                             "ReadingCelsius":  25,
                             "MemberId":  3,
                             "@odata.id":  "/redfish/v1/Chassis/AC-109032/Thermal#/Temperatures/3",
                             "Status":  {
                                            "State":  "Enabled",
                                            "Health":  "OK"
                                        }
                         }
                     ],
    "@odata.context":  "/redfish/v1/$metadata#Chassis/Members/AC-109032/Thermal",
    "@odata.id":  "/redfish/v1/Chassis/AC-109032/Thermal"
}