{
    "@Redfish.Copyright":  "Copyright 2014-2016 Distributed Management Task Force, Inc. (DMTF). For the full DMTF copyright policy, see http://www.dmtf.org/about/policies/copyright.",
    "@odata.context":  "/redfish/v1/$metadata#Volumes/AC-109032/Volumes/DS9CSV/Snapshots",
    "@odata.id":  "/redfish/v1//StorageSystems/AC-109032/Volumes/DS9CSV/Snapshots",
    "@odata.type":  "#SnapshotsCollection_1_0_0.SnapshotsCollection",
    "Name":  "NimbleSnapshotCollection",
    "Members@odata.count":  64,
    "Members":  [
                    {
                        "@odata.id":  "/redfish/v1/StorageSystems/AC-109032/Volumes/DS9CSV/SnapShots/042b4bd8361b856bbc000000000000001d0001dc9f"
                    },
                    {
                        "@odata.id":  "/redfish/v1/StorageSystems/AC-109032/Volumes/DS9CSV/SnapShots/042b4bd8361b856bbc000000000000001d0001dc5c"
                    },
                    {
                        "@odata.id":  "/redfish/v1/StorageSystems/AC-109032/Volumes/DS9CSV/SnapShots/042b4bd8361b856bbc000000000000001d0001dc19"
                    },
                    {
                        "@odata.id":  "/redfish/v1/StorageSystems/AC-109032/Volumes/DS9CSV/SnapShots/042b4bd8361b856bbc000000000000001d0001dbd6"
                    },
                    {
                        "@odata.id":  "/redfish/v1/StorageSystems/AC-109032/Volumes/DS9CSV/SnapShots/042b4bd8361b856bbc000000000000001d0001d7b3"
                    },
                    {
                        "@odata.id":  "/redfish/v1/StorageSystems/AC-109032/Volumes/DS9CSV/SnapShots/042b4bd8361b856bbc000000000000001d0001d765"
                    },
                    {
                        "@odata.id":  "/redfish/v1/StorageSystems/AC-109032/Volumes/DS9CSV/SnapShots/042b4bd8361b856bbc000000000000001d0001d717"
                    },
                    {
                        "@odata.id":  "/redfish/v1/StorageSystems/AC-109032/Volumes/DS9CSV/SnapShots/042b4bd8361b856bbc000000000000001d0001d6c9"
                    },
                    {
                        "@odata.id":  "/redfish/v1/StorageSystems/AC-109032/Volumes/DS9CSV/SnapShots/042b4bd8361b856bbc000000000000001d0001d67b"
                    },
                    {
                        "@odata.id":  "/redfish/v1/StorageSystems/AC-109032/Volumes/DS9CSV/SnapShots/042b4bd8361b856bbc000000000000001d0001d62d"
                    },
                    {
                        "@odata.id":  "/redfish/v1/StorageSystems/AC-109032/Volumes/DS9CSV/SnapShots/042b4bd8361b856bbc000000000000001d0001d5df"
                    },
                    {
                        "@odata.id":  "/redfish/v1/StorageSystems/AC-109032/Volumes/DS9CSV/SnapShots/042b4bd8361b856bbc000000000000001d0001d591"
                    },
                    {
                        "@odata.id":  "/redfish/v1/StorageSystems/AC-109032/Volumes/DS9CSV/SnapShots/042b4bd8361b856bbc000000000000001d0001d543"
                    },
                    {
                        "@odata.id":  "/redfish/v1/StorageSystems/AC-109032/Volumes/DS9CSV/SnapShots/042b4bd8361b856bbc000000000000001d0001d4f5"
                    },
                    {
                        "@odata.id":  "/redfish/v1/StorageSystems/AC-109032/Volumes/DS9CSV/SnapShots/042b4bd8361b856bbc000000000000001d0001cc4a"
                    },
                    {
                        "@odata.id":  "/redfish/v1/StorageSystems/AC-109032/Volumes/DS9CSV/SnapShots/042b4bd8361b856bbc000000000000001d0001c3e1"
                    },
                    {
                        "@odata.id":  "/redfish/v1/StorageSystems/AC-109032/Volumes/DS9CSV/SnapShots/042b4bd8361b856bbc000000000000001d0001c393"
                    },
                    {
                        "@odata.id":  "/redfish/v1/StorageSystems/AC-109032/Volumes/DS9CSV/SnapShots/042b4bd8361b856bbc000000000000001d0001c345"
                    },
                    {
                        "@odata.id":  "/redfish/v1/StorageSystems/AC-109032/Volumes/DS9CSV/SnapShots/042b4bd8361b856bbc000000000000001d0001c2f5"
                    },
                    {
                        "@odata.id":  "/redfish/v1/StorageSystems/AC-109032/Volumes/DS9CSV/SnapShots/042b4bd8361b856bbc000000000000001d0001c2a4"
                    },
                    {
                        "@odata.id":  "/redfish/v1/StorageSystems/AC-109032/Volumes/DS9CSV/SnapShots/042b4bd8361b856bbc000000000000001d0001c253"
                    },
                    {
                        "@odata.id":  "/redfish/v1/StorageSystems/AC-109032/Volumes/DS9CSV/SnapShots/042b4bd8361b856bbc000000000000001d0001c203"
                    },
                    {
                        "@odata.id":  "/redfish/v1/StorageSystems/AC-109032/Volumes/DS9CSV/SnapShots/042b4bd8361b856bbc000000000000001d0001c1b2"
                    },
                    {
                        "@odata.id":  "/redfish/v1/StorageSystems/AC-109032/Volumes/DS9CSV/SnapShots/042b4bd8361b856bbc000000000000001d0001c161"
                    },
                    {
                        "@odata.id":  "/redfish/v1/StorageSystems/AC-109032/Volumes/DS9CSV/SnapShots/042b4bd8361b856bbc000000000000001d0001c110"
                    },
                    {
                        "@odata.id":  "/redfish/v1/StorageSystems/AC-109032/Volumes/DS9CSV/SnapShots/042b4bd8361b856bbc000000000000001d0001bca3"
                    },
                    {
                        "@odata.id":  "/redfish/v1/StorageSystems/AC-109032/Volumes/DS9CSV/SnapShots/042b4bd8361b856bbc000000000000001d0001bc55"
                    },
                    {
                        "@odata.id":  "/redfish/v1/StorageSystems/AC-109032/Volumes/DS9CSV/SnapShots/042b4bd8361b856bbc000000000000001d0001bc07"
                    },
                    {
                        "@odata.id":  "/redfish/v1/StorageSystems/AC-109032/Volumes/DS9CSV/SnapShots/042b4bd8361b856bbc000000000000001d0001bbb7"
                    },
                    {
                        "@odata.id":  "/redfish/v1/StorageSystems/AC-109032/Volumes/DS9CSV/SnapShots/042b4bd8361b856bbc000000000000001d0001bb66"
                    },
                    {
                        "@odata.id":  "/redfish/v1/StorageSystems/AC-109032/Volumes/DS9CSV/SnapShots/042b4bd8361b856bbc000000000000001d0001bb15"
                    },
                    {
                        "@odata.id":  "/redfish/v1/StorageSystems/AC-109032/Volumes/DS9CSV/SnapShots/042b4bd8361b856bbc000000000000001d0001bac5"
                    },
                    {
                        "@odata.id":  "/redfish/v1/StorageSystems/AC-109032/Volumes/DS9CSV/SnapShots/042b4bd8361b856bbc000000000000001d0001ba74"
                    },
                    {
                        "@odata.id":  "/redfish/v1/StorageSystems/AC-109032/Volumes/DS9CSV/SnapShots/042b4bd8361b856bbc000000000000001d0001ba23"
                    },
                    {
                        "@odata.id":  "/redfish/v1/StorageSystems/AC-109032/Volumes/DS9CSV/SnapShots/042b4bd8361b856bbc000000000000001d0001b9d2"
                    },
                    {
                        "@odata.id":  "/redfish/v1/StorageSystems/AC-109032/Volumes/DS9CSV/SnapShots/042b4bd8361b856bbc000000000000001d0001b565"
                    },
                    {
                        "@odata.id":  "/redfish/v1/StorageSystems/AC-109032/Volumes/DS9CSV/SnapShots/042b4bd8361b856bbc000000000000001d0001b517"
                    },
                    {
                        "@odata.id":  "/redfish/v1/StorageSystems/AC-109032/Volumes/DS9CSV/SnapShots/042b4bd8361b856bbc000000000000001d0001b4c9"
                    },
                    {
                        "@odata.id":  "/redfish/v1/StorageSystems/AC-109032/Volumes/DS9CSV/SnapShots/042b4bd8361b856bbc000000000000001d0001b47b"
                    },
                    {
                        "@odata.id":  "/redfish/v1/StorageSystems/AC-109032/Volumes/DS9CSV/SnapShots/042b4bd8361b856bbc000000000000001d0001b42d"
                    },
                    {
                        "@odata.id":  "/redfish/v1/StorageSystems/AC-109032/Volumes/DS9CSV/SnapShots/042b4bd8361b856bbc000000000000001d0001b3df"
                    },
                    {
                        "@odata.id":  "/redfish/v1/StorageSystems/AC-109032/Volumes/DS9CSV/SnapShots/042b4bd8361b856bbc000000000000001d0001b391"
                    },
                    {
                        "@odata.id":  "/redfish/v1/StorageSystems/AC-109032/Volumes/DS9CSV/SnapShots/042b4bd8361b856bbc000000000000001d0001b343"
                    },
                    {
                        "@odata.id":  "/redfish/v1/StorageSystems/AC-109032/Volumes/DS9CSV/SnapShots/042b4bd8361b856bbc000000000000001d0001b2f5"
                    },
                    {
                        "@odata.id":  "/redfish/v1/StorageSystems/AC-109032/Volumes/DS9CSV/SnapShots/042b4bd8361b856bbc000000000000001d0001b2a7"
                    },
                    {
                        "@odata.id":  "/redfish/v1/StorageSystems/AC-109032/Volumes/DS9CSV/SnapShots/042b4bd8361b856bbc000000000000001d00003f1b"
                    },
                    {
                        "@odata.id":  "/redfish/v1/StorageSystems/AC-109032/Volumes/DS9CSV/SnapShots/042b4bd8361b856bbc000000000000001d00003f2a"
                    },
                    {
                        "@odata.id":  "/redfish/v1/StorageSystems/AC-109032/Volumes/DS9CSV/SnapShots/042b4bd8361b856bbc000000000000001d0000573d"
                    },
                    {
                        "@odata.id":  "/redfish/v1/StorageSystems/AC-109032/Volumes/DS9CSV/SnapShots/042b4bd8361b856bbc000000000000001d00003f20"
                    },
                    {
                        "@odata.id":  "/redfish/v1/StorageSystems/AC-109032/Volumes/DS9CSV/SnapShots/042b4bd8361b856bbc000000000000001d00005dd2"
                    },
                    {
                        "@odata.id":  "/redfish/v1/StorageSystems/AC-109032/Volumes/DS9CSV/SnapShots/042b4bd8361b856bbc000000000000001d00005a89"
                    },
                    {
                        "@odata.id":  "/redfish/v1/StorageSystems/AC-109032/Volumes/DS9CSV/SnapShots/042b4bd8361b856bbc000000000000001d000072c8"
                    },
                    {
                        "@odata.id":  "/redfish/v1/StorageSystems/AC-109032/Volumes/DS9CSV/SnapShots/042b4bd8361b856bbc000000000000001d00013d3d"
                    },
                    {
                        "@odata.id":  "/redfish/v1/StorageSystems/AC-109032/Volumes/DS9CSV/SnapShots/042b4bd8361b856bbc000000000000001d000062e0"
                    },
                    {
                        "@odata.id":  "/redfish/v1/StorageSystems/AC-109032/Volumes/DS9CSV/SnapShots/042b4bd8361b856bbc000000000000001d00006ad5"
                    },
                    {
                        "@odata.id":  "/redfish/v1/StorageSystems/AC-109032/Volumes/DS9CSV/SnapShots/042b4bd8361b856bbc000000000000001d00010d6e"
                    },
                    {
                        "@odata.id":  "/redfish/v1/StorageSystems/AC-109032/Volumes/DS9CSV/SnapShots/042b4bd8361b856bbc000000000000001d0000ddbf"
                    },
                    {
                        "@odata.id":  "/redfish/v1/StorageSystems/AC-109032/Volumes/DS9CSV/SnapShots/042b4bd8361b856bbc000000000000001d000093e0"
                    },
                    {
                        "@odata.id":  "/redfish/v1/StorageSystems/AC-109032/Volumes/DS9CSV/SnapShots/042b4bd8361b856bbc000000000000001d0001ae3f"
                    },
                    {
                        "@odata.id":  "/redfish/v1/StorageSystems/AC-109032/Volumes/DS9CSV/SnapShots/042b4bd8361b856bbc000000000000001d0001adfc"
                    },
                    {
                        "@odata.id":  "/redfish/v1/StorageSystems/AC-109032/Volumes/DS9CSV/SnapShots/042b4bd8361b856bbc000000000000001d0001adb9"
                    },
                    {
                        "@odata.id":  "/redfish/v1/StorageSystems/AC-109032/Volumes/DS9CSV/SnapShots/042b4bd8361b856bbc000000000000001d00016cec"
                    },
                    {
                        "@odata.id":  "/redfish/v1/StorageSystems/AC-109032/Volumes/DS9CSV/SnapShots/042b4bd8361b856bbc000000000000001d00019c9b"
                    },
                    {
                        "@odata.id":  "/redfish/v1/StorageSystems/AC-109032/Volumes/DS9CSV/SnapShots/042b4bd8361b856bbc000000000000001d0001ae82"
                    }
                ]
}