{
    "@Redfish.Copyright":  "Copyright 2014-2016 Distributed Management Task Force, Inc. (DMTF). For the full DMTF copyright policy, see http://www.dmtf.org/about/policies/copyright.",
    "@odata.id":  "/redfish/v1//StorageSystems/AC-109032/Volumes",
    "@odata.type":  "#VolumeCollection.VolumesCollection",
    "Name":  "NimbleVolumeCollection",
    "Members@odata.count":  33,
    "Members":  [
                    {
                        "@odata.id":  "/redfish/v1/StorageSystems/AC-109032/Volumes/Crypt-MovsOld"
                    },
                    {
                        "@odata.id":  "/redfish/v1/StorageSystems/AC-109032/Volumes/Crypt-Audio"
                    },
                    {
                        "@odata.id":  "/redfish/v1/StorageSystems/AC-109032/Volumes/V2"
                    },
                    {
                        "@odata.id":  "/redfish/v1/StorageSystems/AC-109032/Volumes/SCSQL2017"
                    },
                    {
                        "@odata.id":  "/redfish/v1/StorageSystems/AC-109032/Volumes/SCSCOM2019"
                    },
                    {
                        "@odata.id":  "/redfish/v1/StorageSystems/AC-109032/Volumes/SCVMM2019"
                    },
                    {
                        "@odata.id":  "/redfish/v1/StorageSystems/AC-109032/Volumes/bob"
                    },
                    {
                        "@odata.id":  "/redfish/v1/StorageSystems/AC-109032/Volumes/fred"
                    },
                    {
                        "@odata.id":  "/redfish/v1/StorageSystems/AC-109032/Volumes/NSSCDPMData"
                    },
                    {
                        "@odata.id":  "/redfish/v1/StorageSystems/AC-109032/Volumes/starter-vol-3119824893785762748-2"
                    },
                    {
                        "@odata.id":  "/redfish/v1/StorageSystems/AC-109032/Volumes/SQL2019-DataBase"
                    },
                    {
                        "@odata.id":  "/redfish/v1/StorageSystems/AC-109032/Volumes/SQL2019-Logs"
                    },
                    {
                        "@odata.id":  "/redfish/v1/StorageSystems/AC-109032/Volumes/VM7-BootDrive"
                    },
                    {
                        "@odata.id":  "/redfish/v1/StorageSystems/AC-109032/Volumes/bob11"
                    },
                    {
                        "@odata.id":  "/redfish/v1/StorageSystems/AC-109032/Volumes/bob10"
                    },
                    {
                        "@odata.id":  "/redfish/v1/StorageSystems/AC-109032/Volumes/fred2"
                    },
                    {
                        "@odata.id":  "/redfish/v1/StorageSystems/AC-109032/Volumes/Crypt-Port"
                    },
                    {
                        "@odata.id":  "/redfish/v1/StorageSystems/AC-109032/Volumes/fdghdfgfc"
                    },
                    {
                        "@odata.id":  "/redfish/v1/StorageSystems/AC-109032/Volumes/Test1"
                    },
                    {
                        "@odata.id":  "/redfish/v1/StorageSystems/AC-109032/Volumes/DS9CSV"
                    },
                    {
                        "@odata.id":  "/redfish/v1/StorageSystems/AC-109032/Volumes/DS9HyperVReplica"
                    },
                    {
                        "@odata.id":  "/redfish/v1/StorageSystems/AC-109032/Volumes/EnterpriseHyperVReplicaTarget"
                    },
                    {
                        "@odata.id":  "/redfish/v1/StorageSystems/AC-109032/Volumes/EnterpriseCSV"
                    },
                    {
                        "@odata.id":  "/redfish/v1/StorageSystems/AC-109032/Volumes/DS9CSVTest"
                    },
                    {
                        "@odata.id":  "/redfish/v1/StorageSystems/AC-109032/Volumes/MyNewVolume"
                    },
                    {
                        "@odata.id":  "/redfish/v1/StorageSystems/AC-109032/Volumes/bob12"
                    },
                    {
                        "@odata.id":  "/redfish/v1/StorageSystems/AC-109032/Volumes/TestPicardFS"
                    },
                    {
                        "@odata.id":  "/redfish/v1/StorageSystems/AC-109032/Volumes/PicardTest2"
                    },
                    {
                        "@odata.id":  "/redfish/v1/StorageSystems/AC-109032/Volumes/DS9CSV1"
                    },
                    {
                        "@odata.id":  "/redfish/v1/StorageSystems/AC-109032/Volumes/Q-Data"
                    },
                    {
                        "@odata.id":  "/redfish/v1/StorageSystems/AC-109032/Volumes/BorgData1"
                    },
                    {
                        "@odata.id":  "/redfish/v1/StorageSystems/AC-109032/Volumes/BorgQuorum"
                    },
                    {
                        "@odata.id":  "/redfish/v1/StorageSystems/AC-109032/Volumes/BorgData2"
                    }
                ]
}