{
    "Id":  "Drives",
    "@odata.type":  "#Drive.1.6.0.Drive",
    "Drives":  [
                   {
                       "@odata.id":  "/redfish/v1/Chassis/AC-109032/Drives/Disk.Shelf_0.Location_1"
                   },
                   {
                       "@odata.id":  "/redfish/v1/Chassis/AC-109032/Drives/Disk.Shelf_0.Location_2"
                   },
                   {
                       "@odata.id":  "/redfish/v1/Chassis/AC-109032/Drives/Disk.Shelf_0.Location_3"
                   },
                   {
                       "@odata.id":  "/redfish/v1/Chassis/AC-109032/Drives/Disk.Shelf_0.Location_4"
                   },
                   {
                       "@odata.id":  "/redfish/v1/Chassis/AC-109032/Drives/Disk.Shelf_0.Location_5"
                   },
                   {
                       "@odata.id":  "/redfish/v1/Chassis/AC-109032/Drives/Disk.Shelf_0.Location_6"
                   },
                   {
                       "@odata.id":  "/redfish/v1/Chassis/AC-109032/Drives/Disk.Shelf_0.Location_7"
                   },
                   {
                       "@odata.id":  "/redfish/v1/Chassis/AC-109032/Drives/Disk.Shelf_0.Location_8"
                   },
                   {
                       "@odata.id":  "/redfish/v1/Chassis/AC-109032/Drives/Disk.Shelf_0.Location_9"
                   },
                   {
                       "@odata.id":  "/redfish/v1/Chassis/AC-109032/Drives/Disk.Shelf_0.Location_10"
                   },
                   {
                       "@odata.id":  "/redfish/v1/Chassis/AC-109032/Drives/Disk.Shelf_0.Location_11"
                   },
                   {
                       "@odata.id":  "/redfish/v1/Chassis/AC-109032/Drives/Disk.Shelf_0.Location_12"
                   },
                   {
                       "@odata.id":  "/redfish/v1/Chassis/AC-109032/Drives/Disk.Shelf_0.Location_13"
                   },
                   {
                       "@odata.id":  "/redfish/v1/Chassis/AC-109032/Drives/Disk.Shelf_0.Location_14"
                   },
                   {
                       "@odata.id":  "/redfish/v1/Chassis/AC-109032/Drives/Disk.Shelf_0.Location_15"
                   },
                   {
                       "@odata.id":  "/redfish/v1/Chassis/AC-109032/Drives/Disk.Shelf_0.Location_16"
                   }
               ],
    "@odata.id":  "/redfish/v1/Chassis/AC-109032/Drives",
    "Name":  "HPENimbleDrives",
    "@Redfish.Copyright":  "Copyright 2014-2016 Distributed Management Task Force, Inc. (DMTF). For the full DMTF copyright policy, see http://www.dmtf.org/about/policies/copyright.",
    "@odata.context":  "/redfish/v1/$metadata#Chassis/Members/AC-109032/Drives"
}