{
    "@Redfish.Copyright":  "Copyright 2014-2016 Distributed Management Task Force, Inc. (DMTF). For the full DMTF copyright policy, see http://www.dmtf.org/about/policies/copyright.",
    "@odata.type":  "#ChassisCollection.ChassisCollection",
    "@odata.id":  "/redfish/v1/Chassis",
    "Name":  "Chassis Collection",
    "Members@odata.count":  null,
    "Members":  [
                    {
                        "@odata.id":  "/redfish/v1/Chassis/AC-109032"
                    }
                ]
}