{
    "@Redfish.Copyright":  "Copyright 2014-2016 Distributed Management Task Force, Inc. (DMTF). For the full DMTF copyright policy, see http://www.dmtf.org/about/policies/copyright.",
    "@odata.context":  "/redfish/v1/$metadata#Endpoint/AC-109032/Endpoints",
    "@odata.id":  "/redfish/v1/StorageSystems/AC-109032/Endpoints",
    "@odata.type":  "#EndpointsCollection.v1_4_0.EndpointsCollection",
    "Name":  "Nimble Endpoints Collection",
    "Members@odata.count":  8,
    "Members":  [
                    {
                        "@odata.id":  "/redfish/v1/StorageSystems/AC-109032/Endpoints/active_eth4"
                    },
                    {
                        "@odata.id":  "/redfish/v1/StorageSystems/AC-109032/Endpoints/active_eth1"
                    },
                    {
                        "@odata.id":  "/redfish/v1/StorageSystems/AC-109032/Endpoints/active_eth2"
                    },
                    {
                        "@odata.id":  "/redfish/v1/StorageSystems/AC-109032/Endpoints/active_eth3"
                    },
                    {
                        "@odata.id":  "/redfish/v1/StorageSystems/AC-109032/Endpoints/0b2b4bd8361b856bbc000000000000000000000001"
                    },
                    {
                        "@odata.id":  "/redfish/v1/StorageSystems/AC-109032/Endpoints/0b2b4bd8361b856bbc000000000000000000000002"
                    },
                    {
                        "@odata.id":  "/redfish/v1/StorageSystems/AC-109032/Endpoints/0b2b4bd8361b856bbc000000000000000000000003"
                    },
                    {
                        "@odata.id":  "/redfish/v1/StorageSystems/AC-109032/Endpoints/0b2b4bd8361b856bbc000000000000000000000004"
                    },
                    {
                        "@odata.id":  "/redfish/v1/StorageSystems/AC-109032/Endpoints/0b2b4bd8361b856bbc000000000000000000000005"
                    },
                    {
                        "@odata.id":  "/redfish/v1/StorageSystems/AC-109032/Endpoints/0b2b4bd8361b856bbc000000000000000000000006"
                    },
                    {
                        "@odata.id":  "/redfish/v1/StorageSystems/AC-109032/Endpoints/0b2b4bd8361b856bbc000000000000000000000007"
                    },
                    {
                        "@odata.id":  "/redfish/v1/StorageSystems/AC-109032/Endpoints/0b2b4bd8361b856bbc000000000000000000000008"
                    },
                    {
                        "@odata.id":  "/redfish/v1/StorageSystems/AC-109032/Endpoints/0b2b4bd8361b856bbc000000000000000000000009"
                    },
                    {
                        "@odata.id":  "/redfish/v1/StorageSystems/AC-109032/Endpoints/0b2b4bd8361b856bbc00000000000000000000000a"
                    },
                    {
                        "@odata.id":  "/redfish/v1/StorageSystems/AC-109032/Endpoints/0b2b4bd8361b856bbc00000000000000000000000b"
                    },
                    {
                        "@odata.id":  "/redfish/v1/StorageSystems/AC-109032/Endpoints/0b2b4bd8361b856bbc00000000000000000000000c"
                    },
                    {
                        "@odata.id":  "/redfish/v1/StorageSystems/AC-109032/Endpoints/0b2b4bd8361b856bbc00000000000000000000000d"
                    },
                    {
                        "@odata.id":  "/redfish/v1/StorageSystems/AC-109032/Endpoints/0b2b4bd8361b856bbc00000000000000000000000f"
                    },
                    {
                        "@odata.id":  "/redfish/v1/StorageSystems/AC-109032/Endpoints/0b2b4bd8361b856bbc000000000000000000000010"
                    },
                    {
                        "@odata.id":  "/redfish/v1/StorageSystems/AC-109032/Endpoints/0b2b4bd8361b856bbc000000000000000000000011"
                    }
                ]
}