{
    "@Redfish.Copyright":  "Copyright 2014-2016 Distributed Management Task Force, Inc. (DMTF). For the full DMTF copyright policy, see http://www.dmtf.org/about/policies/copyright.",
    "@odata.id":  "/redfish/v1//StorageSystems/AC-109032/Volumes/Crypt-Audio/Snapshots",
    "@odata.type":  "#SnapshotsCollection.v1_0_0.SnapshotsCollection",
    "Name":  "NimbleSnapshotCollection",
    "Members@odata.count":  48,
    "Members":  [
                    {
                        "@odata.id":  "/redfish/v1/StorageSystems/AC-109032/Volumes/Crypt-Audio/SnapShots/042b4bd8361b856bbc00000000000000040002f41a"
                    },
                    {
                        "@odata.id":  "/redfish/v1/StorageSystems/AC-109032/Volumes/Crypt-Audio/SnapShots/042b4bd8361b856bbc00000000000000040002f3cc"
                    },
                    {
                        "@odata.id":  "/redfish/v1/StorageSystems/AC-109032/Volumes/Crypt-Audio/SnapShots/042b4bd8361b856bbc00000000000000040002f37e"
                    },
                    {
                        "@odata.id":  "/redfish/v1/StorageSystems/AC-109032/Volumes/Crypt-Audio/SnapShots/042b4bd8361b856bbc00000000000000040002f330"
                    },
                    {
                        "@odata.id":  "/redfish/v1/StorageSystems/AC-109032/Volumes/Crypt-Audio/SnapShots/042b4bd8361b856bbc00000000000000040002f2e2"
                    },
                    {
                        "@odata.id":  "/redfish/v1/StorageSystems/AC-109032/Volumes/Crypt-Audio/SnapShots/042b4bd8361b856bbc00000000000000040002ef86"
                    },
                    {
                        "@odata.id":  "/redfish/v1/StorageSystems/AC-109032/Volumes/Crypt-Audio/SnapShots/042b4bd8361b856bbc00000000000000040002ef43"
                    },
                    {
                        "@odata.id":  "/redfish/v1/StorageSystems/AC-109032/Volumes/Crypt-Audio/SnapShots/042b4bd8361b856bbc00000000000000040002ef00"
                    },
                    {
                        "@odata.id":  "/redfish/v1/StorageSystems/AC-109032/Volumes/Crypt-Audio/SnapShots/042b4bd8361b856bbc00000000000000040002eebd"
                    },
                    {
                        "@odata.id":  "/redfish/v1/StorageSystems/AC-109032/Volumes/Crypt-Audio/SnapShots/042b4bd8361b856bbc00000000000000040002ee7a"
                    },
                    {
                        "@odata.id":  "/redfish/v1/StorageSystems/AC-109032/Volumes/Crypt-Audio/SnapShots/042b4bd8361b856bbc00000000000000040002ee37"
                    },
                    {
                        "@odata.id":  "/redfish/v1/StorageSystems/AC-109032/Volumes/Crypt-Audio/SnapShots/042b4bd8361b856bbc00000000000000040002edf2"
                    },
                    {
                        "@odata.id":  "/redfish/v1/StorageSystems/AC-109032/Volumes/Crypt-Audio/SnapShots/042b4bd8361b856bbc00000000000000040002edac"
                    },
                    {
                        "@odata.id":  "/redfish/v1/StorageSystems/AC-109032/Volumes/Crypt-Audio/SnapShots/042b4bd8361b856bbc00000000000000040002ed66"
                    },
                    {
                        "@odata.id":  "/redfish/v1/StorageSystems/AC-109032/Volumes/Crypt-Audio/SnapShots/042b4bd8361b856bbc00000000000000040002ed21"
                    },
                    {
                        "@odata.id":  "/redfish/v1/StorageSystems/AC-109032/Volumes/Crypt-Audio/SnapShots/042b4bd8361b856bbc00000000000000040002ecdb"
                    },
                    {
                        "@odata.id":  "/redfish/v1/StorageSystems/AC-109032/Volumes/Crypt-Audio/SnapShots/042b4bd8361b856bbc00000000000000040002ec95"
                    },
                    {
                        "@odata.id":  "/redfish/v1/StorageSystems/AC-109032/Volumes/Crypt-Audio/SnapShots/042b4bd8361b856bbc00000000000000040002ec4f"
                    },
                    {
                        "@odata.id":  "/redfish/v1/StorageSystems/AC-109032/Volumes/Crypt-Audio/SnapShots/042b4bd8361b856bbc00000000000000040002e92f"
                    },
                    {
                        "@odata.id":  "/redfish/v1/StorageSystems/AC-109032/Volumes/Crypt-Audio/SnapShots/042b4bd8361b856bbc00000000000000040002e8ec"
                    },
                    {
                        "@odata.id":  "/redfish/v1/StorageSystems/AC-109032/Volumes/Crypt-Audio/SnapShots/042b4bd8361b856bbc00000000000000040002e8a9"
                    },
                    {
                        "@odata.id":  "/redfish/v1/StorageSystems/AC-109032/Volumes/Crypt-Audio/SnapShots/042b4bd8361b856bbc00000000000000040002e866"
                    },
                    {
                        "@odata.id":  "/redfish/v1/StorageSystems/AC-109032/Volumes/Crypt-Audio/SnapShots/042b4bd8361b856bbc00000000000000040002e823"
                    },
                    {
                        "@odata.id":  "/redfish/v1/StorageSystems/AC-109032/Volumes/Crypt-Audio/SnapShots/042b4bd8361b856bbc00000000000000040002e7e0"
                    },
                    {
                        "@odata.id":  "/redfish/v1/StorageSystems/AC-109032/Volumes/Crypt-Audio/SnapShots/042b4bd8361b856bbc00000000000000040002e79b"
                    },
                    {
                        "@odata.id":  "/redfish/v1/StorageSystems/AC-109032/Volumes/Crypt-Audio/SnapShots/042b4bd8361b856bbc00000000000000040002e755"
                    },
                    {
                        "@odata.id":  "/redfish/v1/StorageSystems/AC-109032/Volumes/Crypt-Audio/SnapShots/042b4bd8361b856bbc00000000000000040002e70f"
                    },
                    {
                        "@odata.id":  "/redfish/v1/StorageSystems/AC-109032/Volumes/Crypt-Audio/SnapShots/042b4bd8361b856bbc00000000000000040002e6ca"
                    },
                    {
                        "@odata.id":  "/redfish/v1/StorageSystems/AC-109032/Volumes/Crypt-Audio/SnapShots/042b4bd8361b856bbc00000000000000040002e684"
                    },
                    {
                        "@odata.id":  "/redfish/v1/StorageSystems/AC-109032/Volumes/Crypt-Audio/SnapShots/042b4bd8361b856bbc00000000000000040002e63e"
                    },
                    {
                        "@odata.id":  "/redfish/v1/StorageSystems/AC-109032/Volumes/Crypt-Audio/SnapShots/042b4bd8361b856bbc00000000000000040002e5f8"
                    },
                    {
                        "@odata.id":  "/redfish/v1/StorageSystems/AC-109032/Volumes/Crypt-Audio/SnapShots/042b4bd8361b856bbc00000000000000040002e2b8"
                    },
                    {
                        "@odata.id":  "/redfish/v1/StorageSystems/AC-109032/Volumes/Crypt-Audio/SnapShots/042b4bd8361b856bbc00000000000000040002e26a"
                    },
                    {
                        "@odata.id":  "/redfish/v1/StorageSystems/AC-109032/Volumes/Crypt-Audio/SnapShots/042b4bd8361b856bbc00000000000000040002e21c"
                    },
                    {
                        "@odata.id":  "/redfish/v1/StorageSystems/AC-109032/Volumes/Crypt-Audio/SnapShots/042b4bd8361b856bbc00000000000000040002e1ce"
                    },
                    {
                        "@odata.id":  "/redfish/v1/StorageSystems/AC-109032/Volumes/Crypt-Audio/SnapShots/042b4bd8361b856bbc00000000000000040002e180"
                    },
                    {
                        "@odata.id":  "/redfish/v1/StorageSystems/AC-109032/Volumes/Crypt-Audio/SnapShots/042b4bd8361b856bbc00000000000000040002e132"
                    },
                    {
                        "@odata.id":  "/redfish/v1/StorageSystems/AC-109032/Volumes/Crypt-Audio/SnapShots/042b4bd8361b856bbc00000000000000040002e0e2"
                    },
                    {
                        "@odata.id":  "/redfish/v1/StorageSystems/AC-109032/Volumes/Crypt-Audio/SnapShots/042b4bd8361b856bbc00000000000000040002e091"
                    },
                    {
                        "@odata.id":  "/redfish/v1/StorageSystems/AC-109032/Volumes/Crypt-Audio/SnapShots/042b4bd8361b856bbc00000000000000040002e040"
                    },
                    {
                        "@odata.id":  "/redfish/v1/StorageSystems/AC-109032/Volumes/Crypt-Audio/SnapShots/042b4bd8361b856bbc00000000000000040002dff0"
                    },
                    {
                        "@odata.id":  "/redfish/v1/StorageSystems/AC-109032/Volumes/Crypt-Audio/SnapShots/042b4bd8361b856bbc00000000000000040002df9f"
                    },
                    {
                        "@odata.id":  "/redfish/v1/StorageSystems/AC-109032/Volumes/Crypt-Audio/SnapShots/042b4bd8361b856bbc00000000000000040002df4e"
                    },
                    {
                        "@odata.id":  "/redfish/v1/StorageSystems/AC-109032/Volumes/Crypt-Audio/SnapShots/042b4bd8361b856bbc00000000000000040002defd"
                    },
                    {
                        "@odata.id":  "/redfish/v1/StorageSystems/AC-109032/Volumes/Crypt-Audio/SnapShots/042b4bd8361b856bbc00000000000000040002db7a"
                    },
                    {
                        "@odata.id":  "/redfish/v1/StorageSystems/AC-109032/Volumes/Crypt-Audio/SnapShots/042b4bd8361b856bbc00000000000000040002db2c"
                    },
                    {
                        "@odata.id":  "/redfish/v1/StorageSystems/AC-109032/Volumes/Crypt-Audio/SnapShots/042b4bd8361b856bbc00000000000000040002dade"
                    },
                    {
                        "@odata.id":  "/redfish/v1/StorageSystems/AC-109032/Volumes/Crypt-Audio/SnapShots/042b4bd8361b856bbc00000000000000040002da90"
                    }
                ]
}