{
    "@Redfish.Copyright":  "Copyright 2014-2016 Distributed Management Task Force, Inc. (DMTF). For the full DMTF copyright policy, see http://www.dmtf.org/about/policies/copyright.",
    "@odata.context":  "/redfish/v1/$metadata#Volumes/AC-109032/Volumes/Crypt-Audio/Snapshots",
    "@odata.id":  "/redfish/v1//StorageSystems/AC-109032/Volumes/Crypt-Audio/Snapshots",
    "@odata.type":  "#SnapshotsCollection.v1_0_0.SnapshotsCollection",
    "Name":  "NimbleSnapshotCollection",
    "Members@odata.count":  48,
    "Members":  [
                    {
                        "@odata.id":  "/redfish/v1/StorageSystems/AC-109032/Volumes/Crypt-Audio/SnapShots/042b4bd8361b856bbc00000000000000040002d9a4"
                    },
                    {
                        "@odata.id":  "/redfish/v1/StorageSystems/AC-109032/Volumes/Crypt-Audio/SnapShots/042b4bd8361b856bbc00000000000000040002d953"
                    },
                    {
                        "@odata.id":  "/redfish/v1/StorageSystems/AC-109032/Volumes/Crypt-Audio/SnapShots/042b4bd8361b856bbc00000000000000040002d902"
                    },
                    {
                        "@odata.id":  "/redfish/v1/StorageSystems/AC-109032/Volumes/Crypt-Audio/SnapShots/042b4bd8361b856bbc00000000000000040002d8b2"
                    },
                    {
                        "@odata.id":  "/redfish/v1/StorageSystems/AC-109032/Volumes/Crypt-Audio/SnapShots/042b4bd8361b856bbc00000000000000040002d861"
                    },
                    {
                        "@odata.id":  "/redfish/v1/StorageSystems/AC-109032/Volumes/Crypt-Audio/SnapShots/042b4bd8361b856bbc00000000000000040002d810"
                    },
                    {
                        "@odata.id":  "/redfish/v1/StorageSystems/AC-109032/Volumes/Crypt-Audio/SnapShots/042b4bd8361b856bbc00000000000000040002d7bf"
                    },
                    {
                        "@odata.id":  "/redfish/v1/StorageSystems/AC-109032/Volumes/Crypt-Audio/SnapShots/042b4bd8361b856bbc00000000000000040002d43c"
                    },
                    {
                        "@odata.id":  "/redfish/v1/StorageSystems/AC-109032/Volumes/Crypt-Audio/SnapShots/042b4bd8361b856bbc00000000000000040002d3ee"
                    },
                    {
                        "@odata.id":  "/redfish/v1/StorageSystems/AC-109032/Volumes/Crypt-Audio/SnapShots/042b4bd8361b856bbc00000000000000040002d3a0"
                    },
                    {
                        "@odata.id":  "/redfish/v1/StorageSystems/AC-109032/Volumes/Crypt-Audio/SnapShots/042b4bd8361b856bbc00000000000000040002d352"
                    },
                    {
                        "@odata.id":  "/redfish/v1/StorageSystems/AC-109032/Volumes/Crypt-Audio/SnapShots/042b4bd8361b856bbc00000000000000040002d304"
                    },
                    {
                        "@odata.id":  "/redfish/v1/StorageSystems/AC-109032/Volumes/Crypt-Audio/SnapShots/042b4bd8361b856bbc00000000000000040002d2b6"
                    },
                    {
                        "@odata.id":  "/redfish/v1/StorageSystems/AC-109032/Volumes/Crypt-Audio/SnapShots/042b4bd8361b856bbc00000000000000040002d268"
                    },
                    {
                        "@odata.id":  "/redfish/v1/StorageSystems/AC-109032/Volumes/Crypt-Audio/SnapShots/042b4bd8361b856bbc00000000000000040002d21a"
                    },
                    {
                        "@odata.id":  "/redfish/v1/StorageSystems/AC-109032/Volumes/Crypt-Audio/SnapShots/042b4bd8361b856bbc00000000000000040002d1cc"
                    },
                    {
                        "@odata.id":  "/redfish/v1/StorageSystems/AC-109032/Volumes/Crypt-Audio/SnapShots/042b4bd8361b856bbc00000000000000040002d17e"
                    },
                    {
                        "@odata.id":  "/redfish/v1/StorageSystems/AC-109032/Volumes/Crypt-Audio/SnapShots/042b4bd8361b856bbc00000000000000040002d130"
                    },
                    {
                        "@odata.id":  "/redfish/v1/StorageSystems/AC-109032/Volumes/Crypt-Audio/SnapShots/042b4bd8361b856bbc00000000000000040002d0e2"
                    },
                    {
                        "@odata.id":  "/redfish/v1/StorageSystems/AC-109032/Volumes/Crypt-Audio/SnapShots/042b4bd8361b856bbc00000000000000040002d094"
                    },
                    {
                        "@odata.id":  "/redfish/v1/StorageSystems/AC-109032/Volumes/Crypt-Audio/SnapShots/042b4bd8361b856bbc00000000000000040002ccf5"
                    },
                    {
                        "@odata.id":  "/redfish/v1/StorageSystems/AC-109032/Volumes/Crypt-Audio/SnapShots/042b4bd8361b856bbc00000000000000040002cba6"
                    },
                    {
                        "@odata.id":  "/redfish/v1/StorageSystems/AC-109032/Volumes/Crypt-Audio/SnapShots/042b4bd8361b856bbc00000000000000040002ca57"
                    },
                    {
                        "@odata.id":  "/redfish/v1/StorageSystems/AC-109032/Volumes/Crypt-Audio/SnapShots/042b4bd8361b856bbc00000000000000040002c555"
                    },
                    {
                        "@odata.id":  "/redfish/v1/StorageSystems/AC-109032/Volumes/Crypt-Audio/SnapShots/042b4bd8361b856bbc00000000000000040002cb63"
                    },
                    {
                        "@odata.id":  "/redfish/v1/StorageSystems/AC-109032/Volumes/Crypt-Audio/SnapShots/042b4bd8361b856bbc00000000000000040002c6db"
                    },
                    {
                        "@odata.id":  "/redfish/v1/StorageSystems/AC-109032/Volumes/Crypt-Audio/SnapShots/042b4bd8361b856bbc00000000000000040002ca14"
                    },
                    {
                        "@odata.id":  "/redfish/v1/StorageSystems/AC-109032/Volumes/Crypt-Audio/SnapShots/042b4bd8361b856bbc00000000000000040002ccb2"
                    },
                    {
                        "@odata.id":  "/redfish/v1/StorageSystems/AC-109032/Volumes/Crypt-Audio/SnapShots/042b4bd8361b856bbc00000000000000040002c63f"
                    },
                    {
                        "@odata.id":  "/redfish/v1/StorageSystems/AC-109032/Volumes/Crypt-Audio/SnapShots/042b4bd8361b856bbc00000000000000040002c4b9"
                    },
                    {
                        "@odata.id":  "/redfish/v1/StorageSystems/AC-109032/Volumes/Crypt-Audio/SnapShots/042b4bd8361b856bbc00000000000000040002c68d"
                    },
                    {
                        "@odata.id":  "/redfish/v1/StorageSystems/AC-109032/Volumes/Crypt-Audio/SnapShots/042b4bd8361b856bbc00000000000000040002cadd"
                    },
                    {
                        "@odata.id":  "/redfish/v1/StorageSystems/AC-109032/Volumes/Crypt-Audio/SnapShots/042b4bd8361b856bbc00000000000000040002cb20"
                    },
                    {
                        "@odata.id":  "/redfish/v1/StorageSystems/AC-109032/Volumes/Crypt-Audio/SnapShots/042b4bd8361b856bbc00000000000000040002c507"
                    },
                    {
                        "@odata.id":  "/redfish/v1/StorageSystems/AC-109032/Volumes/Crypt-Audio/SnapShots/042b4bd8361b856bbc00000000000000040002c41d"
                    },
                    {
                        "@odata.id":  "/redfish/v1/StorageSystems/AC-109032/Volumes/Crypt-Audio/SnapShots/042b4bd8361b856bbc00000000000000040002c5f1"
                    },
                    {
                        "@odata.id":  "/redfish/v1/StorageSystems/AC-109032/Volumes/Crypt-Audio/SnapShots/042b4bd8361b856bbc00000000000000040002c381"
                    },
                    {
                        "@odata.id":  "/redfish/v1/StorageSystems/AC-109032/Volumes/Crypt-Audio/SnapShots/042b4bd8361b856bbc00000000000000040002cc6f"
                    },
                    {
                        "@odata.id":  "/redfish/v1/StorageSystems/AC-109032/Volumes/Crypt-Audio/SnapShots/042b4bd8361b856bbc00000000000000040002cc2c"
                    },
                    {
                        "@odata.id":  "/redfish/v1/StorageSystems/AC-109032/Volumes/Crypt-Audio/SnapShots/042b4bd8361b856bbc00000000000000040002c46b"
                    },
                    {
                        "@odata.id":  "/redfish/v1/StorageSystems/AC-109032/Volumes/Crypt-Audio/SnapShots/042b4bd8361b856bbc00000000000000040002bfd7"
                    },
                    {
                        "@odata.id":  "/redfish/v1/StorageSystems/AC-109032/Volumes/Crypt-Audio/SnapShots/042b4bd8361b856bbc00000000000000040002cbe9"
                    },
                    {
                        "@odata.id":  "/redfish/v1/StorageSystems/AC-109032/Volumes/Crypt-Audio/SnapShots/042b4bd8361b856bbc00000000000000040002bf94"
                    },
                    {
                        "@odata.id":  "/redfish/v1/StorageSystems/AC-109032/Volumes/Crypt-Audio/SnapShots/042b4bd8361b856bbc00000000000000040002cd38"
                    },
                    {
                        "@odata.id":  "/redfish/v1/StorageSystems/AC-109032/Volumes/Crypt-Audio/SnapShots/042b4bd8361b856bbc00000000000000040002c3cf"
                    },
                    {
                        "@odata.id":  "/redfish/v1/StorageSystems/AC-109032/Volumes/Crypt-Audio/SnapShots/042b4bd8361b856bbc00000000000000040002ca9a"
                    },
                    {
                        "@odata.id":  "/redfish/v1/StorageSystems/AC-109032/Volumes/Crypt-Audio/SnapShots/042b4bd8361b856bbc00000000000000040002c333"
                    },
                    {
                        "@odata.id":  "/redfish/v1/StorageSystems/AC-109032/Volumes/Crypt-Audio/SnapShots/042b4bd8361b856bbc00000000000000040002c5a3"
                    }
                ]
}