{
    "@Redfish.Copyright":  "Copyright 2014-2016 Distributed Management Task Force, Inc. (DMTF). For the full DMTF copyright policy, see http://www.dmtf.org/about/policies/copyright.",
    "@odata.context":  "/redfish/v1/$metadata#Volumes/AC-109032/Volumes/bob12/Snapshots",
    "@odata.id":  "/redfish/v1//StorageSystems/AC-109032/Volumes/bob12/Snapshots",
    "@odata.type":  "#SnapshotsCollection.1_0_0.SnapshotsCollection",
    "Name":  "NimbleSnapshotCollection",
    "Members@odata.count":  60,
    "Members":  [
                    {
                        "@odata.id":  "/redfish/v1/StorageSystems/AC-109032/Volumes/bob12/SnapShots/042b4bd8361b856bbc0000000000000017000294d8"
                    },
                    {
                        "@odata.id":  "/redfish/v1/StorageSystems/AC-109032/Volumes/bob12/SnapShots/042b4bd8361b856bbc0000000000000017000294d2"
                    },
                    {
                        "@odata.id":  "/redfish/v1/StorageSystems/AC-109032/Volumes/bob12/SnapShots/042b4bd8361b856bbc0000000000000017000294cc"
                    },
                    {
                        "@odata.id":  "/redfish/v1/StorageSystems/AC-109032/Volumes/bob12/SnapShots/042b4bd8361b856bbc0000000000000017000294c6"
                    },
                    {
                        "@odata.id":  "/redfish/v1/StorageSystems/AC-109032/Volumes/bob12/SnapShots/042b4bd8361b856bbc0000000000000017000294bb"
                    },
                    {
                        "@odata.id":  "/redfish/v1/StorageSystems/AC-109032/Volumes/bob12/SnapShots/042b4bd8361b856bbc0000000000000017000294b5"
                    },
                    {
                        "@odata.id":  "/redfish/v1/StorageSystems/AC-109032/Volumes/bob12/SnapShots/042b4bd8361b856bbc0000000000000017000294ae"
                    },
                    {
                        "@odata.id":  "/redfish/v1/StorageSystems/AC-109032/Volumes/bob12/SnapShots/042b4bd8361b856bbc0000000000000017000294a8"
                    },
                    {
                        "@odata.id":  "/redfish/v1/StorageSystems/AC-109032/Volumes/bob12/SnapShots/042b4bd8361b856bbc0000000000000017000294a2"
                    },
                    {
                        "@odata.id":  "/redfish/v1/StorageSystems/AC-109032/Volumes/bob12/SnapShots/042b4bd8361b856bbc00000000000000170002949c"
                    },
                    {
                        "@odata.id":  "/redfish/v1/StorageSystems/AC-109032/Volumes/bob12/SnapShots/042b4bd8361b856bbc000000000000001700029490"
                    },
                    {
                        "@odata.id":  "/redfish/v1/StorageSystems/AC-109032/Volumes/bob12/SnapShots/042b4bd8361b856bbc000000000000001700029496"
                    },
                    {
                        "@odata.id":  "/redfish/v1/StorageSystems/AC-109032/Volumes/bob12/SnapShots/042b4bd8361b856bbc000000000000001700029484"
                    },
                    {
                        "@odata.id":  "/redfish/v1/StorageSystems/AC-109032/Volumes/bob12/SnapShots/042b4bd8361b856bbc00000000000000170002948a"
                    },
                    {
                        "@odata.id":  "/redfish/v1/StorageSystems/AC-109032/Volumes/bob12/SnapShots/042b4bd8361b856bbc00000000000000170002947e"
                    },
                    {
                        "@odata.id":  "/redfish/v1/StorageSystems/AC-109032/Volumes/bob12/SnapShots/042b4bd8361b856bbc000000000000001700029478"
                    },
                    {
                        "@odata.id":  "/redfish/v1/StorageSystems/AC-109032/Volumes/bob12/SnapShots/042b4bd8361b856bbc00000000000000170002946d"
                    },
                    {
                        "@odata.id":  "/redfish/v1/StorageSystems/AC-109032/Volumes/bob12/SnapShots/042b4bd8361b856bbc000000000000001700029467"
                    },
                    {
                        "@odata.id":  "/redfish/v1/StorageSystems/AC-109032/Volumes/bob12/SnapShots/042b4bd8361b856bbc000000000000001700029460"
                    },
                    {
                        "@odata.id":  "/redfish/v1/StorageSystems/AC-109032/Volumes/bob12/SnapShots/042b4bd8361b856bbc00000000000000170002945a"
                    },
                    {
                        "@odata.id":  "/redfish/v1/StorageSystems/AC-109032/Volumes/bob12/SnapShots/042b4bd8361b856bbc000000000000001700029454"
                    },
                    {
                        "@odata.id":  "/redfish/v1/StorageSystems/AC-109032/Volumes/bob12/SnapShots/042b4bd8361b856bbc00000000000000170002944e"
                    },
                    {
                        "@odata.id":  "/redfish/v1/StorageSystems/AC-109032/Volumes/bob12/SnapShots/042b4bd8361b856bbc000000000000001700029448"
                    },
                    {
                        "@odata.id":  "/redfish/v1/StorageSystems/AC-109032/Volumes/bob12/SnapShots/042b4bd8361b856bbc000000000000001700029442"
                    },
                    {
                        "@odata.id":  "/redfish/v1/StorageSystems/AC-109032/Volumes/bob12/SnapShots/042b4bd8361b856bbc00000000000000170002943c"
                    },
                    {
                        "@odata.id":  "/redfish/v1/StorageSystems/AC-109032/Volumes/bob12/SnapShots/042b4bd8361b856bbc000000000000001700029436"
                    },
                    {
                        "@odata.id":  "/redfish/v1/StorageSystems/AC-109032/Volumes/bob12/SnapShots/042b4bd8361b856bbc000000000000001700029430"
                    },
                    {
                        "@odata.id":  "/redfish/v1/StorageSystems/AC-109032/Volumes/bob12/SnapShots/042b4bd8361b856bbc00000000000000170002942a"
                    },
                    {
                        "@odata.id":  "/redfish/v1/StorageSystems/AC-109032/Volumes/bob12/SnapShots/042b4bd8361b856bbc000000000000001700029419"
                    },
                    {
                        "@odata.id":  "/redfish/v1/StorageSystems/AC-109032/Volumes/bob12/SnapShots/042b4bd8361b856bbc00000000000000170002941f"
                    },
                    {
                        "@odata.id":  "/redfish/v1/StorageSystems/AC-109032/Volumes/bob12/SnapShots/042b4bd8361b856bbc000000000000001700029412"
                    },
                    {
                        "@odata.id":  "/redfish/v1/StorageSystems/AC-109032/Volumes/bob12/SnapShots/042b4bd8361b856bbc00000000000000170002940c"
                    },
                    {
                        "@odata.id":  "/redfish/v1/StorageSystems/AC-109032/Volumes/bob12/SnapShots/042b4bd8361b856bbc000000000000001700029400"
                    },
                    {
                        "@odata.id":  "/redfish/v1/StorageSystems/AC-109032/Volumes/bob12/SnapShots/042b4bd8361b856bbc000000000000001700029406"
                    },
                    {
                        "@odata.id":  "/redfish/v1/StorageSystems/AC-109032/Volumes/bob12/SnapShots/042b4bd8361b856bbc0000000000000017000293fa"
                    },
                    {
                        "@odata.id":  "/redfish/v1/StorageSystems/AC-109032/Volumes/bob12/SnapShots/042b4bd8361b856bbc0000000000000017000293f4"
                    },
                    {
                        "@odata.id":  "/redfish/v1/StorageSystems/AC-109032/Volumes/bob12/SnapShots/042b4bd8361b856bbc0000000000000017000293e8"
                    },
                    {
                        "@odata.id":  "/redfish/v1/StorageSystems/AC-109032/Volumes/bob12/SnapShots/042b4bd8361b856bbc0000000000000017000293ee"
                    },
                    {
                        "@odata.id":  "/redfish/v1/StorageSystems/AC-109032/Volumes/bob12/SnapShots/042b4bd8361b856bbc0000000000000017000293e2"
                    },
                    {
                        "@odata.id":  "/redfish/v1/StorageSystems/AC-109032/Volumes/bob12/SnapShots/042b4bd8361b856bbc0000000000000017000293dc"
                    },
                    {
                        "@odata.id":  "/redfish/v1/StorageSystems/AC-109032/Volumes/bob12/SnapShots/042b4bd8361b856bbc0000000000000017000293d1"
                    },
                    {
                        "@odata.id":  "/redfish/v1/StorageSystems/AC-109032/Volumes/bob12/SnapShots/042b4bd8361b856bbc0000000000000017000293c4"
                    },
                    {
                        "@odata.id":  "/redfish/v1/StorageSystems/AC-109032/Volumes/bob12/SnapShots/042b4bd8361b856bbc0000000000000017000293cb"
                    },
                    {
                        "@odata.id":  "/redfish/v1/StorageSystems/AC-109032/Volumes/bob12/SnapShots/042b4bd8361b856bbc0000000000000017000293be"
                    },
                    {
                        "@odata.id":  "/redfish/v1/StorageSystems/AC-109032/Volumes/bob12/SnapShots/042b4bd8361b856bbc0000000000000017000293b8"
                    },
                    {
                        "@odata.id":  "/redfish/v1/StorageSystems/AC-109032/Volumes/bob12/SnapShots/042b4bd8361b856bbc0000000000000017000293b2"
                    },
                    {
                        "@odata.id":  "/redfish/v1/StorageSystems/AC-109032/Volumes/bob12/SnapShots/042b4bd8361b856bbc0000000000000017000293ac"
                    },
                    {
                        "@odata.id":  "/redfish/v1/StorageSystems/AC-109032/Volumes/bob12/SnapShots/042b4bd8361b856bbc0000000000000017000293a6"
                    },
                    {
                        "@odata.id":  "/redfish/v1/StorageSystems/AC-109032/Volumes/bob12/SnapShots/042b4bd8361b856bbc0000000000000017000293a0"
                    },
                    {
                        "@odata.id":  "/redfish/v1/StorageSystems/AC-109032/Volumes/bob12/SnapShots/042b4bd8361b856bbc00000000000000170002939a"
                    },
                    {
                        "@odata.id":  "/redfish/v1/StorageSystems/AC-109032/Volumes/bob12/SnapShots/042b4bd8361b856bbc000000000000001700029394"
                    },
                    {
                        "@odata.id":  "/redfish/v1/StorageSystems/AC-109032/Volumes/bob12/SnapShots/042b4bd8361b856bbc00000000000000170002938e"
                    },
                    {
                        "@odata.id":  "/redfish/v1/StorageSystems/AC-109032/Volumes/bob12/SnapShots/042b4bd8361b856bbc000000000000001700029383"
                    },
                    {
                        "@odata.id":  "/redfish/v1/StorageSystems/AC-109032/Volumes/bob12/SnapShots/042b4bd8361b856bbc00000000000000170002937d"
                    },
                    {
                        "@odata.id":  "/redfish/v1/StorageSystems/AC-109032/Volumes/bob12/SnapShots/042b4bd8361b856bbc000000000000001700029376"
                    },
                    {
                        "@odata.id":  "/redfish/v1/StorageSystems/AC-109032/Volumes/bob12/SnapShots/042b4bd8361b856bbc000000000000001700029370"
                    },
                    {
                        "@odata.id":  "/redfish/v1/StorageSystems/AC-109032/Volumes/bob12/SnapShots/042b4bd8361b856bbc00000000000000170002936a"
                    },
                    {
                        "@odata.id":  "/redfish/v1/StorageSystems/AC-109032/Volumes/bob12/SnapShots/042b4bd8361b856bbc000000000000001700029364"
                    },
                    {
                        "@odata.id":  "/redfish/v1/StorageSystems/AC-109032/Volumes/bob12/SnapShots/042b4bd8361b856bbc00000000000000170002935e"
                    },
                    {
                        "@odata.id":  "/redfish/v1/StorageSystems/AC-109032/Volumes/bob12/SnapShots/042b4bd8361b856bbc000000000000001700029358"
                    }
                ]
}