{
    "@odata.context":  "/redfish/v1/$metadata#Volume.Volume",
    "@odata.id":  "/redfish/v1/StorageServices/S1/Volumes/00c0ff50437d0000d9c73e5f01000000",
    "@odata.type":  "#Volume.v1_4_0.Volume",
    "Id":  "00c0ff50437d0000d9c73e5f01000000",
    "Name":  "Vol1",
    "Manufacturer":  "HPE",
    "BlockSizeBytes":  512,
    "CapacityBytes":  99996401664,
    "AccessCapabilities":  [
                               "Read",
                               "Write"
                           ],
    "RemainingCapacityPercent":  99,
    "Encrypted":  true,
    "EncryptionTypes":  [
                            "NativeDriveEncryption"
                        ],
    "IOStatistics":  {
                         "ReadHitIORequests":  2506,
                         "ReadIOKiBytes":  184030,
                         "WriteHitIORequests":  357181,
                         "WriteIOKiBytes":  181858065
                     },
    "Capacity":  {
                     "Data":  {
                                  "AllocatedBytes":  99996401664,
                                  "ConsumedBytes":  11815354368
                              }
                 },
    "Status":  {
                   "State":  "Enabled",
                   "Health":  "OK"
               },
    "CapacitySources":  [
                            {
                                "@odata.id":  "/redfish/v1/StorageServices/S1/Volumes/00c0ff50437d0000d9c73e5f01000000#/CapacitySources/0",
                                "@odata.type":  "#Capacity.v1_1_2.CapacitySource",
                                "Id":  "00c0ff50437d0000d9c73e5f01000000",
                                "Name":  "Vol1",
                                "ProvidingPools":  {
                                                       "@odata.context":  "/redfish/v1/$metadata#StoragePoolCollection.StoragePoolCollection",
                                                       "@odata.id":  "/redfish/v1/StorageServices/S1/StoragePools",
                                                       "@odata.type":  "#StoragePoolCollection.StoragePoolCollection",
                                                       "Name":  "StoragePools",
                                                       "Members@odata.count":  1,
                                                       "Members":  [
                                                                       {
                                                                           "@odata.id":  "/redfish/v1/StorageServices/S1/StoragePools/A"
                                                                       }
                                                                   ]
                                                   }
                            }
                        ]
}