{
    "@Redfish.Copyright":  "Copyright 2014-2016 Distributed Management Task Force, Inc. (DMTF). For the full DMTF copyright policy, see http://www.dmtf.org/about/policies/copyright.",
    "@odata.id":  "/redfish/v1/Storage/AC-109032/Volumes/bob12",
    "@odata.type":  "#Volume.v1_4_0.Volume",
    "Id":  "062b4bd8361b856bbc000000000000000000000012",
    "Name":  "bob12",
    "Description":  "My New Vol",
    "CapacityBytes":  104857600,
    "Status":  {
                   "State":  "Enabled",
                   "Health":  "OK"
               },
    "BlockSizeBytes":  4096,
    "MaxBlockSizeBytes":  4096,
    "Manufacturer":  "HPENimbleStorage",
    "Encrypted":  false,
    "EncryptionTypes":  "ControllerAssisted",
    "ProvisioningPolicy":  "thin",
    "Compressed":  true,
    "Deduplicated":  false,
    "DisplayName":  "default:/bob12",
    "LowSpaceWarningThresholdPercents":  80,
    "OptimumIOSizeBytes":  4096,
    "VolumeType":  "SpannedStripesWithParity",
    "VolumeUsageType":  "Data",
    "ReadCachePolicyType":  "AdaptiveReadAhead",
    "WriteCacheState":  "Enabled",
    "WriteCachePolicyType":  "ProtectedWriteBack",
    "WriteCacheStateType":  "Protected",
    "WriteHoleProtectionPolicyType":  "Journaling",
    "CapacitySources":  [
                            {
                                "ProvidingPools":  {
                                                       "Pools":  [
                                                                     {
                                                                         "@odata,id":  "/redfish/v1/Storage/AC-109032/StoragePools/default"
                                                                     }
                                                                 ]
                                                   },
                                "ProvidedCapacity":  {
                                                         "AllocatedCapacity":  104857600,
                                                         "ConsumedBytes":  0
                                                     }
                            }
                        ],
    "Identifiers":  [
                        {
                            "Manufacturer":  "NimbleStorage"
                        },
                        {
                            "DurableName":  "062b4bd8361b856bbc000000000000000000000012",
                            "DurableNameFormat":  "UUID"
                        },
                        {
                            "DurableName":  "08bb57e5210208d8",
                            "DurableNameFormat":  "vpd_ieee0"
                        },
                        {
                            "DurableName":  "6c9ce9008ab3ce30",
                            "DurableNameFormat":  "vpd_ieee1"
                        },
                        {
                            "DurableName":  "Nimble  08bb57e5210208d86c9ce9008ab3ce30",
                            "DurableNameFormat":  "vpd_t10"
                        },
                        {
                            "DurableName":  "iqn.2007-11.com.nimblestorage:bob12-v2b4bd8361b856bbc.00000012.30ceb38a",
                            "DurableNameFormat":  "iqn"
                        }
                    ],
    "ConsistencyGroup":  "/redfish/v1/Storage/AC-109032/ConsistencyGroup/minutesTest"
}