{
    "@Redfish.Copyright":  "Copyright 2014-2016 Distributed Management Task Force, Inc. (DMTF). For the full DMTF copyright policy, see http://www.dmtf.org/about/policies/copyright.",
    "@odata.id":  "/redfish/v1/StorageSystems/AC-109032/StorageGroups/0d2b4bd8361b856bbc000000000000000000000018",
    "@odata.type":  "#StorageGroup.v1_4_0.StorageGroup",
    "Name":  "0d2b4bd8361b856bbc000000000000000000000018",
    "Description":  "Storage Access Control Group connecting Endpoints to Volumes",
    "ClientEndpointGroups@odata.count":  1,
    "ClientEndpointGroups":  [
                                 {
                                     "@odata.id":  "022b4bd8361b856bbc00000000000000000000000b"
                                 }
                             ],
    "ServerEndpointGroups":  [
                                 {
                                     "@odata.id":  "AC-109032_AllSubnets"
                                 }
                             ],
    "AuthenticationMethod":  "None",
    "CHAPInformation":  {
                            "InitiatorCHAPUser":  "*"
                        },
    "MappedVolumes":  [
                          {
                              "Volume":  "/redfish/v1/StorageServices/AC-109032/Volumes/DS9HyperVReplica",
                              "LogicalUnitNumber":  0
                          }
                      ],
    "Id":  "0d2b4bd8361b856bbc000000000000000000000018"
}