{
    "@Redfish.Copyright":  "Copyright 2014-2016 Distributed Management Task Force, Inc. (DMTF). For the full DMTF copyright policy, see http://www.dmtf.org/about/policies/copyright.",
    "@odata.context":  "/redfish/v1/$metadata#Event.Event",
    "@odata.id":  "/redfish/v1/EventService/Event",
    "@odata.type":  "#Event.Event",
    "Name":  "Event Collection",
    "Id":  "Event Collection",
    "Events":  [
                   {
                       "@odata.id":  "/redfish/v1/EventService/Events/182b4bd8361b856bbc000000000000000000017b7e"
                   },
                   {
                       "@odata.id":  "/redfish/v1/EventService/Events/182b4bd8361b856bbc000000000000000000012d27"
                   },
                   {
                       "@odata.id":  "/redfish/v1/EventService/Events/182b4bd8361b856bbc000000000000000000015aa6"
                   },
                   {
                       "@odata.id":  "/redfish/v1/EventService/Events/182b4bd8361b856bbc0000000000000000000154b1"
                   },
                   {
                       "@odata.id":  "/redfish/v1/EventService/Events/182b4bd8361b856bbc00000000000000000001676f"
                   },
                   {
                       "@odata.id":  "/redfish/v1/EventService/Events/182b4bd8361b856bbc000000000000000000014703"
                   },
                   {
                       "@odata.id":  "/redfish/v1/EventService/Events/182b4bd8361b856bbc00000000000000000001401a"
                   },
                   {
                       "@odata.id":  "/redfish/v1/EventService/Events/182b4bd8361b856bbc0000000000000000000194ee"
                   },
                   {
                       "@odata.id":  "/redfish/v1/EventService/Events/182b4bd8361b856bbc000000000000000000018825"
                   },
                   {
                       "@odata.id":  "/redfish/v1/EventService/Events/182b4bd8361b856bbc000000000000000000018230"
                   },
                   {
                       "@odata.id":  "/redfish/v1/EventService/Events/182b4bd8361b856bbc000000000000000000018e59"
                   },
                   {
                       "@odata.id":  "/redfish/v1/EventService/Events/182b4bd8361b856bbc000000000000000000017482"
                   },
                   {
                       "@odata.id":  "/redfish/v1/EventService/Events/182b4bd8361b856bbc00000000000000000001335c"
                   },
                   {
                       "@odata.id":  "/redfish/v1/EventService/Events/182b4bd8361b856bbc000000000000000000016d99"
                   },
                   {
                       "@odata.id":  "/redfish/v1/EventService/Events/182b4bd8361b856bbc000000000000000000014dff"
                   },
                   {
                       "@odata.id":  "/redfish/v1/EventService/Events/182b4bd8361b856bbc0000000000000000000160db"
                   },
                   {
                       "@odata.id":  "/redfish/v1/EventService/Events/182b4bd8361b856bbc0000000000000000000139f0"
                   }
               ]
}