{
    "@Redfish.Copyright":  "Copyright 2014-2016 HPE and DMTF",
    "@odata.id":  "/redfish/v1/Fabrics/AC-109032/Endpoints/0b2b4bd8361b856bbc000000000000000000000002",
    "@odata.type":  "#Endpoint.v1_4_0.Endpoint",
    "Name":  "CentOS-iqn",
    "ConnectedEntities":  [
                              {
                                  "EntityRole":  "Initiator"
                              }
                          ],
    "Description":  "Device named CentOS-iqn. Registered iSCSI Initiator.",
    "EndpointProtocol":  "iSCSI",
    "IPv4Address":  "*",
    "Id":  "0b2b4bd8361b856bbc000000000000000000000002",
    "Identifiers":  [
                        {
                            "DurableName":  "iqn.1994-05.lab.lionetti:CentOS",
                            "DurableNameFormat":  "iqn"
                        }
                    ]
}