{
    "@Redfish.Copyright":  "Copyright 2014-2016 HPE and DMTF",
    "@odata.id":  "/redfish/v1/EventService/Event/182b4bd8361b856bbc0000000000000000000341eb",
    "@odata.type":  "#Event.v1.4.2.Event",
    "Name":  "Event Array",
    "Id":  "182b4bd8361b856bbc0000000000000000000341eb",
    "Events":  {
                   "EventId":  2028,
                   "Message":  "Controller A rebooted unexpectedly. Contact Nimble Storage Support.",
                   "EventTimestamp":  1588313753,
                   "EventType":  "hardware",
                   "Severity":  "warning"
               }
}