{
    "@Redfish.Copyright":  "Copyright 2014-2016 HPE and DMTF",
    "@odata.id":  "/redfish/v1/AccountService/Accounts/102b4bd8361b856bbc000000000000000000000007",
    "@odata.type":  "#ManagerAccount.v1_5_0.ManagerAccount",
    "Id":  "102b4bd8361b856bbc000000000000000000000007",
    "Name":  "test3",
    "UserName":  "test3",
    "Description":  "",
    "RoleId":  "administrator",
    "Locked":  true,
    "Links":  {
                  "Role":  {
                               "@odata.id":  "/redfish/v1/AccountService/Roles/administrator"
                           }
              }
}