{
    "@odata.context":  "/redfish/v1/$metadata#StoragePool.StoragePool",
    "@odata.id":  "/redfish/v1/StorageServices/S1/StoragePools/B",
    "@odata.type":  "#StoragePool.v1_2_0.StoragePool",
    "Id":  "00c0ff5043920000603c3d5f01000000",
    "Name":  "B",
    "Description":  "Pool",
    "MaxBlockSizeBytes":  512,
    "AllocatedVolumes":  {
                             "@odata.id":  "/redfish/v1/StorageServices/S1/StoragePools/B/Volumes"
                         },
    "AllocatedPools":  {
                           "@odata.id":  "/redfish/v1/StorageServices/S1/StoragePools"
                       },
    "RemainingCapacityPercent":  99,
    "IOStatistics":  {
                         "ReadHitIORequests":  620364,
                         "ReadIOKiBytes":  787054592,
                         "ReadIORequestTime":  "37070",
                         "WriteHitIORequests":  158,
                         "WriteIOKiBytes":  384657,
                         "WriteIORequestTime":  "0"
                     },
    "Capacity":  {
                     "Data":  {
                                  "AllocatedBytes":  1781245411328,
                                  "ConsumedBytes":  8388608
                              }
                 },
    "Status":  {
                   "State":  "Enabled",
                   "Health":  "OK"
               },
    "CapacitySources":  [
                            {
                                "@odata.id":  "/redfish/v1/StorageServices/S1/StoragePools/B#/CapacitySources/0",
                                "@odata.type":  "#Capacity.v1_1_2.CapacitySource",
                                "Id":  "00c0ff5043920000603c3d5f01000000",
                                "Name":  "B",
                                "ProvidingPools":  {
                                                       "@odata.context":  "/redfish/v1/$metadata#StoragePoolCollection.StoragePoolCollection",
                                                       "@odata.id":  "/redfish/v1/StorageServices/S1/StoragePools",
                                                       "@odata.type":  "#StoragePoolCollection.StoragePoolCollection",
                                                       "Name":  "StoragePools",
                                                       "Members@odata.count":  1,
                                                       "Members":  [
                                                                       {
                                                                           "@odata.id":  "/redfish/v1/StorageServices/S1/StoragePools/00c0ff5043920000593c3d5f00000000"
                                                                       }
                                                                   ]
                                                   }
                            }
                        ]
}