{
    "@Redfish.Copyright":  "Copyright 2014-2016 Distributed Management Task Force, Inc. (DMTF). For the full DMTF copyright policy, see http://www.dmtf.org/about/policies/copyright.",
    "PartNumber":  "CS700-2G-36T-3200F",
    "Manufacturer":  "HPE-Nimble",
    "ChassisType":  "chassis_smc_3u16",
    "@odata.id":  "/redfish/v1/Chassis/AC-109032",
    "@odata.type":  "#Chassis.1_0_0.Chassis",
    "Model":  "CS700",
    "SerialNumber":  "AC-109032",
    "Id":  "2d2b4bd8361b856bbc00000001000041430001a9e8",
    "SKU":  "CS700-2G-36T-3200F",
    "Power":  {
                  "@odata.id":  "/redfish/v1/Chassis/AC-109032/Power"
              },
    "@odata.context":  "/redfish/v1/$metadata#Chassis/Members/$entity",
    "Name":  "AC-109032",
    "Thermal":  {
                    "@odata.id":  "/redfish/v1/Chassis/AC-109032/Thermal"
                },
    "Status":  {
                   "State":  "Enabled",
                   "Health":  "OK"
               },
    "Drives":  {
                   "@odata.id":  "/redfish/v1/Chassis/AC-109032/Drives"
               },
    "Links":  {
                  "StorageSystems":  "/redfish/v1/StorageSystem/"
              },
    "IndicatorLED":  "OK"
}