{
    "@Redfish.Copyright":  "Copyright 2014-2016 Distributed Management Task Force, Inc. (DMTF). For the full DMTF copyright policy, see http://www.dmtf.org/about/policies/copyright.",
    "@odata.id":  "/redfish/v1/Storage/AC-109032/ConsistencyGroups",
    "@odata.type":  "#ConsistencyGroupCollection.ConsistencyGroupCollection",
    "Name":  "Nimble Volume Collection (Consistency Groups)",
    "Members@odata.count":  7,
    "Members":  [
                    {
                        "@odata.id":  "/redfish/v1/Storage/AC-109032/ConsistencyGroups/Crypt"
                    },
                    {
                        "@odata.id":  "/redfish/v1/Storage/AC-109032/ConsistencyGroups/SystemCenter2019"
                    },
                    {
                        "@odata.id":  "/redfish/v1/Storage/AC-109032/ConsistencyGroups/SQL2019"
                    },
                    {
                        "@odata.id":  "/redfish/v1/Storage/AC-109032/ConsistencyGroups/2016-Hyper-V"
                    },
                    {
                        "@odata.id":  "/redfish/v1/Storage/AC-109032/ConsistencyGroups/minutesTest"
                    },
                    {
                        "@odata.id":  "/redfish/v1/Storage/AC-109032/ConsistencyGroups/HourlySnaps"
                    },
                    {
                        "@odata.id":  "/redfish/v1/Storage/AC-109032/ConsistencyGroups/BorgData1"
                    }
                ]
}