{
    "@Redfish.Copyright":  "Copyright 2014-2016 Distributed Management Task Force, Inc. (DMTF). For the full DMTF copyright policy, see http://www.dmtf.org/about/policies/copyright.",
    "@odata.id":  "/redfish/v1/AccountService/Roles/administrator",
    "@odata.type":  "#Role.v1_2_4.Role",
    "Name":  "administrator",
    "IsPredefined":  true,
    "Id":  "administrator",
    "Description":  "Administrator Role",
    "RoleId":  "administrator",
    "AssignedPrivileges":  [
                               "Login",
                               "ConfigureSelf",
                               "ConfigureUsers",
                               "ConfigureManager",
                               "ConfigureComponents"
                           ]
}