{
    "@Redfish.Copyright":  "Copyright 2014-2016 Distributed Management Task Force, Inc. (DMTF). For the full DMTF copyright policy, see http://www.dmtf.org/about/policies/copyright.",
    "@odata.id":  "/redfish/v1/AccountService/Roles/administrator",
    "@odata.type":  "#Role.v1_1_0.Role",
    "Name":  "administrator",
    "IsPredefined":  "true",
    "Id":  "152b4bd8361b856bbc000000000000000000000001",
    "Description":  "Administrator Role",
    "RoleId":  "152b4bd8361b856bbc000000000000000000000001",
    "AssignedPrivileges":  [
                               "Login",
                               "ConfigureSelf",
                               "ConfigureUsers",
                               "ConfigureManager",
                               "ConfigureComponents"
                           ]
}