{
    "@odata.context":  "/redfish/v1/$metadata#StoragePoolCollection.StoragePoolCollection",
    "@odata.type":  "#StoragePoolCollection.StoragePoolCollection",
    "@odata.id":  "/redfish/v1/StorageServices/S1/StoragePools",
    "Name":  "StoragePool Collection",
    "Members@odata.count":  4,
    "Members":  [
                    {
                        "@odata.id":  "/redfish/v1/StorageServices/S1/StoragePools/00c0ff50437d0000f93a3d5f00000000"
                    },
                    {
                        "@odata.id":  "/redfish/v1/StorageServices/S1/StoragePools/00c0ff5043920000593c3d5f00000000"
                    },
                    {
                        "@odata.id":  "/redfish/v1/StorageServices/S1/StoragePools/A"
                    },
                    {
                        "@odata.id":  "/redfish/v1/StorageServices/S1/StoragePools/B"
                    }
                ]
}