{
    "@Redfish.Copyright":  "Copyright 2014-2016 Distributed Management Task Force, Inc. (DMTF). For the full DMTF copyright policy, see http://www.dmtf.org/about/policies/copyright.",
    "@odata.context":  "/redfish/v1/$metadata#EndpointGroup/AC-109032/EndpointGroups",
    "@odata.id":  "/redfish/v1/StorageSystems/AC-109032/EndpointGroups",
    "@odata.type":  "#EndpointGroups.v1_4_0.EndpointGroups",
    "Name":  "Nimble Endpoint Groups",
    "Members@odata.count":  20,
    "Members":  [
                    {
                        "@odata.id":  "/redfish/v1/StorageSystems/AC-109032/EndpointGroups/management"
                    },
                    {
                        "@odata.id":  "/redfish/v1/StorageSystems/AC-109032/EndpointGroups/iSCSI1"
                    },
                    {
                        "@odata.id":  "/redfish/v1/StorageSystems/AC-109032/EndpointGroups/iSCSI2"
                    },
                    {
                        "@odata,id":  "/redfish/v1/StorageSystems/AC-109032/EndpointGroups/AC-109032_AllSubnets"
                    },
                    {
                        "@odata.id":  "/redfish/v1/StorageSystems/AC-109032/EndpointGroups/Crypt"
                    },
                    {
                        "@odata.id":  "/redfish/v1/StorageSystems/AC-109032/EndpointGroups/CentOS"
                    },
                    {
                        "@odata.id":  "/redfish/v1/StorageSystems/AC-109032/EndpointGroups/NSSQL"
                    },
                    {
                        "@odata.id":  "/redfish/v1/StorageSystems/AC-109032/EndpointGroups/NSSCVMM"
                    },
                    {
                        "@odata.id":  "/redfish/v1/StorageSystems/AC-109032/EndpointGroups/NSSCOM"
                    },
                    {
                        "@odata.id":  "/redfish/v1/StorageSystems/AC-109032/EndpointGroups/NSSCORCH"
                    },
                    {
                        "@odata.id":  "/redfish/v1/StorageSystems/AC-109032/EndpointGroups/NSSCDPM"
                    },
                    {
                        "@odata.id":  "/redfish/v1/StorageSystems/AC-109032/EndpointGroups/Taylor"
                    },
                    {
                        "@odata.id":  "/redfish/v1/StorageSystems/AC-109032/EndpointGroups/riker"
                    },
                    {
                        "@odata.id":  "/redfish/v1/StorageSystems/AC-109032/EndpointGroups/picard"
                    },
                    {
                        "@odata.id":  "/redfish/v1/StorageSystems/AC-109032/EndpointGroups/Dax"
                    },
                    {
                        "@odata.id":  "/redfish/v1/StorageSystems/AC-109032/EndpointGroups/kirk"
                    },
                    {
                        "@odata.id":  "/redfish/v1/StorageSystems/AC-109032/EndpointGroups/spock"
                    },
                    {
                        "@odata.id":  "/redfish/v1/StorageSystems/AC-109032/EndpointGroups/hostname"
                    },
                    {
                        "@odata.id":  "/redfish/v1/StorageSystems/AC-109032/EndpointGroups/Q"
                    },
                    {
                        "@odata.id":  "/redfish/v1/StorageSystems/AC-109032/EndpointGroups/Borg"
                    }
                ]
}