{
    "@Redfish.Copyright":  "Copyright 2014-2016 HPE and DMTF",
    "@odata.id":  "/redfish/v1//Storage/AC-109032/StoragePools/Default/Volumes/Crypt-Audio/Snapshots",
    "@odata.type":  "#SnapshotsCollection.v1_0_0.SnapshotsCollection",
    "Name":  "NimbleSnapshotCollection",
    "Members@odata.count":  48,
    "Members":  [
                    {
                        "@odata.id":  "/redfish/v1/Storage/AC-109032/StoragePools/Default/Volumes/Crypt-Audio/SnapShots/042b4bd8361b856bbc00000000000000040003c349"
                    },
                    {
                        "@odata.id":  "/redfish/v1/Storage/AC-109032/StoragePools/Default/Volumes/Crypt-Audio/SnapShots/042b4bd8361b856bbc00000000000000040003c2fa"
                    },
                    {
                        "@odata.id":  "/redfish/v1/Storage/AC-109032/StoragePools/Default/Volumes/Crypt-Audio/SnapShots/042b4bd8361b856bbc00000000000000040003c2ab"
                    },
                    {
                        "@odata.id":  "/redfish/v1/Storage/AC-109032/StoragePools/Default/Volumes/Crypt-Audio/SnapShots/042b4bd8361b856bbc00000000000000040003c25c"
                    },
                    {
                        "@odata.id":  "/redfish/v1/Storage/AC-109032/StoragePools/Default/Volumes/Crypt-Audio/SnapShots/042b4bd8361b856bbc00000000000000040003c20d"
                    },
                    {
                        "@odata.id":  "/redfish/v1/Storage/AC-109032/StoragePools/Default/Volumes/Crypt-Audio/SnapShots/042b4bd8361b856bbc00000000000000040003c1be"
                    },
                    {
                        "@odata.id":  "/redfish/v1/Storage/AC-109032/StoragePools/Default/Volumes/Crypt-Audio/SnapShots/042b4bd8361b856bbc00000000000000040003aff9"
                    },
                    {
                        "@odata.id":  "/redfish/v1/Storage/AC-109032/StoragePools/Default/Volumes/Crypt-Audio/SnapShots/042b4bd8361b856bbc00000000000000040003b743"
                    },
                    {
                        "@odata.id":  "/redfish/v1/Storage/AC-109032/StoragePools/Default/Volumes/Crypt-Audio/SnapShots/042b4bd8361b856bbc00000000000000040003ae57"
                    },
                    {
                        "@odata.id":  "/redfish/v1/Storage/AC-109032/StoragePools/Default/Volumes/Crypt-Audio/SnapShots/042b4bd8361b856bbc00000000000000040003b569"
                    },
                    {
                        "@odata.id":  "/redfish/v1/Storage/AC-109032/StoragePools/Default/Volumes/Crypt-Audio/SnapShots/042b4bd8361b856bbc00000000000000040003be12"
                    },
                    {
                        "@odata.id":  "/redfish/v1/Storage/AC-109032/StoragePools/Default/Volumes/Crypt-Audio/SnapShots/042b4bd8361b856bbc00000000000000040003bd02"
                    },
                    {
                        "@odata.id":  "/redfish/v1/Storage/AC-109032/StoragePools/Default/Volumes/Crypt-Audio/SnapShots/042b4bd8361b856bbc00000000000000040003bdce"
                    },
                    {
                        "@odata.id":  "/redfish/v1/Storage/AC-109032/StoragePools/Default/Volumes/Crypt-Audio/SnapShots/042b4bd8361b856bbc00000000000000040003afb5"
                    },
                    {
                        "@odata.id":  "/redfish/v1/Storage/AC-109032/StoragePools/Default/Volumes/Crypt-Audio/SnapShots/042b4bd8361b856bbc00000000000000040003b51a"
                    },
                    {
                        "@odata.id":  "/redfish/v1/Storage/AC-109032/StoragePools/Default/Volumes/Crypt-Audio/SnapShots/042b4bd8361b856bbc00000000000000040003b6f4"
                    },
                    {
                        "@odata.id":  "/redfish/v1/Storage/AC-109032/StoragePools/Default/Volumes/Crypt-Audio/SnapShots/042b4bd8361b856bbc00000000000000040003aa12"
                    },
                    {
                        "@odata.id":  "/redfish/v1/Storage/AC-109032/StoragePools/Default/Volumes/Crypt-Audio/SnapShots/042b4bd8361b856bbc00000000000000040003b6a5"
                    },
                    {
                        "@odata.id":  "/redfish/v1/Storage/AC-109032/StoragePools/Default/Volumes/Crypt-Audio/SnapShots/042b4bd8361b856bbc00000000000000040003a9ce"
                    },
                    {
                        "@odata.id":  "/redfish/v1/Storage/AC-109032/StoragePools/Default/Volumes/Crypt-Audio/SnapShots/042b4bd8361b856bbc00000000000000040003ae10"
                    },
                    {
                        "@odata.id":  "/redfish/v1/Storage/AC-109032/StoragePools/Default/Volumes/Crypt-Audio/SnapShots/042b4bd8361b856bbc00000000000000040003b4cb"
                    },
                    {
                        "@odata.id":  "/redfish/v1/Storage/AC-109032/StoragePools/Default/Volumes/Crypt-Audio/SnapShots/042b4bd8361b856bbc00000000000000040003bcbe"
                    },
                    {
                        "@odata.id":  "/redfish/v1/Storage/AC-109032/StoragePools/Default/Volumes/Crypt-Audio/SnapShots/042b4bd8361b856bbc00000000000000040003bc7a"
                    },
                    {
                        "@odata.id":  "/redfish/v1/Storage/AC-109032/StoragePools/Default/Volumes/Crypt-Audio/SnapShots/042b4bd8361b856bbc00000000000000040003ad82"
                    },
                    {
                        "@odata.id":  "/redfish/v1/Storage/AC-109032/StoragePools/Default/Volumes/Crypt-Audio/SnapShots/042b4bd8361b856bbc00000000000000040003af71"
                    },
                    {
                        "@odata.id":  "/redfish/v1/Storage/AC-109032/StoragePools/Default/Volumes/Crypt-Audio/SnapShots/042b4bd8361b856bbc00000000000000040003bbae"
                    },
                    {
                        "@odata.id":  "/redfish/v1/Storage/AC-109032/StoragePools/Default/Volumes/Crypt-Audio/SnapShots/042b4bd8361b856bbc00000000000000040003adc9"
                    },
                    {
                        "@odata.id":  "/redfish/v1/Storage/AC-109032/StoragePools/Default/Volumes/Crypt-Audio/SnapShots/042b4bd8361b856bbc00000000000000040003b42d"
                    },
                    {
                        "@odata.id":  "/redfish/v1/Storage/AC-109032/StoragePools/Default/Volumes/Crypt-Audio/SnapShots/042b4bd8361b856bbc00000000000000040003b47c"
                    },
                    {
                        "@odata.id":  "/redfish/v1/Storage/AC-109032/StoragePools/Default/Volumes/Crypt-Audio/SnapShots/042b4bd8361b856bbc00000000000000040003b656"
                    },
                    {
                        "@odata.id":  "/redfish/v1/Storage/AC-109032/StoragePools/Default/Volumes/Crypt-Audio/SnapShots/042b4bd8361b856bbc00000000000000040003bb6a"
                    },
                    {
                        "@odata.id":  "/redfish/v1/Storage/AC-109032/StoragePools/Default/Volumes/Crypt-Audio/SnapShots/042b4bd8361b856bbc00000000000000040003af2b"
                    },
                    {
                        "@odata.id":  "/redfish/v1/Storage/AC-109032/StoragePools/Default/Volumes/Crypt-Audio/SnapShots/042b4bd8361b856bbc00000000000000040003b0c5"
                    },
                    {
                        "@odata.id":  "/redfish/v1/Storage/AC-109032/StoragePools/Default/Volumes/Crypt-Audio/SnapShots/042b4bd8361b856bbc00000000000000040003bd8a"
                    },
                    {
                        "@odata.id":  "/redfish/v1/Storage/AC-109032/StoragePools/Default/Volumes/Crypt-Audio/SnapShots/042b4bd8361b856bbc00000000000000040003b607"
                    },
                    {
                        "@odata.id":  "/redfish/v1/Storage/AC-109032/StoragePools/Default/Volumes/Crypt-Audio/SnapShots/042b4bd8361b856bbc00000000000000040003b081"
                    },
                    {
                        "@odata.id":  "/redfish/v1/Storage/AC-109032/StoragePools/Default/Volumes/Crypt-Audio/SnapShots/042b4bd8361b856bbc00000000000000040003bc36"
                    },
                    {
                        "@odata.id":  "/redfish/v1/Storage/AC-109032/StoragePools/Default/Volumes/Crypt-Audio/SnapShots/042b4bd8361b856bbc00000000000000040003bb26"
                    },
                    {
                        "@odata.id":  "/redfish/v1/Storage/AC-109032/StoragePools/Default/Volumes/Crypt-Audio/SnapShots/042b4bd8361b856bbc00000000000000040003aee4"
                    },
                    {
                        "@odata.id":  "/redfish/v1/Storage/AC-109032/StoragePools/Default/Volumes/Crypt-Audio/SnapShots/042b4bd8361b856bbc00000000000000040003b7e1"
                    },
                    {
                        "@odata.id":  "/redfish/v1/Storage/AC-109032/StoragePools/Default/Volumes/Crypt-Audio/SnapShots/042b4bd8361b856bbc00000000000000040003bd46"
                    },
                    {
                        "@odata.id":  "/redfish/v1/Storage/AC-109032/StoragePools/Default/Volumes/Crypt-Audio/SnapShots/042b4bd8361b856bbc00000000000000040003b03d"
                    },
                    {
                        "@odata.id":  "/redfish/v1/Storage/AC-109032/StoragePools/Default/Volumes/Crypt-Audio/SnapShots/042b4bd8361b856bbc00000000000000040003b792"
                    },
                    {
                        "@odata.id":  "/redfish/v1/Storage/AC-109032/StoragePools/Default/Volumes/Crypt-Audio/SnapShots/042b4bd8361b856bbc00000000000000040003ae9d"
                    },
                    {
                        "@odata.id":  "/redfish/v1/Storage/AC-109032/StoragePools/Default/Volumes/Crypt-Audio/SnapShots/042b4bd8361b856bbc00000000000000040003aa56"
                    },
                    {
                        "@odata.id":  "/redfish/v1/Storage/AC-109032/StoragePools/Default/Volumes/Crypt-Audio/SnapShots/042b4bd8361b856bbc00000000000000040003bbf2"
                    },
                    {
                        "@odata.id":  "/redfish/v1/Storage/AC-109032/StoragePools/Default/Volumes/Crypt-Audio/SnapShots/042b4bd8361b856bbc00000000000000040003b5b8"
                    },
                    {
                        "@odata.id":  "/redfish/v1/Storage/AC-109032/StoragePools/Default/Volumes/Crypt-Audio/SnapShots/042b4bd8361b856bbc00000000000000040003be56"
                    }
                ]
}