{
    "@Redfish.Copyright":  "Copyright 2014-2016 HPE and DMTF",
    "@odata.id":  "/redfish/v1//Storage/AC-109032/StoragePools/Default/Volumes/Crypt-Audio/Snapshots",
    "@odata.type":  "#SnapshotsCollection.v1_0_0.SnapshotsCollection",
    "Name":  "NimbleSnapshotCollection",
    "Members@odata.count":  48,
    "Members":  [
                    {
                        "@odata.id":  "/redfish/v1/Storage/AC-109032/StoragePools/Default/Volumes/Crypt-Audio/SnapShots/042b4bd8361b856bbc00000000000000040003cb3d"
                    },
                    {
                        "@odata.id":  "/redfish/v1/Storage/AC-109032/StoragePools/Default/Volumes/Crypt-Audio/SnapShots/042b4bd8361b856bbc00000000000000040003caec"
                    },
                    {
                        "@odata.id":  "/redfish/v1/Storage/AC-109032/StoragePools/Default/Volumes/Crypt-Audio/SnapShots/042b4bd8361b856bbc00000000000000040003ca9a"
                    },
                    {
                        "@odata.id":  "/redfish/v1/Storage/AC-109032/StoragePools/Default/Volumes/Crypt-Audio/SnapShots/042b4bd8361b856bbc00000000000000040003ca48"
                    },
                    {
                        "@odata.id":  "/redfish/v1/Storage/AC-109032/StoragePools/Default/Volumes/Crypt-Audio/SnapShots/042b4bd8361b856bbc00000000000000040003c9f7"
                    },
                    {
                        "@odata.id":  "/redfish/v1/Storage/AC-109032/StoragePools/Default/Volumes/Crypt-Audio/SnapShots/042b4bd8361b856bbc00000000000000040003c9a5"
                    },
                    {
                        "@odata.id":  "/redfish/v1/Storage/AC-109032/StoragePools/Default/Volumes/Crypt-Audio/SnapShots/042b4bd8361b856bbc00000000000000040003c953"
                    },
                    {
                        "@odata.id":  "/redfish/v1/Storage/AC-109032/StoragePools/Default/Volumes/Crypt-Audio/SnapShots/042b4bd8361b856bbc00000000000000040003c901"
                    },
                    {
                        "@odata.id":  "/redfish/v1/Storage/AC-109032/StoragePools/Default/Volumes/Crypt-Audio/SnapShots/042b4bd8361b856bbc00000000000000040003c572"
                    },
                    {
                        "@odata.id":  "/redfish/v1/Storage/AC-109032/StoragePools/Default/Volumes/Crypt-Audio/SnapShots/042b4bd8361b856bbc00000000000000040003c523"
                    },
                    {
                        "@odata.id":  "/redfish/v1/Storage/AC-109032/StoragePools/Default/Volumes/Crypt-Audio/SnapShots/042b4bd8361b856bbc00000000000000040003c4d4"
                    },
                    {
                        "@odata.id":  "/redfish/v1/Storage/AC-109032/StoragePools/Default/Volumes/Crypt-Audio/SnapShots/042b4bd8361b856bbc00000000000000040003c485"
                    },
                    {
                        "@odata.id":  "/redfish/v1/Storage/AC-109032/StoragePools/Default/Volumes/Crypt-Audio/SnapShots/042b4bd8361b856bbc00000000000000040003c436"
                    },
                    {
                        "@odata.id":  "/redfish/v1/Storage/AC-109032/StoragePools/Default/Volumes/Crypt-Audio/SnapShots/042b4bd8361b856bbc00000000000000040003c3e7"
                    },
                    {
                        "@odata.id":  "/redfish/v1/Storage/AC-109032/StoragePools/Default/Volumes/Crypt-Audio/SnapShots/042b4bd8361b856bbc00000000000000040003c398"
                    },
                    {
                        "@odata.id":  "/redfish/v1/Storage/AC-109032/StoragePools/Default/Volumes/Crypt-Audio/SnapShots/042b4bd8361b856bbc00000000000000040003c349"
                    },
                    {
                        "@odata.id":  "/redfish/v1/Storage/AC-109032/StoragePools/Default/Volumes/Crypt-Audio/SnapShots/042b4bd8361b856bbc00000000000000040003c2fa"
                    },
                    {
                        "@odata.id":  "/redfish/v1/Storage/AC-109032/StoragePools/Default/Volumes/Crypt-Audio/SnapShots/042b4bd8361b856bbc00000000000000040003c2ab"
                    },
                    {
                        "@odata.id":  "/redfish/v1/Storage/AC-109032/StoragePools/Default/Volumes/Crypt-Audio/SnapShots/042b4bd8361b856bbc00000000000000040003c25c"
                    },
                    {
                        "@odata.id":  "/redfish/v1/Storage/AC-109032/StoragePools/Default/Volumes/Crypt-Audio/SnapShots/042b4bd8361b856bbc00000000000000040003c20d"
                    },
                    {
                        "@odata.id":  "/redfish/v1/Storage/AC-109032/StoragePools/Default/Volumes/Crypt-Audio/SnapShots/042b4bd8361b856bbc00000000000000040003c1be"
                    },
                    {
                        "@odata.id":  "/redfish/v1/Storage/AC-109032/StoragePools/Default/Volumes/Crypt-Audio/SnapShots/042b4bd8361b856bbc00000000000000040003b743"
                    },
                    {
                        "@odata.id":  "/redfish/v1/Storage/AC-109032/StoragePools/Default/Volumes/Crypt-Audio/SnapShots/042b4bd8361b856bbc00000000000000040003b569"
                    },
                    {
                        "@odata.id":  "/redfish/v1/Storage/AC-109032/StoragePools/Default/Volumes/Crypt-Audio/SnapShots/042b4bd8361b856bbc00000000000000040003be12"
                    },
                    {
                        "@odata.id":  "/redfish/v1/Storage/AC-109032/StoragePools/Default/Volumes/Crypt-Audio/SnapShots/042b4bd8361b856bbc00000000000000040003bd02"
                    },
                    {
                        "@odata.id":  "/redfish/v1/Storage/AC-109032/StoragePools/Default/Volumes/Crypt-Audio/SnapShots/042b4bd8361b856bbc00000000000000040003bdce"
                    },
                    {
                        "@odata.id":  "/redfish/v1/Storage/AC-109032/StoragePools/Default/Volumes/Crypt-Audio/SnapShots/042b4bd8361b856bbc00000000000000040003b51a"
                    },
                    {
                        "@odata.id":  "/redfish/v1/Storage/AC-109032/StoragePools/Default/Volumes/Crypt-Audio/SnapShots/042b4bd8361b856bbc00000000000000040003b6f4"
                    },
                    {
                        "@odata.id":  "/redfish/v1/Storage/AC-109032/StoragePools/Default/Volumes/Crypt-Audio/SnapShots/042b4bd8361b856bbc00000000000000040003b6a5"
                    },
                    {
                        "@odata.id":  "/redfish/v1/Storage/AC-109032/StoragePools/Default/Volumes/Crypt-Audio/SnapShots/042b4bd8361b856bbc00000000000000040003b4cb"
                    },
                    {
                        "@odata.id":  "/redfish/v1/Storage/AC-109032/StoragePools/Default/Volumes/Crypt-Audio/SnapShots/042b4bd8361b856bbc00000000000000040003bcbe"
                    },
                    {
                        "@odata.id":  "/redfish/v1/Storage/AC-109032/StoragePools/Default/Volumes/Crypt-Audio/SnapShots/042b4bd8361b856bbc00000000000000040003bc7a"
                    },
                    {
                        "@odata.id":  "/redfish/v1/Storage/AC-109032/StoragePools/Default/Volumes/Crypt-Audio/SnapShots/042b4bd8361b856bbc00000000000000040003bbae"
                    },
                    {
                        "@odata.id":  "/redfish/v1/Storage/AC-109032/StoragePools/Default/Volumes/Crypt-Audio/SnapShots/042b4bd8361b856bbc00000000000000040003b42d"
                    },
                    {
                        "@odata.id":  "/redfish/v1/Storage/AC-109032/StoragePools/Default/Volumes/Crypt-Audio/SnapShots/042b4bd8361b856bbc00000000000000040003b47c"
                    },
                    {
                        "@odata.id":  "/redfish/v1/Storage/AC-109032/StoragePools/Default/Volumes/Crypt-Audio/SnapShots/042b4bd8361b856bbc00000000000000040003b656"
                    },
                    {
                        "@odata.id":  "/redfish/v1/Storage/AC-109032/StoragePools/Default/Volumes/Crypt-Audio/SnapShots/042b4bd8361b856bbc00000000000000040003bb6a"
                    },
                    {
                        "@odata.id":  "/redfish/v1/Storage/AC-109032/StoragePools/Default/Volumes/Crypt-Audio/SnapShots/042b4bd8361b856bbc00000000000000040003b0c5"
                    },
                    {
                        "@odata.id":  "/redfish/v1/Storage/AC-109032/StoragePools/Default/Volumes/Crypt-Audio/SnapShots/042b4bd8361b856bbc00000000000000040003bd8a"
                    },
                    {
                        "@odata.id":  "/redfish/v1/Storage/AC-109032/StoragePools/Default/Volumes/Crypt-Audio/SnapShots/042b4bd8361b856bbc00000000000000040003b607"
                    },
                    {
                        "@odata.id":  "/redfish/v1/Storage/AC-109032/StoragePools/Default/Volumes/Crypt-Audio/SnapShots/042b4bd8361b856bbc00000000000000040003bc36"
                    },
                    {
                        "@odata.id":  "/redfish/v1/Storage/AC-109032/StoragePools/Default/Volumes/Crypt-Audio/SnapShots/042b4bd8361b856bbc00000000000000040003bb26"
                    },
                    {
                        "@odata.id":  "/redfish/v1/Storage/AC-109032/StoragePools/Default/Volumes/Crypt-Audio/SnapShots/042b4bd8361b856bbc00000000000000040003b7e1"
                    },
                    {
                        "@odata.id":  "/redfish/v1/Storage/AC-109032/StoragePools/Default/Volumes/Crypt-Audio/SnapShots/042b4bd8361b856bbc00000000000000040003bd46"
                    },
                    {
                        "@odata.id":  "/redfish/v1/Storage/AC-109032/StoragePools/Default/Volumes/Crypt-Audio/SnapShots/042b4bd8361b856bbc00000000000000040003b792"
                    },
                    {
                        "@odata.id":  "/redfish/v1/Storage/AC-109032/StoragePools/Default/Volumes/Crypt-Audio/SnapShots/042b4bd8361b856bbc00000000000000040003bbf2"
                    },
                    {
                        "@odata.id":  "/redfish/v1/Storage/AC-109032/StoragePools/Default/Volumes/Crypt-Audio/SnapShots/042b4bd8361b856bbc00000000000000040003b5b8"
                    },
                    {
                        "@odata.id":  "/redfish/v1/Storage/AC-109032/StoragePools/Default/Volumes/Crypt-Audio/SnapShots/042b4bd8361b856bbc00000000000000040003be56"
                    }
                ]
}