{
    "@odata.Copyright":  "Copyright 2014-2016 HPE and DMTF",
    "@odata.type":  "#StorageController.v1_8_0.StorageController",
    "@odata.id":  "/redfish/v1/Storage/AC-109032/StorageControllers/AC-109032-AC-109032-B",
    "Name":  null,
    "Id":  null,
    "Description":  "Controller AC-109032 controller AC-109032-B",
    "Status":  {
                   "State":  "Enabled",
                   "Health":  "OK"
               },
    "Manufacturer":  "HPE Nimble Storage",
    "FirmwareVersion":  "5.0.8.0-677726-opt"
}