{
    "@Redfish.Copyright":  "Copyright 2014-2016 Distributed Management Task Force, Inc. (DMTF). For the full DMTF copyright policy, see http://www.dmtf.org/about/policies/copyright.",
    "@odata.id":  "/redfish/v1/StorageSystems/AC-109032/EndpointGroups/",
    "@odata.type":  "#EndpointGroup.v1_3_0.EndpointGroup",
    "Name":  null,
    "Description":  "Initiator EndpointGroup for ",
    "GroupType":  "client",
    "Endpoints@odata.count":  0,
    "StorageGroups@odata.count":  1,
    "Endpoints":  [

                  ],
    "StorageGroups":  [
                          {
                              "@odata.id":  "/redfish/v1/StorageSystems/AC-109032/StorageGroups/0d2b4bd8361b856bbc000000000000000000000008"
                          }
                      ]
}