{
    "@odata.context":  "/redfish/v1/$metadata#DataStorageLineOfService.DataStorageLineOfService",
    "@odata.id":  "/redfish/v1/StorageServices/S1/ClassesOfService/DefaultCOS/DataStorageLineOfService/DSLOS",
    "@odata.type":  "#DataStorageLineOfService.v1_1_0.DataStorageLineOfService",
    "Id":  "DSLOS",
    "Name":  "Data Storage Line of Service",
    "AccessCapabilities":  [
                               "Read",
                               "Write"
                           ],
    "IsSpaceEfficient":  false
}