{
    "@odata.Copyright":  "Copyright 2016-2019 Storage Networking Industry Association (SNIA), USA. All rights reserved. For the full SNIA copyright policy, see http://www.snia.org/about/corporate_info/copyright",
    "@odata.id":  "/redfish/v1/Storage/AC-109032/LinesOfSerice/DataProtectionLineOfService/0c2b4bd8361b856bbc000000000000000000000007",
    "@odata.type":  "#DataProtectionLineOfService.v1_2_1.DataProtectionLineOfService",
    "Id":  "0c2b4bd8361b856bbc000000000000000000000007",
    "Name":  "Schedule-new",
    "Description":  "",
    "IsIsolated":  true,
    "ReplicaType":  "Snapshot",
    "RecoveryTimeObjective":  0,
    "Schedule":  "R/2019-2-6T10:10:00/PT1H/BYDY=SU,MO,TU,WE,TH,FR,SA/BYHR=8,9,10,11,12,13,14,15,16,17,18,19/BYMI=0",
    "RecoveryPointObjective":  "/PT1:00:00"
}