{
    "@Redfish.Copyright":  "Copyright 2014-2016 HPE and DMTF",
    "@odata.id":  "/redfish/v1/EventService/Event/182b4bd8361b856bbc00000000000000000003162c",
    "@odata.type":  "#Event.v1.4.2.Event",
    "Name":  "Event Array",
    "Id":  "182b4bd8361b856bbc00000000000000000003162c",
    "Events":  {
                   "EventId":  11003,
                   "Message":  "Failed to synchronize replication configuration to partner CSLion, Partner is offline.",
                   "EventTimestamp":  1587740415,
                   "EventType":  "replication",
                   "Severity":  "warning"
               }
}