{
    "Manufacturer":  "HPE-Nimble",
    "@Redfish.Copyright":  "Copyright 2014-2016 HPE and DMTF",
    "Name":  "power-supply2",
    "Description":  "power-supply2 Located in right rear of Chassis",
    "Status":  {
                   "State":  "Enabled",
                   "Health":  "OK"
               },
    "MemberID":  "2",
    "InputRanges":  [
                        {
                            "OutputWattage":  900,
                            "MinimumVoltage":  100,
                            "MaximumVoltage":  120,
                            "Maximumfrequency":  60,
                            "InputType":  "AC",
                            "MinimumFrequency":  50
                        },
                        {
                            "OutputWattage":  900,
                            "MinimumVoltage":  200,
                            "MaximumVoltage":  240,
                            "Maximumfrequency":  60,
                            "InputType":  "AC",
                            "MinimumFrequency":  50
                        }
                    ],
    "@odata.id":  "/redfish/v1/Chassis/AC-109032/Power/PowerSupplies/2"
}