{
    "@Redfish.Copyright":  "Copyright 2014-2016 Distributed Management Task Force, Inc. (DMTF). For the full DMTF copyright policy, see http://www.dmtf.org/about/policies/copyright.",
    "@odata.id":  "/redfish/v1/StorageSystems/AC-109032/Volumes/DS9HyperVReplica/Snapshots/042b4bd8361b856bbc00000000000000200002dff3",
    "@odata.type":  "#Volume.v1_4_0.Volume",
    "Id":  "042b4bd8361b856bbc00000000000000200002dff3",
    "Name":  "2016-Hyper-V-MasterSnapshot-EveryBuisnessHour-2020-04-03::11:00:00.000",
    "Description":  "Created by protection policy 2016-Hyper-V schedule MasterSnapshot-EveryBuisnessHour",
    "Capacity":  {
                     "AllocatedBytes":  1099511627776000
                 },
    "Status":  {
                   "State":  "StandbyOffline",
                   "Health":  "Warning"
               },
    "BlockSizeBytes":  4096,
    "MaxBlockSizeBytes":  4096,
    "OptimumIOSizeBytes":  4096,
    "Manufacturer":  "HPENimbleStorage",
    "Encrypted":  "false",
    "EncryptionTypes":  "ControllerAssisted",
    "ProvisioningPolicy":  "thin",
    "Compressed":  "true",
    "Deduplicated":  false,
    "DisplayName":  "default:/DS9HyperVReplica+2016-Hyper-V-MasterSnapshot-EveryBuisnessHour-2020-04-03::11:00:00.000",
    "LowSpaceWarningThresholdPercents":  80,
    "VolumeType":  "Snapshot",
    "VolumeUsageType":  "Data",
    "ReadCachePolicyType":  "AdaptiveReadAhead",
    "WriteCacheState":  "Enabled",
    "WriteCachePolicyType":  "ProtectedWriteBack",
    "WriteCacheStateType":  "Protected",
    "WriteHoleProtectionPolicyType":  "Journaling",
    "CapacitySources":  [
                            {
                                "ProvidingVolumes":  {
                                                         "Volumes":  [
                                                                         {
                                                                             "@odata.id":  "/redfish/v1/StorageSystems/AC-109032/Volumes/DS9HyperVReplica"
                                                                         }
                                                                     ]
                                                     },
                                "ProvidedCapacity":  {
                                                         "AllocatedCapacity":  100,
                                                         "ConsumedBytes":  null
                                                     }
                            }
                        ],
    "Identifiers":  [
                        {
                            "Manufacturer":  "NimbleStorage"
                        },
                        {
                            "DurableName":  "042b4bd8361b856bbc00000000000000200002dff3",
                            "DurableNameFormat":  "UUID"
                        },
                        {
                            "DurableName":  "4773c5d5c33e33b0",
                            "DurableNameFormat":  "vpd_ieee0"
                        },
                        {
                            "DurableName":  "6c9ce9008ab3ce30",
                            "DurableNameFormat":  "vpd_ieee1"
                        },
                        {
                            "DurableName":  "Nimble  4773c5d5c33e33b06c9ce9008ab3ce30",
                            "DurableNameFormat":  "vpd_t10"
                        },
                        {
                            "DurableName":  "iqn.2007-11.com.nimblestorage:ds9hypervreplica-2016-hyper-v-mastersnapshot-everybuisnesshour-2020-04-03::11:00:00.000-v2b4bd8361b856bbc.0000001a.30ceb38a.s2b4bd8361b856bbc.00000020.0002dff3",
                            "DurableNameFormat":  "iqn"
                        }
                    ],
    "ConsistencyGroup":  "/redfish/v1/StorageSystems/AC-109032/ConsistencyGroup/2016-Hyper-V"
}