{
    "@odata.context":  "/redfish/v1/$metadata#EthernetInterfaceCollection.EthernetInterfaceCollection",
    "@odata.type":  "#EthernetInterfaceCollection.EthernetInterfaceCollection",
    "@odata.id":  "/redfish/v1/ComputerSystem/00C0FF5038E8/EthernetInterfaces",
    "Name":  "EthernetInterface Collection",
    "Members@odata.count":  2,
    "Members":  [
                    {
                        "@odata.id":  "/redfish/v1/ComputerSystem/00C0FF5038E8/EthernetInterfaces/A"
                    },
                    {
                        "@odata.id":  "/redfish/v1/ComputerSystem/00C0FF5038E8/EthernetInterfaces/B"
                    }
                ]
}