{
    "@Redfish.Copyright":  "Copyright 2014-2016 Distributed Management Task Force, Inc. (DMTF). For the full DMTF copyright policy, see http://www.dmtf.org/about/policies/copyright.",
    "@odata.id":  "/redfish/v1/StorageSystems/AC-109032/EndpointGroups/picard",
    "@odata.type":  "#EndpointGroup.v1_3_0.EndpointGroup",
    "Name":  "picard",
    "Description":  "Initiator EndpointGroup for picard",
    "GroupType":  "client",
    "Endpoints@odata.count":  1,
    "StorageGroups@odata.count":  2,
    "Endpoints":  [
                      {
                          "@odata.id":  "/redfish/v1/StorageSystems/AC-109032/Endpoints/0b2b4bd8361b856bbc00000000000000000000000a"
                      }
                  ],
    "StorageGroups":  [
                          {
                              "@odata.id":  "/redfish/v1/StorageSystems/AC-109032/StorageGroups/0d2b4bd8361b856bbc00000000000000000000002c"
                          },
                          {
                              "@odata.id":  "/redfish/v1/StorageSystems/AC-109032/StorageGroups/0d2b4bd8361b856bbc00000000000000000000002d"
                          }
                      ]
}