{
    "@Redfish.Copyright":  "Copyright 2014-2016 Distributed Management Task Force, Inc. (DMTF). For the full DMTF copyright policy, see http://www.dmtf.org/about/policies/copyright.",
    "@odata.id":  "/redfish/v1/StorageSystems/AC-109032/ConsistencyGroups/2016-Hyper-V",
    "@odata.type":  "#ConsistencyGroup.v1_0_1.ConsistencyGroup",
    "Name":  "2016-Hyper-V",
    "Id":  "072b4bd8361b856bbc000000000000000000000008",
    "Description":  "Volume Collection (used as a Consistency Group)",
    "ConsistencyMethod":  "other",
    "ConsistencyType":  "none",
    "IsConsistent":  false,
    "Status":  "Ok",
    "ReplicaInfo":  "",
    "ReplicaType":  "snapshot",
    "Volumes":  [
                    {
                        "@odata.id":  "/redfish/v1/StorageServices/AC-109032/Volumes/VM7-BootDrive"
                    },
                    {
                        "@odata.id":  "/redfish/v1/StorageServices/AC-109032/Volumes/DS9CSV"
                    },
                    {
                        "@odata.id":  "/redfish/v1/StorageServices/AC-109032/Volumes/DS9HyperVReplica"
                    },
                    {
                        "@odata.id":  "/redfish/v1/StorageServices/AC-109032/Volumes/EnterpriseHyperVReplicaTarget"
                    },
                    {
                        "@odata.id":  "/redfish/v1/StorageServices/AC-109032/Volumes/EnterpriseCSV"
                    },
                    {
                        "@odata.id":  "/redfish/v1/StorageServices/AC-109032/Volumes/Q-Data"
                    }
                ],
    "DataProtectonLineOfService":  [
                                       {
                                           "@odata.id":  "/redfish/v1/StorageServices/AC-109032/LineOfService/DataProtectionLineOfService/0c2b4bd8361b856bbc00000000000000000000000f"
                                       },
                                       {
                                           "@odata.id":  "/redfish/v1/StorageServices/AC-109032/LineOfService/DataProtectionLineOfService/0c2b4bd8361b856bbc00000000000000000000000e"
                                       }
                                   ]
}