{
    "@Redfish.Copyright":  "Copyright 2014-2016 Distributed Management Task Force, Inc. (DMTF). For the full DMTF copyright policy, see http://www.dmtf.org/about/policies/copyright.",
    "@odata.id":  "/redfish/v1//StorageSystems/AC-109032/Volumes/SCSQL2017/Snapshots",
    "@odata.type":  "#SnapshotsCollection.v1_0_0.SnapshotsCollection",
    "Name":  "NimbleSnapshotCollection",
    "Members@odata.count":  96,
    "Members":  [
                    {
                        "@odata.id":  "/redfish/v1/StorageSystems/AC-109032/Volumes/SCSQL2017/SnapShots/042b4bd8361b856bbc00000000000000090002da43"
                    },
                    {
                        "@odata.id":  "/redfish/v1/StorageSystems/AC-109032/Volumes/SCSQL2017/SnapShots/042b4bd8361b856bbc00000000000000090002d9f5"
                    },
                    {
                        "@odata.id":  "/redfish/v1/StorageSystems/AC-109032/Volumes/SCSQL2017/SnapShots/042b4bd8361b856bbc00000000000000090002d9a5"
                    },
                    {
                        "@odata.id":  "/redfish/v1/StorageSystems/AC-109032/Volumes/SCSQL2017/SnapShots/042b4bd8361b856bbc00000000000000090002d954"
                    },
                    {
                        "@odata.id":  "/redfish/v1/StorageSystems/AC-109032/Volumes/SCSQL2017/SnapShots/042b4bd8361b856bbc00000000000000090002d903"
                    },
                    {
                        "@odata.id":  "/redfish/v1/StorageSystems/AC-109032/Volumes/SCSQL2017/SnapShots/042b4bd8361b856bbc00000000000000090002d8b3"
                    },
                    {
                        "@odata.id":  "/redfish/v1/StorageSystems/AC-109032/Volumes/SCSQL2017/SnapShots/042b4bd8361b856bbc00000000000000090002d862"
                    },
                    {
                        "@odata.id":  "/redfish/v1/StorageSystems/AC-109032/Volumes/SCSQL2017/SnapShots/042b4bd8361b856bbc00000000000000090002d811"
                    },
                    {
                        "@odata.id":  "/redfish/v1/StorageSystems/AC-109032/Volumes/SCSQL2017/SnapShots/042b4bd8361b856bbc00000000000000090002d7c0"
                    },
                    {
                        "@odata.id":  "/redfish/v1/StorageSystems/AC-109032/Volumes/SCSQL2017/SnapShots/042b4bd8361b856bbc00000000000000090002d566"
                    },
                    {
                        "@odata.id":  "/redfish/v1/StorageSystems/AC-109032/Volumes/SCSQL2017/SnapShots/042b4bd8361b856bbc00000000000000090002d43d"
                    },
                    {
                        "@odata.id":  "/redfish/v1/StorageSystems/AC-109032/Volumes/SCSQL2017/SnapShots/042b4bd8361b856bbc00000000000000090002d3ef"
                    },
                    {
                        "@odata.id":  "/redfish/v1/StorageSystems/AC-109032/Volumes/SCSQL2017/SnapShots/042b4bd8361b856bbc00000000000000090002d3a1"
                    },
                    {
                        "@odata.id":  "/redfish/v1/StorageSystems/AC-109032/Volumes/SCSQL2017/SnapShots/042b4bd8361b856bbc00000000000000090002d353"
                    },
                    {
                        "@odata.id":  "/redfish/v1/StorageSystems/AC-109032/Volumes/SCSQL2017/SnapShots/042b4bd8361b856bbc00000000000000090002d305"
                    },
                    {
                        "@odata.id":  "/redfish/v1/StorageSystems/AC-109032/Volumes/SCSQL2017/SnapShots/042b4bd8361b856bbc00000000000000090002d2b7"
                    },
                    {
                        "@odata.id":  "/redfish/v1/StorageSystems/AC-109032/Volumes/SCSQL2017/SnapShots/042b4bd8361b856bbc00000000000000090002d269"
                    },
                    {
                        "@odata.id":  "/redfish/v1/StorageSystems/AC-109032/Volumes/SCSQL2017/SnapShots/042b4bd8361b856bbc00000000000000090002d21b"
                    },
                    {
                        "@odata.id":  "/redfish/v1/StorageSystems/AC-109032/Volumes/SCSQL2017/SnapShots/042b4bd8361b856bbc00000000000000090002d1cd"
                    },
                    {
                        "@odata.id":  "/redfish/v1/StorageSystems/AC-109032/Volumes/SCSQL2017/SnapShots/042b4bd8361b856bbc00000000000000090002d17f"
                    },
                    {
                        "@odata.id":  "/redfish/v1/StorageSystems/AC-109032/Volumes/SCSQL2017/SnapShots/042b4bd8361b856bbc00000000000000090002d131"
                    },
                    {
                        "@odata.id":  "/redfish/v1/StorageSystems/AC-109032/Volumes/SCSQL2017/SnapShots/042b4bd8361b856bbc00000000000000090002d0e3"
                    },
                    {
                        "@odata.id":  "/redfish/v1/StorageSystems/AC-109032/Volumes/SCSQL2017/SnapShots/042b4bd8361b856bbc00000000000000090002d095"
                    },
                    {
                        "@odata.id":  "/redfish/v1/StorageSystems/AC-109032/Volumes/SCSQL2017/SnapShots/042b4bd8361b856bbc00000000000000090002ce42"
                    },
                    {
                        "@odata.id":  "/redfish/v1/StorageSystems/AC-109032/Volumes/SCSQL2017/SnapShots/042b4bd8361b856bbc000000000000000900020fc7"
                    },
                    {
                        "@odata.id":  "/redfish/v1/StorageSystems/AC-109032/Volumes/SCSQL2017/SnapShots/042b4bd8361b856bbc00000000000000090001b776"
                    },
                    {
                        "@odata.id":  "/redfish/v1/StorageSystems/AC-109032/Volumes/SCSQL2017/SnapShots/042b4bd8361b856bbc000000000000000900023f35"
                    },
                    {
                        "@odata.id":  "/redfish/v1/StorageSystems/AC-109032/Volumes/SCSQL2017/SnapShots/042b4bd8361b856bbc000000000000000900019643"
                    },
                    {
                        "@odata.id":  "/redfish/v1/StorageSystems/AC-109032/Volumes/SCSQL2017/SnapShots/042b4bd8361b856bbc000000000000000900029856"
                    },
                    {
                        "@odata.id":  "/redfish/v1/StorageSystems/AC-109032/Volumes/SCSQL2017/SnapShots/042b4bd8361b856bbc00000000000000090002ccf6"
                    },
                    {
                        "@odata.id":  "/redfish/v1/StorageSystems/AC-109032/Volumes/SCSQL2017/SnapShots/042b4bd8361b856bbc0000000000000009000216ec"
                    },
                    {
                        "@odata.id":  "/redfish/v1/StorageSystems/AC-109032/Volumes/SCSQL2017/SnapShots/042b4bd8361b856bbc00000000000000090002cba7"
                    },
                    {
                        "@odata.id":  "/redfish/v1/StorageSystems/AC-109032/Volumes/SCSQL2017/SnapShots/042b4bd8361b856bbc00000000000000090001aa15"
                    },
                    {
                        "@odata.id":  "/redfish/v1/StorageSystems/AC-109032/Volumes/SCSQL2017/SnapShots/042b4bd8361b856bbc00000000000000090001f5a1"
                    },
                    {
                        "@odata.id":  "/redfish/v1/StorageSystems/AC-109032/Volumes/SCSQL2017/SnapShots/042b4bd8361b856bbc00000000000000090002a5b7"
                    },
                    {
                        "@odata.id":  "/redfish/v1/StorageSystems/AC-109032/Volumes/SCSQL2017/SnapShots/042b4bd8361b856bbc000000000000000900020973"
                    },
                    {
                        "@odata.id":  "/redfish/v1/StorageSystems/AC-109032/Volumes/SCSQL2017/SnapShots/042b4bd8361b856bbc000000000000000900029e93"
                    },
                    {
                        "@odata.id":  "/redfish/v1/StorageSystems/AC-109032/Volumes/SCSQL2017/SnapShots/042b4bd8361b856bbc00000000000000090001d9c4"
                    },
                    {
                        "@odata.id":  "/redfish/v1/StorageSystems/AC-109032/Volumes/SCSQL2017/SnapShots/042b4bd8361b856bbc00000000000000090001d2a0"
                    },
                    {
                        "@odata.id":  "/redfish/v1/StorageSystems/AC-109032/Volumes/SCSQL2017/SnapShots/042b4bd8361b856bbc00000000000000090002ca58"
                    },
                    {
                        "@odata.id":  "/redfish/v1/StorageSystems/AC-109032/Volumes/SCSQL2017/SnapShots/042b4bd8361b856bbc0000000000000009000238f8"
                    },
                    {
                        "@odata.id":  "/redfish/v1/StorageSystems/AC-109032/Volumes/SCSQL2017/SnapShots/042b4bd8361b856bbc00000000000000090002ba8a"
                    },
                    {
                        "@odata.id":  "/redfish/v1/StorageSystems/AC-109032/Volumes/SCSQL2017/SnapShots/042b4bd8361b856bbc00000000000000090002c556"
                    },
                    {
                        "@odata.id":  "/redfish/v1/StorageSystems/AC-109032/Volumes/SCSQL2017/SnapShots/042b4bd8361b856bbc000000000000000900022567"
                    },
                    {
                        "@odata.id":  "/redfish/v1/StorageSystems/AC-109032/Volumes/SCSQL2017/SnapShots/042b4bd8361b856bbc00000000000000090001beb4"
                    },
                    {
                        "@odata.id":  "/redfish/v1/StorageSystems/AC-109032/Volumes/SCSQL2017/SnapShots/042b4bd8361b856bbc000000000000000900021e2a"
                    },
                    {
                        "@odata.id":  "/redfish/v1/StorageSystems/AC-109032/Volumes/SCSQL2017/SnapShots/042b4bd8361b856bbc000000000000000900019c9a"
                    },
                    {
                        "@odata.id":  "/redfish/v1/StorageSystems/AC-109032/Volumes/SCSQL2017/SnapShots/042b4bd8361b856bbc000000000000000900024d97"
                    },
                    {
                        "@odata.id":  "/redfish/v1/StorageSystems/AC-109032/Volumes/SCSQL2017/SnapShots/042b4bd8361b856bbc00000000000000090002cb64"
                    },
                    {
                        "@odata.id":  "/redfish/v1/StorageSystems/AC-109032/Volumes/SCSQL2017/SnapShots/042b4bd8361b856bbc00000000000000090001a2f1"
                    },
                    {
                        "@odata.id":  "/redfish/v1/StorageSystems/AC-109032/Volumes/SCSQL2017/SnapShots/042b4bd8361b856bbc00000000000000090002c6dc"
                    },
                    {
                        "@odata.id":  "/redfish/v1/StorageSystems/AC-109032/Volumes/SCSQL2017/SnapShots/042b4bd8361b856bbc000000000000000900025b2c"
                    },
                    {
                        "@odata.id":  "/redfish/v1/StorageSystems/AC-109032/Volumes/SCSQL2017/SnapShots/042b4bd8361b856bbc00000000000000090001c5f2"
                    },
                    {
                        "@odata.id":  "/redfish/v1/StorageSystems/AC-109032/Volumes/SCSQL2017/SnapShots/042b4bd8361b856bbc00000000000000090002ccb3"
                    },
                    {
                        "@odata.id":  "/redfish/v1/StorageSystems/AC-109032/Volumes/SCSQL2017/SnapShots/042b4bd8361b856bbc00000000000000090002024e"
                    },
                    {
                        "@odata.id":  "/redfish/v1/StorageSystems/AC-109032/Volumes/SCSQL2017/SnapShots/042b4bd8361b856bbc00000000000000090002ca15"
                    },
                    {
                        "@odata.id":  "/redfish/v1/StorageSystems/AC-109032/Volumes/SCSQL2017/SnapShots/042b4bd8361b856bbc00000000000000090002c640"
                    },
                    {
                        "@odata.id":  "/redfish/v1/StorageSystems/AC-109032/Volumes/SCSQL2017/SnapShots/042b4bd8361b856bbc00000000000000090001cc49"
                    },
                    {
                        "@odata.id":  "/redfish/v1/StorageSystems/AC-109032/Volumes/SCSQL2017/SnapShots/042b4bd8361b856bbc00000000000000090002b433"
                    },
                    {
                        "@odata.id":  "/redfish/v1/StorageSystems/AC-109032/Volumes/SCSQL2017/SnapShots/042b4bd8361b856bbc000000000000000900029132"
                    },
                    {
                        "@odata.id":  "/redfish/v1/StorageSystems/AC-109032/Volumes/SCSQL2017/SnapShots/042b4bd8361b856bbc00000000000000090002c68e"
                    },
                    {
                        "@odata.id":  "/redfish/v1/StorageSystems/AC-109032/Volumes/SCSQL2017/SnapShots/042b4bd8361b856bbc0000000000000009000268a7"
                    },
                    {
                        "@odata.id":  "/redfish/v1/StorageSystems/AC-109032/Volumes/SCSQL2017/SnapShots/042b4bd8361b856bbc00000000000000090001e725"
                    },
                    {
                        "@odata.id":  "/redfish/v1/StorageSystems/AC-109032/Volumes/SCSQL2017/SnapShots/042b4bd8361b856bbc00000000000000090001b052"
                    },
                    {
                        "@odata.id":  "/redfish/v1/StorageSystems/AC-109032/Volumes/SCSQL2017/SnapShots/042b4bd8361b856bbc00000000000000090002acf5"
                    },
                    {
                        "@odata.id":  "/redfish/v1/StorageSystems/AC-109032/Volumes/SCSQL2017/SnapShots/042b4bd8361b856bbc00000000000000090002c508"
                    },
                    {
                        "@odata.id":  "/redfish/v1/StorageSystems/AC-109032/Volumes/SCSQL2017/SnapShots/042b4bd8361b856bbc00000000000000090002cb21"
                    },
                    {
                        "@odata.id":  "/redfish/v1/StorageSystems/AC-109032/Volumes/SCSQL2017/SnapShots/042b4bd8361b856bbc00000000000000090001fbf8"
                    },
                    {
                        "@odata.id":  "/redfish/v1/StorageSystems/AC-109032/Volumes/SCSQL2017/SnapShots/042b4bd8361b856bbc000000000000000900022bbf"
                    },
                    {
                        "@odata.id":  "/redfish/v1/StorageSystems/AC-109032/Volumes/SCSQL2017/SnapShots/042b4bd8361b856bbc000000000000000900028484"
                    },
                    {
                        "@odata.id":  "/redfish/v1/StorageSystems/AC-109032/Volumes/SCSQL2017/SnapShots/042b4bd8361b856bbc00000000000000090002c41e"
                    },
                    {
                        "@odata.id":  "/redfish/v1/StorageSystems/AC-109032/Volumes/SCSQL2017/SnapShots/042b4bd8361b856bbc000000000000000900027608"
                    },
                    {
                        "@odata.id":  "/redfish/v1/StorageSystems/AC-109032/Volumes/SCSQL2017/SnapShots/042b4bd8361b856bbc000000000000000900028adb"
                    },
                    {
                        "@odata.id":  "/redfish/v1/StorageSystems/AC-109032/Volumes/SCSQL2017/SnapShots/042b4bd8361b856bbc00000000000000090001e001"
                    },
                    {
                        "@odata.id":  "/redfish/v1/StorageSystems/AC-109032/Volumes/SCSQL2017/SnapShots/042b4bd8361b856bbc00000000000000090001ee63"
                    },
                    {
                        "@odata.id":  "/redfish/v1/StorageSystems/AC-109032/Volumes/SCSQL2017/SnapShots/042b4bd8361b856bbc00000000000000090002c805"
                    },
                    {
                        "@odata.id":  "/redfish/v1/StorageSystems/AC-109032/Volumes/SCSQL2017/SnapShots/042b4bd8361b856bbc00000000000000090002c5f2"
                    },
                    {
                        "@odata.id":  "/redfish/v1/StorageSystems/AC-109032/Volumes/SCSQL2017/SnapShots/042b4bd8361b856bbc0000000000000009000231d4"
                    },
                    {
                        "@odata.id":  "/redfish/v1/StorageSystems/AC-109032/Volumes/SCSQL2017/SnapShots/042b4bd8361b856bbc00000000000000090002cc70"
                    },
                    {
                        "@odata.id":  "/redfish/v1/StorageSystems/AC-109032/Volumes/SCSQL2017/SnapShots/042b4bd8361b856bbc00000000000000090002c4ba"
                    },
                    {
                        "@odata.id":  "/redfish/v1/StorageSystems/AC-109032/Volumes/SCSQL2017/SnapShots/042b4bd8361b856bbc0000000000000009000254d5"
                    },
                    {
                        "@odata.id":  "/redfish/v1/StorageSystems/AC-109032/Volumes/SCSQL2017/SnapShots/042b4bd8361b856bbc000000000000000900024659"
                    },
                    {
                        "@odata.id":  "/redfish/v1/StorageSystems/AC-109032/Volumes/SCSQL2017/SnapShots/042b4bd8361b856bbc000000000000000900026183"
                    },
                    {
                        "@odata.id":  "/redfish/v1/StorageSystems/AC-109032/Volumes/SCSQL2017/SnapShots/042b4bd8361b856bbc00000000000000090002cc2d"
                    },
                    {
                        "@odata.id":  "/redfish/v1/StorageSystems/AC-109032/Volumes/SCSQL2017/SnapShots/042b4bd8361b856bbc00000000000000090002c382"
                    },
                    {
                        "@odata.id":  "/redfish/v1/StorageSystems/AC-109032/Volumes/SCSQL2017/SnapShots/042b4bd8361b856bbc00000000000000090002cade"
                    },
                    {
                        "@odata.id":  "/redfish/v1/StorageSystems/AC-109032/Volumes/SCSQL2017/SnapShots/042b4bd8361b856bbc00000000000000090002c46c"
                    },
                    {
                        "@odata.id":  "/redfish/v1/StorageSystems/AC-109032/Volumes/SCSQL2017/SnapShots/042b4bd8361b856bbc00000000000000090002cbea"
                    },
                    {
                        "@odata.id":  "/redfish/v1/StorageSystems/AC-109032/Volumes/SCSQL2017/SnapShots/042b4bd8361b856bbc000000000000000900027d46"
                    },
                    {
                        "@odata.id":  "/redfish/v1/StorageSystems/AC-109032/Volumes/SCSQL2017/SnapShots/042b4bd8361b856bbc000000000000000900026ee4"
                    },
                    {
                        "@odata.id":  "/redfish/v1/StorageSystems/AC-109032/Volumes/SCSQL2017/SnapShots/042b4bd8361b856bbc00000000000000090002cd39"
                    },
                    {
                        "@odata.id":  "/redfish/v1/StorageSystems/AC-109032/Volumes/SCSQL2017/SnapShots/042b4bd8361b856bbc00000000000000090002c0e1"
                    },
                    {
                        "@odata.id":  "/redfish/v1/StorageSystems/AC-109032/Volumes/SCSQL2017/SnapShots/042b4bd8361b856bbc00000000000000090002c3d0"
                    },
                    {
                        "@odata.id":  "/redfish/v1/StorageSystems/AC-109032/Volumes/SCSQL2017/SnapShots/042b4bd8361b856bbc00000000000000090002ca9b"
                    },
                    {
                        "@odata.id":  "/redfish/v1/StorageSystems/AC-109032/Volumes/SCSQL2017/SnapShots/042b4bd8361b856bbc00000000000000090002c334"
                    },
                    {
                        "@odata.id":  "/redfish/v1/StorageSystems/AC-109032/Volumes/SCSQL2017/SnapShots/042b4bd8361b856bbc00000000000000090002c5a4"
                    }
                ]
}