{
    "@Redfish.Copyright":  "Copyright 2014-2016 Distributed Management Task Force, Inc. (DMTF). For the full DMTF copyright policy, see http://www.dmtf.org/about/policies/copyright.",
    "@odata.context":  "/redfish/v1/$metadata#Volumes/AC-109032/Volumes/bob12/Snapshots",
    "@odata.id":  "/redfish/v1//StorageSystems/AC-109032/Volumes/bob12/Snapshots",
    "@odata.type":  "#SnapshotsCollection.v1_0_0.SnapshotsCollection",
    "Name":  "NimbleSnapshotCollection",
    "Members@odata.count":  60,
    "Members":  [
                    {
                        "@odata.id":  "/redfish/v1/StorageSystems/AC-109032/Volumes/bob12/SnapShots/042b4bd8361b856bbc00000000000000170002d9b4"
                    },
                    {
                        "@odata.id":  "/redfish/v1/StorageSystems/AC-109032/Volumes/bob12/SnapShots/042b4bd8361b856bbc00000000000000170002d9ae"
                    },
                    {
                        "@odata.id":  "/redfish/v1/StorageSystems/AC-109032/Volumes/bob12/SnapShots/042b4bd8361b856bbc00000000000000170002d9a3"
                    },
                    {
                        "@odata.id":  "/redfish/v1/StorageSystems/AC-109032/Volumes/bob12/SnapShots/042b4bd8361b856bbc00000000000000170002d99d"
                    },
                    {
                        "@odata.id":  "/redfish/v1/StorageSystems/AC-109032/Volumes/bob12/SnapShots/042b4bd8361b856bbc00000000000000170002d995"
                    },
                    {
                        "@odata.id":  "/redfish/v1/StorageSystems/AC-109032/Volumes/bob12/SnapShots/042b4bd8361b856bbc00000000000000170002d98f"
                    },
                    {
                        "@odata.id":  "/redfish/v1/StorageSystems/AC-109032/Volumes/bob12/SnapShots/042b4bd8361b856bbc00000000000000170002d989"
                    },
                    {
                        "@odata.id":  "/redfish/v1/StorageSystems/AC-109032/Volumes/bob12/SnapShots/042b4bd8361b856bbc00000000000000170002d983"
                    },
                    {
                        "@odata.id":  "/redfish/v1/StorageSystems/AC-109032/Volumes/bob12/SnapShots/042b4bd8361b856bbc00000000000000170002d97c"
                    },
                    {
                        "@odata.id":  "/redfish/v1/StorageSystems/AC-109032/Volumes/bob12/SnapShots/042b4bd8361b856bbc00000000000000170002d976"
                    },
                    {
                        "@odata.id":  "/redfish/v1/StorageSystems/AC-109032/Volumes/bob12/SnapShots/042b4bd8361b856bbc00000000000000170002d970"
                    },
                    {
                        "@odata.id":  "/redfish/v1/StorageSystems/AC-109032/Volumes/bob12/SnapShots/042b4bd8361b856bbc00000000000000170002d96a"
                    },
                    {
                        "@odata.id":  "/redfish/v1/StorageSystems/AC-109032/Volumes/bob12/SnapShots/042b4bd8361b856bbc00000000000000170002d963"
                    },
                    {
                        "@odata.id":  "/redfish/v1/StorageSystems/AC-109032/Volumes/bob12/SnapShots/042b4bd8361b856bbc00000000000000170002d95d"
                    },
                    {
                        "@odata.id":  "/redfish/v1/StorageSystems/AC-109032/Volumes/bob12/SnapShots/042b4bd8361b856bbc00000000000000170002d952"
                    },
                    {
                        "@odata.id":  "/redfish/v1/StorageSystems/AC-109032/Volumes/bob12/SnapShots/042b4bd8361b856bbc00000000000000170002d94c"
                    },
                    {
                        "@odata.id":  "/redfish/v1/StorageSystems/AC-109032/Volumes/bob12/SnapShots/042b4bd8361b856bbc00000000000000170002d945"
                    },
                    {
                        "@odata.id":  "/redfish/v1/StorageSystems/AC-109032/Volumes/bob12/SnapShots/042b4bd8361b856bbc00000000000000170002d93e"
                    },
                    {
                        "@odata.id":  "/redfish/v1/StorageSystems/AC-109032/Volumes/bob12/SnapShots/042b4bd8361b856bbc00000000000000170002d938"
                    },
                    {
                        "@odata.id":  "/redfish/v1/StorageSystems/AC-109032/Volumes/bob12/SnapShots/042b4bd8361b856bbc00000000000000170002d932"
                    },
                    {
                        "@odata.id":  "/redfish/v1/StorageSystems/AC-109032/Volumes/bob12/SnapShots/042b4bd8361b856bbc00000000000000170002d92c"
                    },
                    {
                        "@odata.id":  "/redfish/v1/StorageSystems/AC-109032/Volumes/bob12/SnapShots/042b4bd8361b856bbc00000000000000170002d925"
                    },
                    {
                        "@odata.id":  "/redfish/v1/StorageSystems/AC-109032/Volumes/bob12/SnapShots/042b4bd8361b856bbc00000000000000170002d91f"
                    },
                    {
                        "@odata.id":  "/redfish/v1/StorageSystems/AC-109032/Volumes/bob12/SnapShots/042b4bd8361b856bbc00000000000000170002d919"
                    },
                    {
                        "@odata.id":  "/redfish/v1/StorageSystems/AC-109032/Volumes/bob12/SnapShots/042b4bd8361b856bbc00000000000000170002d913"
                    },
                    {
                        "@odata.id":  "/redfish/v1/StorageSystems/AC-109032/Volumes/bob12/SnapShots/042b4bd8361b856bbc00000000000000170002d90d"
                    },
                    {
                        "@odata.id":  "/redfish/v1/StorageSystems/AC-109032/Volumes/bob12/SnapShots/042b4bd8361b856bbc00000000000000170002d901"
                    },
                    {
                        "@odata.id":  "/redfish/v1/StorageSystems/AC-109032/Volumes/bob12/SnapShots/042b4bd8361b856bbc00000000000000170002d8fb"
                    },
                    {
                        "@odata.id":  "/redfish/v1/StorageSystems/AC-109032/Volumes/bob12/SnapShots/042b4bd8361b856bbc00000000000000170002d8f4"
                    },
                    {
                        "@odata.id":  "/redfish/v1/StorageSystems/AC-109032/Volumes/bob12/SnapShots/042b4bd8361b856bbc00000000000000170002d8ee"
                    },
                    {
                        "@odata.id":  "/redfish/v1/StorageSystems/AC-109032/Volumes/bob12/SnapShots/042b4bd8361b856bbc00000000000000170002d8e7"
                    },
                    {
                        "@odata.id":  "/redfish/v1/StorageSystems/AC-109032/Volumes/bob12/SnapShots/042b4bd8361b856bbc00000000000000170002d8e1"
                    },
                    {
                        "@odata.id":  "/redfish/v1/StorageSystems/AC-109032/Volumes/bob12/SnapShots/042b4bd8361b856bbc00000000000000170002d8db"
                    },
                    {
                        "@odata.id":  "/redfish/v1/StorageSystems/AC-109032/Volumes/bob12/SnapShots/042b4bd8361b856bbc00000000000000170002d8d5"
                    },
                    {
                        "@odata.id":  "/redfish/v1/StorageSystems/AC-109032/Volumes/bob12/SnapShots/042b4bd8361b856bbc00000000000000170002d8ce"
                    },
                    {
                        "@odata.id":  "/redfish/v1/StorageSystems/AC-109032/Volumes/bob12/SnapShots/042b4bd8361b856bbc00000000000000170002d8c8"
                    },
                    {
                        "@odata.id":  "/redfish/v1/StorageSystems/AC-109032/Volumes/bob12/SnapShots/042b4bd8361b856bbc00000000000000170002d8c2"
                    },
                    {
                        "@odata.id":  "/redfish/v1/StorageSystems/AC-109032/Volumes/bob12/SnapShots/042b4bd8361b856bbc00000000000000170002d8bc"
                    },
                    {
                        "@odata.id":  "/redfish/v1/StorageSystems/AC-109032/Volumes/bob12/SnapShots/042b4bd8361b856bbc00000000000000170002d8b1"
                    },
                    {
                        "@odata.id":  "/redfish/v1/StorageSystems/AC-109032/Volumes/bob12/SnapShots/042b4bd8361b856bbc00000000000000170002d8aa"
                    },
                    {
                        "@odata.id":  "/redfish/v1/StorageSystems/AC-109032/Volumes/bob12/SnapShots/042b4bd8361b856bbc00000000000000170002d8a3"
                    },
                    {
                        "@odata.id":  "/redfish/v1/StorageSystems/AC-109032/Volumes/bob12/SnapShots/042b4bd8361b856bbc00000000000000170002d89d"
                    },
                    {
                        "@odata.id":  "/redfish/v1/StorageSystems/AC-109032/Volumes/bob12/SnapShots/042b4bd8361b856bbc00000000000000170002d897"
                    },
                    {
                        "@odata.id":  "/redfish/v1/StorageSystems/AC-109032/Volumes/bob12/SnapShots/042b4bd8361b856bbc00000000000000170002d890"
                    },
                    {
                        "@odata.id":  "/redfish/v1/StorageSystems/AC-109032/Volumes/bob12/SnapShots/042b4bd8361b856bbc00000000000000170002d88a"
                    },
                    {
                        "@odata.id":  "/redfish/v1/StorageSystems/AC-109032/Volumes/bob12/SnapShots/042b4bd8361b856bbc00000000000000170002d884"
                    },
                    {
                        "@odata.id":  "/redfish/v1/StorageSystems/AC-109032/Volumes/bob12/SnapShots/042b4bd8361b856bbc00000000000000170002d87e"
                    },
                    {
                        "@odata.id":  "/redfish/v1/StorageSystems/AC-109032/Volumes/bob12/SnapShots/042b4bd8361b856bbc00000000000000170002d878"
                    },
                    {
                        "@odata.id":  "/redfish/v1/StorageSystems/AC-109032/Volumes/bob12/SnapShots/042b4bd8361b856bbc00000000000000170002d871"
                    },
                    {
                        "@odata.id":  "/redfish/v1/StorageSystems/AC-109032/Volumes/bob12/SnapShots/042b4bd8361b856bbc00000000000000170002d86b"
                    },
                    {
                        "@odata.id":  "/redfish/v1/StorageSystems/AC-109032/Volumes/bob12/SnapShots/042b4bd8361b856bbc00000000000000170002d860"
                    },
                    {
                        "@odata.id":  "/redfish/v1/StorageSystems/AC-109032/Volumes/bob12/SnapShots/042b4bd8361b856bbc00000000000000170002d85a"
                    },
                    {
                        "@odata.id":  "/redfish/v1/StorageSystems/AC-109032/Volumes/bob12/SnapShots/042b4bd8361b856bbc00000000000000170002d852"
                    },
                    {
                        "@odata.id":  "/redfish/v1/StorageSystems/AC-109032/Volumes/bob12/SnapShots/042b4bd8361b856bbc00000000000000170002d84c"
                    },
                    {
                        "@odata.id":  "/redfish/v1/StorageSystems/AC-109032/Volumes/bob12/SnapShots/042b4bd8361b856bbc00000000000000170002d846"
                    },
                    {
                        "@odata.id":  "/redfish/v1/StorageSystems/AC-109032/Volumes/bob12/SnapShots/042b4bd8361b856bbc00000000000000170002d840"
                    },
                    {
                        "@odata.id":  "/redfish/v1/StorageSystems/AC-109032/Volumes/bob12/SnapShots/042b4bd8361b856bbc00000000000000170002d839"
                    },
                    {
                        "@odata.id":  "/redfish/v1/StorageSystems/AC-109032/Volumes/bob12/SnapShots/042b4bd8361b856bbc00000000000000170002d833"
                    },
                    {
                        "@odata.id":  "/redfish/v1/StorageSystems/AC-109032/Volumes/bob12/SnapShots/042b4bd8361b856bbc00000000000000170002d82d"
                    },
                    {
                        "@odata.id":  "/redfish/v1/StorageSystems/AC-109032/Volumes/bob12/SnapShots/042b4bd8361b856bbc00000000000000170002d827"
                    }
                ]
}