{
    "@Redfish.Copyright":  "Copyright 2014-2016 Distributed Management Task Force, Inc. (DMTF). For the full DMTF copyright policy, see http://www.dmtf.org/about/policies/copyright.",
    "@odata.id":  "/redfish/v1//StorageSystems/AC-109032/Volumes/bob12/Snapshots",
    "@odata.type":  "#SnapshotsCollection.v1_0_0.SnapshotsCollection",
    "Name":  "NimbleSnapshotCollection",
    "Members@odata.count":  60,
    "Members":  [
                    {
                        "@odata.id":  "/redfish/v1/StorageSystems/AC-109032/Volumes/bob12/SnapShots/042b4bd8361b856bbc00000000000000170002f442"
                    },
                    {
                        "@odata.id":  "/redfish/v1/StorageSystems/AC-109032/Volumes/bob12/SnapShots/042b4bd8361b856bbc00000000000000170002f43c"
                    },
                    {
                        "@odata.id":  "/redfish/v1/StorageSystems/AC-109032/Volumes/bob12/SnapShots/042b4bd8361b856bbc00000000000000170002f436"
                    },
                    {
                        "@odata.id":  "/redfish/v1/StorageSystems/AC-109032/Volumes/bob12/SnapShots/042b4bd8361b856bbc00000000000000170002f430"
                    },
                    {
                        "@odata.id":  "/redfish/v1/StorageSystems/AC-109032/Volumes/bob12/SnapShots/042b4bd8361b856bbc00000000000000170002f42a"
                    },
                    {
                        "@odata.id":  "/redfish/v1/StorageSystems/AC-109032/Volumes/bob12/SnapShots/042b4bd8361b856bbc00000000000000170002f424"
                    },
                    {
                        "@odata.id":  "/redfish/v1/StorageSystems/AC-109032/Volumes/bob12/SnapShots/042b4bd8361b856bbc00000000000000170002f419"
                    },
                    {
                        "@odata.id":  "/redfish/v1/StorageSystems/AC-109032/Volumes/bob12/SnapShots/042b4bd8361b856bbc00000000000000170002f413"
                    },
                    {
                        "@odata.id":  "/redfish/v1/StorageSystems/AC-109032/Volumes/bob12/SnapShots/042b4bd8361b856bbc00000000000000170002f40c"
                    },
                    {
                        "@odata.id":  "/redfish/v1/StorageSystems/AC-109032/Volumes/bob12/SnapShots/042b4bd8361b856bbc00000000000000170002f406"
                    },
                    {
                        "@odata.id":  "/redfish/v1/StorageSystems/AC-109032/Volumes/bob12/SnapShots/042b4bd8361b856bbc00000000000000170002f400"
                    },
                    {
                        "@odata.id":  "/redfish/v1/StorageSystems/AC-109032/Volumes/bob12/SnapShots/042b4bd8361b856bbc00000000000000170002f3fa"
                    },
                    {
                        "@odata.id":  "/redfish/v1/StorageSystems/AC-109032/Volumes/bob12/SnapShots/042b4bd8361b856bbc00000000000000170002f3f4"
                    },
                    {
                        "@odata.id":  "/redfish/v1/StorageSystems/AC-109032/Volumes/bob12/SnapShots/042b4bd8361b856bbc00000000000000170002f3ee"
                    },
                    {
                        "@odata.id":  "/redfish/v1/StorageSystems/AC-109032/Volumes/bob12/SnapShots/042b4bd8361b856bbc00000000000000170002f3e8"
                    },
                    {
                        "@odata.id":  "/redfish/v1/StorageSystems/AC-109032/Volumes/bob12/SnapShots/042b4bd8361b856bbc00000000000000170002f3e2"
                    },
                    {
                        "@odata.id":  "/redfish/v1/StorageSystems/AC-109032/Volumes/bob12/SnapShots/042b4bd8361b856bbc00000000000000170002f3dc"
                    },
                    {
                        "@odata.id":  "/redfish/v1/StorageSystems/AC-109032/Volumes/bob12/SnapShots/042b4bd8361b856bbc00000000000000170002f3d6"
                    },
                    {
                        "@odata.id":  "/redfish/v1/StorageSystems/AC-109032/Volumes/bob12/SnapShots/042b4bd8361b856bbc00000000000000170002f3cb"
                    },
                    {
                        "@odata.id":  "/redfish/v1/StorageSystems/AC-109032/Volumes/bob12/SnapShots/042b4bd8361b856bbc00000000000000170002f3c5"
                    },
                    {
                        "@odata.id":  "/redfish/v1/StorageSystems/AC-109032/Volumes/bob12/SnapShots/042b4bd8361b856bbc00000000000000170002f3be"
                    },
                    {
                        "@odata.id":  "/redfish/v1/StorageSystems/AC-109032/Volumes/bob12/SnapShots/042b4bd8361b856bbc00000000000000170002f3b8"
                    },
                    {
                        "@odata.id":  "/redfish/v1/StorageSystems/AC-109032/Volumes/bob12/SnapShots/042b4bd8361b856bbc00000000000000170002f3b2"
                    },
                    {
                        "@odata.id":  "/redfish/v1/StorageSystems/AC-109032/Volumes/bob12/SnapShots/042b4bd8361b856bbc00000000000000170002f3ac"
                    },
                    {
                        "@odata.id":  "/redfish/v1/StorageSystems/AC-109032/Volumes/bob12/SnapShots/042b4bd8361b856bbc00000000000000170002f3a6"
                    },
                    {
                        "@odata.id":  "/redfish/v1/StorageSystems/AC-109032/Volumes/bob12/SnapShots/042b4bd8361b856bbc00000000000000170002f3a0"
                    },
                    {
                        "@odata.id":  "/redfish/v1/StorageSystems/AC-109032/Volumes/bob12/SnapShots/042b4bd8361b856bbc00000000000000170002f39a"
                    },
                    {
                        "@odata.id":  "/redfish/v1/StorageSystems/AC-109032/Volumes/bob12/SnapShots/042b4bd8361b856bbc00000000000000170002f394"
                    },
                    {
                        "@odata.id":  "/redfish/v1/StorageSystems/AC-109032/Volumes/bob12/SnapShots/042b4bd8361b856bbc00000000000000170002f38e"
                    },
                    {
                        "@odata.id":  "/redfish/v1/StorageSystems/AC-109032/Volumes/bob12/SnapShots/042b4bd8361b856bbc00000000000000170002f388"
                    },
                    {
                        "@odata.id":  "/redfish/v1/StorageSystems/AC-109032/Volumes/bob12/SnapShots/042b4bd8361b856bbc00000000000000170002f37d"
                    },
                    {
                        "@odata.id":  "/redfish/v1/StorageSystems/AC-109032/Volumes/bob12/SnapShots/042b4bd8361b856bbc00000000000000170002f377"
                    },
                    {
                        "@odata.id":  "/redfish/v1/StorageSystems/AC-109032/Volumes/bob12/SnapShots/042b4bd8361b856bbc00000000000000170002f370"
                    },
                    {
                        "@odata.id":  "/redfish/v1/StorageSystems/AC-109032/Volumes/bob12/SnapShots/042b4bd8361b856bbc00000000000000170002f36a"
                    },
                    {
                        "@odata.id":  "/redfish/v1/StorageSystems/AC-109032/Volumes/bob12/SnapShots/042b4bd8361b856bbc00000000000000170002f364"
                    },
                    {
                        "@odata.id":  "/redfish/v1/StorageSystems/AC-109032/Volumes/bob12/SnapShots/042b4bd8361b856bbc00000000000000170002f35e"
                    },
                    {
                        "@odata.id":  "/redfish/v1/StorageSystems/AC-109032/Volumes/bob12/SnapShots/042b4bd8361b856bbc00000000000000170002f358"
                    },
                    {
                        "@odata.id":  "/redfish/v1/StorageSystems/AC-109032/Volumes/bob12/SnapShots/042b4bd8361b856bbc00000000000000170002f352"
                    },
                    {
                        "@odata.id":  "/redfish/v1/StorageSystems/AC-109032/Volumes/bob12/SnapShots/042b4bd8361b856bbc00000000000000170002f34c"
                    },
                    {
                        "@odata.id":  "/redfish/v1/StorageSystems/AC-109032/Volumes/bob12/SnapShots/042b4bd8361b856bbc00000000000000170002f346"
                    },
                    {
                        "@odata.id":  "/redfish/v1/StorageSystems/AC-109032/Volumes/bob12/SnapShots/042b4bd8361b856bbc00000000000000170002f340"
                    },
                    {
                        "@odata.id":  "/redfish/v1/StorageSystems/AC-109032/Volumes/bob12/SnapShots/042b4bd8361b856bbc00000000000000170002f33a"
                    },
                    {
                        "@odata.id":  "/redfish/v1/StorageSystems/AC-109032/Volumes/bob12/SnapShots/042b4bd8361b856bbc00000000000000170002f32f"
                    },
                    {
                        "@odata.id":  "/redfish/v1/StorageSystems/AC-109032/Volumes/bob12/SnapShots/042b4bd8361b856bbc00000000000000170002f329"
                    },
                    {
                        "@odata.id":  "/redfish/v1/StorageSystems/AC-109032/Volumes/bob12/SnapShots/042b4bd8361b856bbc00000000000000170002f322"
                    },
                    {
                        "@odata.id":  "/redfish/v1/StorageSystems/AC-109032/Volumes/bob12/SnapShots/042b4bd8361b856bbc00000000000000170002f31c"
                    },
                    {
                        "@odata.id":  "/redfish/v1/StorageSystems/AC-109032/Volumes/bob12/SnapShots/042b4bd8361b856bbc00000000000000170002f316"
                    },
                    {
                        "@odata.id":  "/redfish/v1/StorageSystems/AC-109032/Volumes/bob12/SnapShots/042b4bd8361b856bbc00000000000000170002f310"
                    },
                    {
                        "@odata.id":  "/redfish/v1/StorageSystems/AC-109032/Volumes/bob12/SnapShots/042b4bd8361b856bbc00000000000000170002f30a"
                    },
                    {
                        "@odata.id":  "/redfish/v1/StorageSystems/AC-109032/Volumes/bob12/SnapShots/042b4bd8361b856bbc00000000000000170002f304"
                    },
                    {
                        "@odata.id":  "/redfish/v1/StorageSystems/AC-109032/Volumes/bob12/SnapShots/042b4bd8361b856bbc00000000000000170002f2fe"
                    },
                    {
                        "@odata.id":  "/redfish/v1/StorageSystems/AC-109032/Volumes/bob12/SnapShots/042b4bd8361b856bbc00000000000000170002f2f8"
                    },
                    {
                        "@odata.id":  "/redfish/v1/StorageSystems/AC-109032/Volumes/bob12/SnapShots/042b4bd8361b856bbc00000000000000170002f2f2"
                    },
                    {
                        "@odata.id":  "/redfish/v1/StorageSystems/AC-109032/Volumes/bob12/SnapShots/042b4bd8361b856bbc00000000000000170002f2ec"
                    },
                    {
                        "@odata.id":  "/redfish/v1/StorageSystems/AC-109032/Volumes/bob12/SnapShots/042b4bd8361b856bbc00000000000000170002f2e1"
                    },
                    {
                        "@odata.id":  "/redfish/v1/StorageSystems/AC-109032/Volumes/bob12/SnapShots/042b4bd8361b856bbc00000000000000170002f2db"
                    },
                    {
                        "@odata.id":  "/redfish/v1/StorageSystems/AC-109032/Volumes/bob12/SnapShots/042b4bd8361b856bbc00000000000000170002f2d4"
                    },
                    {
                        "@odata.id":  "/redfish/v1/StorageSystems/AC-109032/Volumes/bob12/SnapShots/042b4bd8361b856bbc00000000000000170002f2ce"
                    },
                    {
                        "@odata.id":  "/redfish/v1/StorageSystems/AC-109032/Volumes/bob12/SnapShots/042b4bd8361b856bbc00000000000000170002f2c8"
                    },
                    {
                        "@odata.id":  "/redfish/v1/StorageSystems/AC-109032/Volumes/bob12/SnapShots/042b4bd8361b856bbc00000000000000170002f2c2"
                    }
                ]
}