{
    "@Redfish.Copyright":  "Copyright 2014-2016 HPE and DMTF",
    "@odata.id":  "/redfish/v1//Storage/AC-109032/StoragePools/Default/Volumes/SCSQL2017/Snapshots",
    "@odata.type":  "#SnapshotsCollection.v1_0_0.SnapshotsCollection",
    "Name":  "NimbleSnapshotCollection",
    "Members@odata.count":  96,
    "Members":  [
                    {
                        "@odata.id":  "/redfish/v1/Storage/AC-109032/StoragePools/Default/Volumes/SCSQL2017/SnapShots/042b4bd8361b856bbc00000000000000090003cb3e"
                    },
                    {
                        "@odata.id":  "/redfish/v1/Storage/AC-109032/StoragePools/Default/Volumes/SCSQL2017/SnapShots/042b4bd8361b856bbc00000000000000090003caed"
                    },
                    {
                        "@odata.id":  "/redfish/v1/Storage/AC-109032/StoragePools/Default/Volumes/SCSQL2017/SnapShots/042b4bd8361b856bbc00000000000000090003ca9b"
                    },
                    {
                        "@odata.id":  "/redfish/v1/Storage/AC-109032/StoragePools/Default/Volumes/SCSQL2017/SnapShots/042b4bd8361b856bbc00000000000000090003ca49"
                    },
                    {
                        "@odata.id":  "/redfish/v1/Storage/AC-109032/StoragePools/Default/Volumes/SCSQL2017/SnapShots/042b4bd8361b856bbc00000000000000090003c9f8"
                    },
                    {
                        "@odata.id":  "/redfish/v1/Storage/AC-109032/StoragePools/Default/Volumes/SCSQL2017/SnapShots/042b4bd8361b856bbc00000000000000090003c9a6"
                    },
                    {
                        "@odata.id":  "/redfish/v1/Storage/AC-109032/StoragePools/Default/Volumes/SCSQL2017/SnapShots/042b4bd8361b856bbc00000000000000090003c954"
                    },
                    {
                        "@odata.id":  "/redfish/v1/Storage/AC-109032/StoragePools/Default/Volumes/SCSQL2017/SnapShots/042b4bd8361b856bbc00000000000000090003c902"
                    },
                    {
                        "@odata.id":  "/redfish/v1/Storage/AC-109032/StoragePools/Default/Volumes/SCSQL2017/SnapShots/042b4bd8361b856bbc00000000000000090003c6a0"
                    },
                    {
                        "@odata.id":  "/redfish/v1/Storage/AC-109032/StoragePools/Default/Volumes/SCSQL2017/SnapShots/042b4bd8361b856bbc00000000000000090003c573"
                    },
                    {
                        "@odata.id":  "/redfish/v1/Storage/AC-109032/StoragePools/Default/Volumes/SCSQL2017/SnapShots/042b4bd8361b856bbc00000000000000090003c524"
                    },
                    {
                        "@odata.id":  "/redfish/v1/Storage/AC-109032/StoragePools/Default/Volumes/SCSQL2017/SnapShots/042b4bd8361b856bbc00000000000000090003c4d5"
                    },
                    {
                        "@odata.id":  "/redfish/v1/Storage/AC-109032/StoragePools/Default/Volumes/SCSQL2017/SnapShots/042b4bd8361b856bbc00000000000000090003c486"
                    },
                    {
                        "@odata.id":  "/redfish/v1/Storage/AC-109032/StoragePools/Default/Volumes/SCSQL2017/SnapShots/042b4bd8361b856bbc00000000000000090003c437"
                    },
                    {
                        "@odata.id":  "/redfish/v1/Storage/AC-109032/StoragePools/Default/Volumes/SCSQL2017/SnapShots/042b4bd8361b856bbc00000000000000090003c3e8"
                    },
                    {
                        "@odata.id":  "/redfish/v1/Storage/AC-109032/StoragePools/Default/Volumes/SCSQL2017/SnapShots/042b4bd8361b856bbc00000000000000090003c399"
                    },
                    {
                        "@odata.id":  "/redfish/v1/Storage/AC-109032/StoragePools/Default/Volumes/SCSQL2017/SnapShots/042b4bd8361b856bbc00000000000000090003c34a"
                    },
                    {
                        "@odata.id":  "/redfish/v1/Storage/AC-109032/StoragePools/Default/Volumes/SCSQL2017/SnapShots/042b4bd8361b856bbc00000000000000090003c2fb"
                    },
                    {
                        "@odata.id":  "/redfish/v1/Storage/AC-109032/StoragePools/Default/Volumes/SCSQL2017/SnapShots/042b4bd8361b856bbc00000000000000090003c2ac"
                    },
                    {
                        "@odata.id":  "/redfish/v1/Storage/AC-109032/StoragePools/Default/Volumes/SCSQL2017/SnapShots/042b4bd8361b856bbc00000000000000090003c25d"
                    },
                    {
                        "@odata.id":  "/redfish/v1/Storage/AC-109032/StoragePools/Default/Volumes/SCSQL2017/SnapShots/042b4bd8361b856bbc00000000000000090003c20e"
                    },
                    {
                        "@odata.id":  "/redfish/v1/Storage/AC-109032/StoragePools/Default/Volumes/SCSQL2017/SnapShots/042b4bd8361b856bbc00000000000000090003c1bf"
                    },
                    {
                        "@odata.id":  "/redfish/v1/Storage/AC-109032/StoragePools/Default/Volumes/SCSQL2017/SnapShots/042b4bd8361b856bbc00000000000000090003bf64"
                    },
                    {
                        "@odata.id":  "/redfish/v1/Storage/AC-109032/StoragePools/Default/Volumes/SCSQL2017/SnapShots/042b4bd8361b856bbc000000000000000900029856"
                    },
                    {
                        "@odata.id":  "/redfish/v1/Storage/AC-109032/StoragePools/Default/Volumes/SCSQL2017/SnapShots/042b4bd8361b856bbc00000000000000090002fe01"
                    },
                    {
                        "@odata.id":  "/redfish/v1/Storage/AC-109032/StoragePools/Default/Volumes/SCSQL2017/SnapShots/042b4bd8361b856bbc00000000000000090002ce42"
                    },
                    {
                        "@odata.id":  "/redfish/v1/Storage/AC-109032/StoragePools/Default/Volumes/SCSQL2017/SnapShots/042b4bd8361b856bbc00000000000000090002f090"
                    },
                    {
                        "@odata.id":  "/redfish/v1/Storage/AC-109032/StoragePools/Default/Volumes/SCSQL2017/SnapShots/042b4bd8361b856bbc00000000000000090002a5b7"
                    },
                    {
                        "@odata.id":  "/redfish/v1/Storage/AC-109032/StoragePools/Default/Volumes/SCSQL2017/SnapShots/042b4bd8361b856bbc000000000000000900029e93"
                    },
                    {
                        "@odata.id":  "/redfish/v1/Storage/AC-109032/StoragePools/Default/Volumes/SCSQL2017/SnapShots/042b4bd8361b856bbc000000000000000900038175"
                    },
                    {
                        "@odata.id":  "/redfish/v1/Storage/AC-109032/StoragePools/Default/Volumes/SCSQL2017/SnapShots/042b4bd8361b856bbc00000000000000090002ba8a"
                    },
                    {
                        "@odata.id":  "/redfish/v1/Storage/AC-109032/StoragePools/Default/Volumes/SCSQL2017/SnapShots/042b4bd8361b856bbc00000000000000090003b90f"
                    },
                    {
                        "@odata.id":  "/redfish/v1/Storage/AC-109032/StoragePools/Default/Volumes/SCSQL2017/SnapShots/042b4bd8361b856bbc00000000000000090003b744"
                    },
                    {
                        "@odata.id":  "/redfish/v1/Storage/AC-109032/StoragePools/Default/Volumes/SCSQL2017/SnapShots/042b4bd8361b856bbc000000000000000900034440"
                    },
                    {
                        "@odata.id":  "/redfish/v1/Storage/AC-109032/StoragePools/Default/Volumes/SCSQL2017/SnapShots/042b4bd8361b856bbc00000000000000090003ab64"
                    },
                    {
                        "@odata.id":  "/redfish/v1/Storage/AC-109032/StoragePools/Default/Volumes/SCSQL2017/SnapShots/042b4bd8361b856bbc00000000000000090003b56a"
                    },
                    {
                        "@odata.id":  "/redfish/v1/Storage/AC-109032/StoragePools/Default/Volumes/SCSQL2017/SnapShots/042b4bd8361b856bbc000000000000000900032803"
                    },
                    {
                        "@odata.id":  "/redfish/v1/Storage/AC-109032/StoragePools/Default/Volumes/SCSQL2017/SnapShots/042b4bd8361b856bbc00000000000000090003be13"
                    },
                    {
                        "@odata.id":  "/redfish/v1/Storage/AC-109032/StoragePools/Default/Volumes/SCSQL2017/SnapShots/042b4bd8361b856bbc000000000000000900036d41"
                    },
                    {
                        "@odata.id":  "/redfish/v1/Storage/AC-109032/StoragePools/Default/Volumes/SCSQL2017/SnapShots/042b4bd8361b856bbc00000000000000090003bd03"
                    },
                    {
                        "@odata.id":  "/redfish/v1/Storage/AC-109032/StoragePools/Default/Volumes/SCSQL2017/SnapShots/042b4bd8361b856bbc00000000000000090002b433"
                    },
                    {
                        "@odata.id":  "/redfish/v1/Storage/AC-109032/StoragePools/Default/Volumes/SCSQL2017/SnapShots/042b4bd8361b856bbc000000000000000900029132"
                    },
                    {
                        "@odata.id":  "/redfish/v1/Storage/AC-109032/StoragePools/Default/Volumes/SCSQL2017/SnapShots/042b4bd8361b856bbc00000000000000090002acf5"
                    },
                    {
                        "@odata.id":  "/redfish/v1/Storage/AC-109032/StoragePools/Default/Volumes/SCSQL2017/SnapShots/042b4bd8361b856bbc00000000000000090003bdcf"
                    },
                    {
                        "@odata.id":  "/redfish/v1/Storage/AC-109032/StoragePools/Default/Volumes/SCSQL2017/SnapShots/042b4bd8361b856bbc000000000000000900028484"
                    },
                    {
                        "@odata.id":  "/redfish/v1/Storage/AC-109032/StoragePools/Default/Volumes/SCSQL2017/SnapShots/042b4bd8361b856bbc000000000000000900028adb"
                    },
                    {
                        "@odata.id":  "/redfish/v1/Storage/AC-109032/StoragePools/Default/Volumes/SCSQL2017/SnapShots/042b4bd8361b856bbc00000000000000090003585a"
                    },
                    {
                        "@odata.id":  "/redfish/v1/Storage/AC-109032/StoragePools/Default/Volumes/SCSQL2017/SnapShots/042b4bd8361b856bbc00000000000000090003bbaf"
                    },
                    {
                        "@odata.id":  "/redfish/v1/Storage/AC-109032/StoragePools/Default/Volumes/SCSQL2017/SnapShots/042b4bd8361b856bbc00000000000000090002c805"
                    },
                    {
                        "@odata.id":  "/redfish/v1/Storage/AC-109032/StoragePools/Default/Volumes/SCSQL2017/SnapShots/042b4bd8361b856bbc000000000000000900031a58"
                    },
                    {
                        "@odata.id":  "/redfish/v1/Storage/AC-109032/StoragePools/Default/Volumes/SCSQL2017/SnapShots/042b4bd8361b856bbc00000000000000090002dca4"
                    },
                    {
                        "@odata.id":  "/redfish/v1/Storage/AC-109032/StoragePools/Default/Volumes/SCSQL2017/SnapShots/042b4bd8361b856bbc00000000000000090003a4f4"
                    },
                    {
                        "@odata.id":  "/redfish/v1/Storage/AC-109032/StoragePools/Default/Volumes/SCSQL2017/SnapShots/042b4bd8361b856bbc000000000000000900033cea"
                    },
                    {
                        "@odata.id":  "/redfish/v1/Storage/AC-109032/StoragePools/Default/Volumes/SCSQL2017/SnapShots/042b4bd8361b856bbc00000000000000090003bc7b"
                    },
                    {
                        "@odata.id":  "/redfish/v1/Storage/AC-109032/StoragePools/Default/Volumes/SCSQL2017/SnapShots/042b4bd8361b856bbc000000000000000900038f06"
                    },
                    {
                        "@odata.id":  "/redfish/v1/Storage/AC-109032/StoragePools/Default/Volumes/SCSQL2017/SnapShots/042b4bd8361b856bbc000000000000000900039642"
                    },
                    {
                        "@odata.id":  "/redfish/v1/Storage/AC-109032/StoragePools/Default/Volumes/SCSQL2017/SnapShots/042b4bd8361b856bbc0000000000000009000388b1"
                    },
                    {
                        "@odata.id":  "/redfish/v1/Storage/AC-109032/StoragePools/Default/Volumes/SCSQL2017/SnapShots/042b4bd8361b856bbc00000000000000090002d566"
                    },
                    {
                        "@odata.id":  "/redfish/v1/Storage/AC-109032/StoragePools/Default/Volumes/SCSQL2017/SnapShots/042b4bd8361b856bbc00000000000000090003b6f5"
                    },
                    {
                        "@odata.id":  "/redfish/v1/Storage/AC-109032/StoragePools/Default/Volumes/SCSQL2017/SnapShots/042b4bd8361b856bbc00000000000000090002ea39"
                    },
                    {
                        "@odata.id":  "/redfish/v1/Storage/AC-109032/StoragePools/Default/Volumes/SCSQL2017/SnapShots/042b4bd8361b856bbc00000000000000090003b6a6"
                    },
                    {
                        "@odata.id":  "/redfish/v1/Storage/AC-109032/StoragePools/Default/Volumes/SCSQL2017/SnapShots/042b4bd8361b856bbc00000000000000090002c0e1"
                    },
                    {
                        "@odata.id":  "/redfish/v1/Storage/AC-109032/StoragePools/Default/Volumes/SCSQL2017/SnapShots/042b4bd8361b856bbc000000000000000900033594"
                    },
                    {
                        "@odata.id":  "/redfish/v1/Storage/AC-109032/StoragePools/Default/Volumes/SCSQL2017/SnapShots/042b4bd8361b856bbc00000000000000090003bb27"
                    },
                    {
                        "@odata.id":  "/redfish/v1/Storage/AC-109032/StoragePools/Default/Volumes/SCSQL2017/SnapShots/042b4bd8361b856bbc00000000000000090002f7b4"
                    },
                    {
                        "@odata.id":  "/redfish/v1/Storage/AC-109032/StoragePools/Default/Volumes/SCSQL2017/SnapShots/042b4bd8361b856bbc00000000000000090003b4cc"
                    },
                    {
                        "@odata.id":  "/redfish/v1/Storage/AC-109032/StoragePools/Default/Volumes/SCSQL2017/SnapShots/042b4bd8361b856bbc0000000000000009000320c7"
                    },
                    {
                        "@odata.id":  "/redfish/v1/Storage/AC-109032/StoragePools/Default/Volumes/SCSQL2017/SnapShots/042b4bd8361b856bbc0000000000000009000365eb"
                    },
                    {
                        "@odata.id":  "/redfish/v1/Storage/AC-109032/StoragePools/Default/Volumes/SCSQL2017/SnapShots/042b4bd8361b856bbc000000000000000900037b06"
                    },
                    {
                        "@odata.id":  "/redfish/v1/Storage/AC-109032/StoragePools/Default/Volumes/SCSQL2017/SnapShots/042b4bd8361b856bbc00000000000000090003b51b"
                    },
                    {
                        "@odata.id":  "/redfish/v1/Storage/AC-109032/StoragePools/Default/Volumes/SCSQL2017/SnapShots/042b4bd8361b856bbc00000000000000090002e3e2"
                    },
                    {
                        "@odata.id":  "/redfish/v1/Storage/AC-109032/StoragePools/Default/Volumes/SCSQL2017/SnapShots/042b4bd8361b856bbc00000000000000090003511e"
                    },
                    {
                        "@odata.id":  "/redfish/v1/Storage/AC-109032/StoragePools/Default/Volumes/SCSQL2017/SnapShots/042b4bd8361b856bbc00000000000000090003bb6b"
                    },
                    {
                        "@odata.id":  "/redfish/v1/Storage/AC-109032/StoragePools/Default/Volumes/SCSQL2017/SnapShots/042b4bd8361b856bbc00000000000000090003053d"
                    },
                    {
                        "@odata.id":  "/redfish/v1/Storage/AC-109032/StoragePools/Default/Volumes/SCSQL2017/SnapShots/042b4bd8361b856bbc00000000000000090003b0c6"
                    },
                    {
                        "@odata.id":  "/redfish/v1/Storage/AC-109032/StoragePools/Default/Volumes/SCSQL2017/SnapShots/042b4bd8361b856bbc000000000000000900030c93"
                    },
                    {
                        "@odata.id":  "/redfish/v1/Storage/AC-109032/StoragePools/Default/Volumes/SCSQL2017/SnapShots/042b4bd8361b856bbc00000000000000090003b42e"
                    },
                    {
                        "@odata.id":  "/redfish/v1/Storage/AC-109032/StoragePools/Default/Volumes/SCSQL2017/SnapShots/042b4bd8361b856bbc0000000000000009000313e9"
                    },
                    {
                        "@odata.id":  "/redfish/v1/Storage/AC-109032/StoragePools/Default/Volumes/SCSQL2017/SnapShots/042b4bd8361b856bbc000000000000000900034aaf"
                    },
                    {
                        "@odata.id":  "/redfish/v1/Storage/AC-109032/StoragePools/Default/Volumes/SCSQL2017/SnapShots/042b4bd8361b856bbc00000000000000090003b657"
                    },
                    {
                        "@odata.id":  "/redfish/v1/Storage/AC-109032/StoragePools/Default/Volumes/SCSQL2017/SnapShots/042b4bd8361b856bbc00000000000000090003b1d3"
                    },
                    {
                        "@odata.id":  "/redfish/v1/Storage/AC-109032/StoragePools/Default/Volumes/SCSQL2017/SnapShots/042b4bd8361b856bbc00000000000000090003bcbf"
                    },
                    {
                        "@odata.id":  "/redfish/v1/Storage/AC-109032/StoragePools/Default/Volumes/SCSQL2017/SnapShots/042b4bd8361b856bbc00000000000000090003bc37"
                    },
                    {
                        "@odata.id":  "/redfish/v1/Storage/AC-109032/StoragePools/Default/Volumes/SCSQL2017/SnapShots/042b4bd8361b856bbc00000000000000090003b47d"
                    },
                    {
                        "@odata.id":  "/redfish/v1/Storage/AC-109032/StoragePools/Default/Volumes/SCSQL2017/SnapShots/042b4bd8361b856bbc000000000000000900032e58"
                    },
                    {
                        "@odata.id":  "/redfish/v1/Storage/AC-109032/StoragePools/Default/Volumes/SCSQL2017/SnapShots/042b4bd8361b856bbc000000000000000900037497"
                    },
                    {
                        "@odata.id":  "/redfish/v1/Storage/AC-109032/StoragePools/Default/Volumes/SCSQL2017/SnapShots/042b4bd8361b856bbc00000000000000090003bd8b"
                    },
                    {
                        "@odata.id":  "/redfish/v1/Storage/AC-109032/StoragePools/Default/Volumes/SCSQL2017/SnapShots/042b4bd8361b856bbc000000000000000900035eaf"
                    },
                    {
                        "@odata.id":  "/redfish/v1/Storage/AC-109032/StoragePools/Default/Volumes/SCSQL2017/SnapShots/042b4bd8361b856bbc00000000000000090003b608"
                    },
                    {
                        "@odata.id":  "/redfish/v1/Storage/AC-109032/StoragePools/Default/Volumes/SCSQL2017/SnapShots/042b4bd8361b856bbc00000000000000090003b7e2"
                    },
                    {
                        "@odata.id":  "/redfish/v1/Storage/AC-109032/StoragePools/Default/Volumes/SCSQL2017/SnapShots/042b4bd8361b856bbc00000000000000090003b793"
                    },
                    {
                        "@odata.id":  "/redfish/v1/Storage/AC-109032/StoragePools/Default/Volumes/SCSQL2017/SnapShots/042b4bd8361b856bbc00000000000000090003b5b9"
                    },
                    {
                        "@odata.id":  "/redfish/v1/Storage/AC-109032/StoragePools/Default/Volumes/SCSQL2017/SnapShots/042b4bd8361b856bbc00000000000000090003bbf3"
                    },
                    {
                        "@odata.id":  "/redfish/v1/Storage/AC-109032/StoragePools/Default/Volumes/SCSQL2017/SnapShots/042b4bd8361b856bbc00000000000000090003bd47"
                    },
                    {
                        "@odata.id":  "/redfish/v1/Storage/AC-109032/StoragePools/Default/Volumes/SCSQL2017/SnapShots/042b4bd8361b856bbc000000000000000900039da8"
                    },
                    {
                        "@odata.id":  "/redfish/v1/Storage/AC-109032/StoragePools/Default/Volumes/SCSQL2017/SnapShots/042b4bd8361b856bbc00000000000000090003be57"
                    }
                ]
}