{
    "@Redfish.Copyright":  "Copyright 2014-2016 Distributed Management Task Force, Inc. (DMTF). For the full DMTF copyright policy, see http://www.dmtf.org/about/policies/copyright.",
    "@odata.context":  "/redfish/v1/$metadata#Volumes/AC-109032/Volumes/DS9CSV/Snapshots/",
    "@odata.id":  "/redfish/v1/StorageSystems/AC-109032/Volumes/DS9CSV/Snapshots/",
    "@odata.type":  "#Volumes.1_4_0.Volume",
    "Id":  null,
    "Name":  null,
    "Description":  null,
    "Capacity":  {
                     "AllocatedBytes":  null
                 },
    "Status":  {
                   "State":  "StandbyOffline",
                   "Health":  "Warning"
               },
    "BlockSizeBytes":  4096,
    "MaxBlockSizeBytes":  4096,
    "OptimumIOSizeBytes":  4096,
    "Manufacturer":  "HPENimbleStorage",
    "Encrypted":  "false",
    "EncryptionTypes":  "ControllerAssisted",
    "ProvisioningPolicy":  "thin",
    "Compressed":  "true",
    "Deduplicated":  false,
    "DisplayName":  "default:/DS9CSV+",
    "LowSpaceWarningThresholdPercents":  80,
    "VolumeType":  "Snapshot",
    "VolumeUsageType":  "Data",
    "ReadCachePolicyType":  "AdaptiveReadAhead",
    "WriteCacheState":  "Enabled",
    "WriteCachePolicyType":  "ProtectedWriteBack",
    "WriteCacheStateType":  "Protected",
    "WriteHoleProtectionPolicyType":  "Journaling",
    "CapacitySources":  [
                            {
                                "ProvidingVolumes":  {
                                                         "Volumes":  [
                                                                         {
                                                                             "@odata,id":  "/redfish/v1/StorageSystems/AC-109032/Volumes/DS9CSV"
                                                                         }
                                                                     ]
                                                     },
                                "ProvidedCapacity":  {
                                                         "AllocatedCapacity":  100,
                                                         "ConsumedBytes":  null
                                                     }
                            }
                        ],
    "Identifiers":  [
                        {
                            "Manufacturer":  "NimbleStorage"
                        },
                        {
                            "DurableName":  null,
                            "DurableNameFormat":  "UUID"
                        },
                        {
                            "DurableName":  null,
                            "DurableNameFormat":  "vpd_ieee0"
                        },
                        {
                            "DurableName":  null,
                            "DurableNameFormat":  "vpd_ieee1"
                        },
                        {
                            "DurableName":  null,
                            "DurableNameFormat":  "vpd_t10"
                        },
                        {
                            "DurableName":  null,
                            "DurableNameFormat":  "iqn"
                        }
                    ],
    "ConsistencyGroup":  "/redfish/v1/StorageSystems/AC-109032/ConsistencyGroup/2016-Hyper-V"
}