{
    "@odata.context":  "/redfish/v1/$metadata#ManagerCollection.ManagerCollection",
    "@odata.type":  "#ManagerCollection.ManagerCollection",
    "@odata.id":  "/redfish/v1/Managers",
    "Name":  "Manager Collection",
    "Members@odata.count":  2,
    "Members":  [
                    {
                        "@odata.id":  "/redfish/v1/Managers/controller_a"
                    },
                    {
                        "@odata.id":  "/redfish/v1/Managers/controller_b"
                    }
                ]
}