{
    "@odata.Copyright":  "Copyright 2014-2016 HPE and DMTF",
    "@odata.type":  "#StorageControllerCollection.StorageControllerCollection",
    "@odata.id":  "/redfish/v1/Storage/AC-109032/StorageControllers",
    "Name":  "Storage System Collection",
    "Members":  [
                    {
                        "@odata.id":  "/redfish/v1/Storage/AC-109032/StorageControllers/AC-109032-A"
                    },
                    {
                        "@odata.id":  "/redfish/v1/Storage/AC-109032/StorageControllers/AC-109032-B"
                    }
                ]
}