{
    "@odata.context":  "/redfish/v1/$metadata#EthernetInterface.EthernetInterface",
    "@odata.type":  "#EthernetInterface.v1_5_1.EthernetInterface",
    "@odata.id":  "/redfish/v1/ComputerSystem/00C0FF5038E8/EthernetInterfaces/B",
    "Name":  "Manager Ethernet Interface",
    "Id":  "B",
    "InterfaceEnabled":  true,
    "Status":  {
                   "State":  "Enabled",
                   "Health":  "OK"
               },
    "PermanentMACAddress":  "00:c0:ff:50:43:92",
    "IPv4Addresses":  [
                          {
                              "Address":  "192.168.100.99",
                              "SubnetMask":  "255.255.255.0",
                              "Gateway":  "192.168.100.1"
                          }
                      ]
}