{
    "@Redfish.Copyright":  "Copyright 2014-2016 HPE and DMTF",
    "@odata.id":  "/redfish/v1/EventService/Event/182b4bd8361b856bbc000000000000000000034009",
    "@odata.type":  "#Event.v1.4.2.Event",
    "Name":  "Event Array",
    "Id":  "182b4bd8361b856bbc000000000000000000034009",
    "Events":  {
                   "EventId":  10328,
                   "Message":  "Failed to snapshot volumes associated with volume collection HourlySnaps, schedule Schedule-new.",
                   "EventTimestamp":  1588293130,
                   "EventType":  "volume",
                   "Severity":  "warning"
               }
}