{
    "@odata.context":  "/redfish/v1/$metadata#StoragePool.StoragePool",
    "@odata.id":  "/redfish/v1/StorageServices/S1/StoragePools/00c0ff50437d0000f93a3d5f00000000",
    "@odata.type":  "#StoragePool.v1_2_0.StoragePool",
    "Id":  "00c0ff50437d0000f93a3d5f00000000",
    "Name":  "dgA01",
    "Description":  "DiskGroup",
    "MaxBlockSizeBytes":  512,
    "AllocatedVolumes":  {
                             "@odata.id":  "/redfish/v1/StorageServices/S1/StoragePools/00c0ff50437d0000f93a3d5f00000000/Volumes"
                         },
    "RemainingCapacityPercent":  0,
    "Capacity":  {
                     "Data":  {
                                  "AllocatedBytes":  14370960572416,
                                  "ConsumedBytes":  14370960572416
                              }
                 },
    "Status":  {
                   "State":  "Enabled",
                   "Health":  "OK"
               },
    "DefaultClassOfService":  {
                                  "@odata.id":  "/redfish/v1/StorageServices/S1/ClassesOfService/MSA-DP+"
                              },
    "CapacitySources":  [
                            {
                                "@odata.id":  "/redfish/v1/StorageServices/S1/StoragePools/00c0ff50437d0000f93a3d5f00000000#/CapacitySources/0",
                                "@odata.type":  "#Capacity.v1_1_2.CapacitySource",
                                "Id":  "00c0ff50437d0000f93a3d5f00000000",
                                "Name":  "dgA01",
                                "ProvidingDrives":  {
                                                        "@odata.context":  "/redfish/v1/$metadata#DriveCollection.DriveCollection",
                                                        "@odata.id":  "/redfish/v1/StorageServices/S1/Drives",
                                                        "@odata.type":  "#DriveCollection.DriveCollection",
                                                        "Name":  "Drives",
                                                        "Members@odata.count":  12,
                                                        "Members":  [
                                                                        {
                                                                            "@odata.id":  "/redfish/v1/StorageServices/S1/Drives/1.1"
                                                                        },
                                                                        {
                                                                            "@odata.id":  "/redfish/v1/StorageServices/S1/Drives/1.2"
                                                                        },
                                                                        {
                                                                            "@odata.id":  "/redfish/v1/StorageServices/S1/Drives/1.3"
                                                                        },
                                                                        {
                                                                            "@odata.id":  "/redfish/v1/StorageServices/S1/Drives/1.4"
                                                                        },
                                                                        {
                                                                            "@odata.id":  "/redfish/v1/StorageServices/S1/Drives/1.5"
                                                                        },
                                                                        {
                                                                            "@odata.id":  "/redfish/v1/StorageServices/S1/Drives/1.6"
                                                                        },
                                                                        {
                                                                            "@odata.id":  "/redfish/v1/StorageServices/S1/Drives/1.7"
                                                                        },
                                                                        {
                                                                            "@odata.id":  "/redfish/v1/StorageServices/S1/Drives/1.8"
                                                                        },
                                                                        {
                                                                            "@odata.id":  "/redfish/v1/StorageServices/S1/Drives/1.9"
                                                                        },
                                                                        {
                                                                            "@odata.id":  "/redfish/v1/StorageServices/S1/Drives/1.10"
                                                                        },
                                                                        {
                                                                            "@odata.id":  "/redfish/v1/StorageServices/S1/Drives/1.11"
                                                                        },
                                                                        {
                                                                            "@odata.id":  "/redfish/v1/StorageServices/S1/Drives/1.12"
                                                                        }
                                                                    ]
                                                    }
                            }
                        ]
}