{
    "@Redfish.Copyright":  "Copyright 2014-2016 Distributed Management Task Force, Inc. (DMTF). For the full DMTF copyright policy, see http://www.dmtf.org/about/policies/copyright.",
    "@odata.context":  "/redfish/v1/$metadata#StorageSystems/AC-109032/ConsistencyGroup",
    "@odata.id":  "/redfish/v1/StorageSystems/AC-109032/ConsistencyGroups/Crypt",
    "@odata.type":  "#ConsistencyGroup.v1_0_1.ConsistencyGroup",
    "Name":  "Crypt",
    "Id":  "072b4bd8361b856bbc000000000000000000000004",
    "Description":  "Volume Collection (used as a Consistency Group)",
    "Volumes@odata.count":  6,
    "ConsistencyMethod":  "other",
    "ConsistencyType":  "none",
    "IsConsistent":  false,
    "Status":  "Ok",
    "ReplicaInfo":  "",
    "ReplicaType":  "snapshot",
    "Volumes":  [
                    {
                        "@odata.id":  "/redfish/v1/StorageServices/AC-109032/Volumes/Crypt-MovsOld"
                    },
                    {
                        "@odata.id":  "/redfish/v1/StorageServices/AC-109032/Volumes/Crypt-Audio"
                    },
                    {
                        "@odata.id":  "/redfish/v1/StorageServices/AC-109032/Volumes/Crypt-Port"
                    },
                    {
                        "@odata.id":  "/redfish/v1/StorageServices/AC-109032/Volumes/Test1"
                    },
                    {
                        "@odata.id":  "/redfish/v1/StorageServices/AC-109032/Volumes/TestPicardFS"
                    },
                    {
                        "@odata.id":  "/redfish/v1/StorageServices/AC-109032/Volumes/PicardTest2"
                    }
                ],
    "DataProtectonLineOfService":  [
                                       {
                                           "@odata.id":  "/redfish/v1/StorageServices/AC-109032/LineOfService/DataProtectionLineOfService/0c2b4bd8361b856bbc000000000000000000000007"
                                       }
                                   ]
}