{
    "@Redfish.Copyright":  "Copyright 2014-2016 Distributed Management Task Force, Inc. (DMTF). For the full DMTF copyright policy, see http://www.dmtf.org/about/policies/copyright.",
    "@odata.context":  "/redfish/v1/$metadata#Volumes/AC-109032/Volumes/Crypt-Audio/Snapshots",
    "@odata.id":  "/redfish/v1//StorageSystems/AC-109032/Volumes/Crypt-Audio/Snapshots",
    "@odata.type":  "#SnapshotsCollection_1_0_0.SnapshotsCollection",
    "Name":  "NimbleSnapshotCollection",
    "Members@odata.count":  48,
    "Members":  [
                    {
                        "@odata.id":  "/redfish/v1/StorageSystems/AC-109032/Volumes/Crypt-Audio/SnapShots/042b4bd8361b856bbc00000000000000040001dc9c"
                    },
                    {
                        "@odata.id":  "/redfish/v1/StorageSystems/AC-109032/Volumes/Crypt-Audio/SnapShots/042b4bd8361b856bbc00000000000000040001dc59"
                    },
                    {
                        "@odata.id":  "/redfish/v1/StorageSystems/AC-109032/Volumes/Crypt-Audio/SnapShots/042b4bd8361b856bbc00000000000000040001dc16"
                    },
                    {
                        "@odata.id":  "/redfish/v1/StorageSystems/AC-109032/Volumes/Crypt-Audio/SnapShots/042b4bd8361b856bbc00000000000000040001dbd3"
                    },
                    {
                        "@odata.id":  "/redfish/v1/StorageSystems/AC-109032/Volumes/Crypt-Audio/SnapShots/042b4bd8361b856bbc00000000000000040001d89a"
                    },
                    {
                        "@odata.id":  "/redfish/v1/StorageSystems/AC-109032/Volumes/Crypt-Audio/SnapShots/042b4bd8361b856bbc00000000000000040001d84c"
                    },
                    {
                        "@odata.id":  "/redfish/v1/StorageSystems/AC-109032/Volumes/Crypt-Audio/SnapShots/042b4bd8361b856bbc00000000000000040001d7fe"
                    },
                    {
                        "@odata.id":  "/redfish/v1/StorageSystems/AC-109032/Volumes/Crypt-Audio/SnapShots/042b4bd8361b856bbc00000000000000040001d7b0"
                    },
                    {
                        "@odata.id":  "/redfish/v1/StorageSystems/AC-109032/Volumes/Crypt-Audio/SnapShots/042b4bd8361b856bbc00000000000000040001d762"
                    },
                    {
                        "@odata.id":  "/redfish/v1/StorageSystems/AC-109032/Volumes/Crypt-Audio/SnapShots/042b4bd8361b856bbc00000000000000040001d714"
                    },
                    {
                        "@odata.id":  "/redfish/v1/StorageSystems/AC-109032/Volumes/Crypt-Audio/SnapShots/042b4bd8361b856bbc00000000000000040001d6c6"
                    },
                    {
                        "@odata.id":  "/redfish/v1/StorageSystems/AC-109032/Volumes/Crypt-Audio/SnapShots/042b4bd8361b856bbc00000000000000040001d678"
                    },
                    {
                        "@odata.id":  "/redfish/v1/StorageSystems/AC-109032/Volumes/Crypt-Audio/SnapShots/042b4bd8361b856bbc00000000000000040001d62a"
                    },
                    {
                        "@odata.id":  "/redfish/v1/StorageSystems/AC-109032/Volumes/Crypt-Audio/SnapShots/042b4bd8361b856bbc00000000000000040001d5dc"
                    },
                    {
                        "@odata.id":  "/redfish/v1/StorageSystems/AC-109032/Volumes/Crypt-Audio/SnapShots/042b4bd8361b856bbc00000000000000040001d58e"
                    },
                    {
                        "@odata.id":  "/redfish/v1/StorageSystems/AC-109032/Volumes/Crypt-Audio/SnapShots/042b4bd8361b856bbc00000000000000040001d540"
                    },
                    {
                        "@odata.id":  "/redfish/v1/StorageSystems/AC-109032/Volumes/Crypt-Audio/SnapShots/042b4bd8361b856bbc00000000000000040001d4f2"
                    },
                    {
                        "@odata.id":  "/redfish/v1/StorageSystems/AC-109032/Volumes/Crypt-Audio/SnapShots/042b4bd8361b856bbc00000000000000040001d197"
                    },
                    {
                        "@odata.id":  "/redfish/v1/StorageSystems/AC-109032/Volumes/Crypt-Audio/SnapShots/042b4bd8361b856bbc00000000000000040001d154"
                    },
                    {
                        "@odata.id":  "/redfish/v1/StorageSystems/AC-109032/Volumes/Crypt-Audio/SnapShots/042b4bd8361b856bbc00000000000000040001d111"
                    },
                    {
                        "@odata.id":  "/redfish/v1/StorageSystems/AC-109032/Volumes/Crypt-Audio/SnapShots/042b4bd8361b856bbc00000000000000040001d0ce"
                    },
                    {
                        "@odata.id":  "/redfish/v1/StorageSystems/AC-109032/Volumes/Crypt-Audio/SnapShots/042b4bd8361b856bbc00000000000000040001d08b"
                    },
                    {
                        "@odata.id":  "/redfish/v1/StorageSystems/AC-109032/Volumes/Crypt-Audio/SnapShots/042b4bd8361b856bbc00000000000000040001d048"
                    },
                    {
                        "@odata.id":  "/redfish/v1/StorageSystems/AC-109032/Volumes/Crypt-Audio/SnapShots/042b4bd8361b856bbc00000000000000040001d003"
                    },
                    {
                        "@odata.id":  "/redfish/v1/StorageSystems/AC-109032/Volumes/Crypt-Audio/SnapShots/042b4bd8361b856bbc00000000000000040001cfbd"
                    },
                    {
                        "@odata.id":  "/redfish/v1/StorageSystems/AC-109032/Volumes/Crypt-Audio/SnapShots/042b4bd8361b856bbc00000000000000040001cf77"
                    },
                    {
                        "@odata.id":  "/redfish/v1/StorageSystems/AC-109032/Volumes/Crypt-Audio/SnapShots/042b4bd8361b856bbc00000000000000040001cf32"
                    },
                    {
                        "@odata.id":  "/redfish/v1/StorageSystems/AC-109032/Volumes/Crypt-Audio/SnapShots/042b4bd8361b856bbc00000000000000040001ceec"
                    },
                    {
                        "@odata.id":  "/redfish/v1/StorageSystems/AC-109032/Volumes/Crypt-Audio/SnapShots/042b4bd8361b856bbc00000000000000040001cea6"
                    },
                    {
                        "@odata.id":  "/redfish/v1/StorageSystems/AC-109032/Volumes/Crypt-Audio/SnapShots/042b4bd8361b856bbc00000000000000040001ce60"
                    },
                    {
                        "@odata.id":  "/redfish/v1/StorageSystems/AC-109032/Volumes/Crypt-Audio/SnapShots/042b4bd8361b856bbc00000000000000040001cb40"
                    },
                    {
                        "@odata.id":  "/redfish/v1/StorageSystems/AC-109032/Volumes/Crypt-Audio/SnapShots/042b4bd8361b856bbc00000000000000040001cafd"
                    },
                    {
                        "@odata.id":  "/redfish/v1/StorageSystems/AC-109032/Volumes/Crypt-Audio/SnapShots/042b4bd8361b856bbc00000000000000040001caba"
                    },
                    {
                        "@odata.id":  "/redfish/v1/StorageSystems/AC-109032/Volumes/Crypt-Audio/SnapShots/042b4bd8361b856bbc00000000000000040001ca77"
                    },
                    {
                        "@odata.id":  "/redfish/v1/StorageSystems/AC-109032/Volumes/Crypt-Audio/SnapShots/042b4bd8361b856bbc00000000000000040001ca34"
                    },
                    {
                        "@odata.id":  "/redfish/v1/StorageSystems/AC-109032/Volumes/Crypt-Audio/SnapShots/042b4bd8361b856bbc00000000000000040001c9f1"
                    },
                    {
                        "@odata.id":  "/redfish/v1/StorageSystems/AC-109032/Volumes/Crypt-Audio/SnapShots/042b4bd8361b856bbc00000000000000040001c9ac"
                    },
                    {
                        "@odata.id":  "/redfish/v1/StorageSystems/AC-109032/Volumes/Crypt-Audio/SnapShots/042b4bd8361b856bbc00000000000000040001c966"
                    },
                    {
                        "@odata.id":  "/redfish/v1/StorageSystems/AC-109032/Volumes/Crypt-Audio/SnapShots/042b4bd8361b856bbc00000000000000040001c920"
                    },
                    {
                        "@odata.id":  "/redfish/v1/StorageSystems/AC-109032/Volumes/Crypt-Audio/SnapShots/042b4bd8361b856bbc00000000000000040001c8db"
                    },
                    {
                        "@odata.id":  "/redfish/v1/StorageSystems/AC-109032/Volumes/Crypt-Audio/SnapShots/042b4bd8361b856bbc00000000000000040001c895"
                    },
                    {
                        "@odata.id":  "/redfish/v1/StorageSystems/AC-109032/Volumes/Crypt-Audio/SnapShots/042b4bd8361b856bbc00000000000000040001c84f"
                    },
                    {
                        "@odata.id":  "/redfish/v1/StorageSystems/AC-109032/Volumes/Crypt-Audio/SnapShots/042b4bd8361b856bbc00000000000000040001c809"
                    },
                    {
                        "@odata.id":  "/redfish/v1/StorageSystems/AC-109032/Volumes/Crypt-Audio/SnapShots/042b4bd8361b856bbc00000000000000040001c4c8"
                    },
                    {
                        "@odata.id":  "/redfish/v1/StorageSystems/AC-109032/Volumes/Crypt-Audio/SnapShots/042b4bd8361b856bbc00000000000000040001c47a"
                    },
                    {
                        "@odata.id":  "/redfish/v1/StorageSystems/AC-109032/Volumes/Crypt-Audio/SnapShots/042b4bd8361b856bbc00000000000000040001c42c"
                    },
                    {
                        "@odata.id":  "/redfish/v1/StorageSystems/AC-109032/Volumes/Crypt-Audio/SnapShots/042b4bd8361b856bbc00000000000000040001c3de"
                    },
                    {
                        "@odata.id":  "/redfish/v1/StorageSystems/AC-109032/Volumes/Crypt-Audio/SnapShots/042b4bd8361b856bbc00000000000000040001c390"
                    }
                ]
}