{
    "@odata.context":  "/redfish/v1/$metadata#ClassOfService.ClassOfService",
    "@odata.id":  "/redfish/v1/StorageServices/S1/ClassesOfService/RAID1",
    "@odata.type":  "#ClassOfService.v1_1_1.ClassOfService",
    "Id":  "RAID1",
    "Name":  "RAID1 Class of Service",
    "DataStorageLinesOfService":  [
                                      {
                                          "@odata.id":  "/redfish/v1/StorageServices/S1/ClassesOfService/RAID1/DataStorageLineOfService/DSLOS"
                                      }
                                  ]
}