{
    "@Redfish.Copyright":  "Copyright 2014-2016 Distributed Management Task Force, Inc. (DMTF). For the full DMTF copyright policy, see http://www.dmtf.org/about/policies/copyright.",
    "@odata.id":  "/redfish/v1/Storage/AC-109032/Volumes/starter-vol-3119824893785762748-2",
    "@odata.type":  "#Volume.v1_4_0.Volume",
    "Id":  "062b4bd8361b856bbc000000000000000000000009",
    "Name":  "starter-vol-3119824893785762748-2",
    "Description":  "",
    "CapacityBytes":  1024,
    "Status":  {
                   "State":  "Enabled",
                   "Health":  "OK"
               },
    "BlockSizeBytes":  4096,
    "MaxBlockSizeBytes":  4096,
    "Manufacturer":  "HPENimbleStorage",
    "Encrypted":  false,
    "EncryptionTypes":  "ControllerAssisted",
    "ProvisioningPolicy":  "thin",
    "Compressed":  true,
    "Deduplicated":  false,
    "DisplayName":  "default:/SCVMM/starter-vol-3119824893785762748-2",
    "LowSpaceWarningThresholdPercents":  0,
    "OptimumIOSizeBytes":  4096,
    "VolumeType":  "SpannedStripesWithParity",
    "VolumeUsageType":  "Data",
    "ReadCachePolicyType":  "AdaptiveReadAhead",
    "WriteCacheState":  "Enabled",
    "WriteCachePolicyType":  "ProtectedWriteBack",
    "WriteCacheStateType":  "Protected",
    "WriteHoleProtectionPolicyType":  "Journaling",
    "CapacitySources":  [
                            {
                                "ProvidingPools":  {
                                                       "Pools":  [
                                                                     {
                                                                         "@odata,id":  "/redfish/v1/Storage/AC-109032/StoragePools/default"
                                                                     }
                                                                 ]
                                                   },
                                "ProvidedCapacity":  {
                                                         "AllocatedCapacity":  1024,
                                                         "ConsumedBytes":  0
                                                     }
                            }
                        ],
    "Identifiers":  [
                        {
                            "Manufacturer":  "NimbleStorage"
                        },
                        {
                            "DurableName":  "062b4bd8361b856bbc000000000000000000000009",
                            "DurableNameFormat":  "UUID"
                        },
                        {
                            "DurableName":  "0321e9938272c0e0",
                            "DurableNameFormat":  "vpd_ieee0"
                        },
                        {
                            "DurableName":  "6c9ce9008ab3ce30",
                            "DurableNameFormat":  "vpd_ieee1"
                        },
                        {
                            "DurableName":  "Nimble  0321e9938272c0e06c9ce9008ab3ce30",
                            "DurableNameFormat":  "vpd_t10"
                        },
                        {
                            "DurableName":  "iqn.2007-11.com.nimblestorage:starter-vol-3119824893785762748-2-v2b4bd8361b856bbc.00000009.30ceb38a",
                            "DurableNameFormat":  "iqn"
                        }
                    ]
}