{
    "@Redfish.Copyright":  "Copyright 2014-2016 HPE and DMTF",
    "@odata.id":  "/redfish/v1/Fabric/AC-109032/Zones/NSSCVMM",
    "@odata.type":  "#Zones.v1_0_0.Zones",
    "Name":  "NSSCVMM",
    "Description":  "Initiator EndpointGroup (Zone) for NSSCVMM",
    "GroupType":  "Client",
    "Endpoints@odata.count":  1,
    "Connections@odata.count":  1,
    "Endpoints":  [
                      {
                          "@odata.id":  "/redfish/v1/Fabrics/AC-109032/Endpoints/0b2b4bd8361b856bbc000000000000000000000004"
                      }
                  ],
    "Connections":  [
                        {
                            "@odata.id":  "/redfish/v1/Fabrics/AC-109032/Connections/0d2b4bd8361b856bbc000000000000000000000007"
                        }
                    ]
}