{
    "@Redfish.Copyright":  "Copyright 2014-2016 Distributed Management Task Force, Inc. (DMTF). For the full DMTF copyright policy, see http://www.dmtf.org/about/policies/copyright.",
    "@odata.context":  "/redfish/v1/$metadata#EventService.EventService",
    "@odata.id":  "/redfish/v1/EventService",
    "@odata.type":  "#EventService.1_0_0.EventService",
    "Name":  "Event Service",
    "Id":  "Event Service",
    "ServiceEnabled":  "True",
    "Status":  {
                   "State":  "Enabled",
                   "Health":  "OK"
               },
    "Events":  {
                   "@odata.id":  "/redfish/v1/EventService/Events"
               }
}