{
    "@Redfish.Copyright":  "Copyright 2014-2016 Distributed Management Task Force, Inc. (DMTF). For the full DMTF copyright policy, see http://www.dmtf.org/about/policies/copyright.",
    "@odata.id":  "/redfish/v1/Fabrics/AC-109032/Endpoints/0b2b4bd8361b856bbc000000000000000000000003",
    "@odata.type":  "#Endpoint.v1_4_0.Endpoint",
    "Name":  "NSSQL-Autocreated",
    "EndpointRole":  "Initiator",
    "ConnectedEntities":  {
                              "EntityRole":  "Initiator"
                          },
    "Description":  " configuration, Port named . iSCSI Target.",
    "EndpointProtocol":  "iSCSI",
    "IPv4Address":  "*",
    "Id":  "0b2b4bd8361b856bbc000000000000000000000003",
    "Identifiers":  [
                        {
                            "DurableName":  "iqn.1991-05.com.microsoft:nssql.lionetti.lab",
                            "DurableNameFormat":  "iqn"
                        }
                    ]
}