{
    "@Redfish.Copyright":  "Copyright 2014-2016 Distributed Management Task Force, Inc. (DMTF). For the full DMTF copyright policy, see http://www.dmtf.org/about/policies/copyright.",
    "@odata.id":  "/redfish/v1/AccountService/Accounts/102b4bd8361b856bbc000000000000000000000005",
    "@odata.type":  "#ManagerAccount.v1_5_0.ManagerAccount",
    "Id":  "102b4bd8361b856bbc000000000000000000000005",
    "Name":  "test",
    "UserName":  "test",
    "Description":  "",
    "RoleId":  "administrator",
    "Locked":  true,
    "Links":  {
                  "Role":  {
                               "@odata.id":  "/redfish/v1/AccountService/Roles/administrator"
                           }
              }
}