{
    "@Redfish.Copyright":  "Copyright 2014-2016 Distributed Management Task Force, Inc. (DMTF). For the full DMTF copyright policy, see http://www.dmtf.org/about/policies/copyright.",
    "@odata.context":  "/redfish/v1/$metadata#Endpoint/AC-109032/Endpoint",
    "@odata.id":  "/redfish/v1/StorageSystems/AC-109032/Endpoints/0b2b4bd8361b856bbc000000000000000000000009",
    "@odata.type":  "#Endpoint.v1_3_1.Endpoint",
    "Name":  "RikerIQN",
    "EndpointRole":  "Initiator",
    "Description":  " configuration, Port named . iSCSI Target.",
    "EndpointProtocol":  "iSCSI",
    "IPv4Address":  "*",
    "Id":  "0b2b4bd8361b856bbc000000000000000000000009",
    "Identifiers":  [
                        {
                            "DurableName":  "iqn.1991-05.com.microsoft:riker.lionetti.lab",
                            "DurableNameFormat":  "iqn"
                        },
                        {
                            "DurableName":  "0b2b4bd8361b856bbc000000000000000000000009",
                            "DurableNameFormat":  "Nimble ID"
                        }
                    ]
}