{
    "Id":  "Drives",
    "@odata.type":  "#DriveCollection.DriveCollection",
    "@odata.id":  "/redfish/v1/Chassis/AC-109032/Drives",
    "Members":  [
                    {
                        "@odata.id":  "/redfish/v1/Chassis/AC-109032/Drives/DiskShelf0Location1"
                    },
                    {
                        "@odata.id":  "/redfish/v1/Chassis/AC-109032/Drives/DiskShelf0Location2"
                    },
                    {
                        "@odata.id":  "/redfish/v1/Chassis/AC-109032/Drives/DiskShelf0Location3"
                    },
                    {
                        "@odata.id":  "/redfish/v1/Chassis/AC-109032/Drives/DiskShelf0Location4"
                    },
                    {
                        "@odata.id":  "/redfish/v1/Chassis/AC-109032/Drives/DiskShelf0Location5"
                    },
                    {
                        "@odata.id":  "/redfish/v1/Chassis/AC-109032/Drives/DiskShelf0Location6"
                    },
                    {
                        "@odata.id":  "/redfish/v1/Chassis/AC-109032/Drives/DiskShelf0Location7"
                    },
                    {
                        "@odata.id":  "/redfish/v1/Chassis/AC-109032/Drives/DiskShelf0Location8"
                    },
                    {
                        "@odata.id":  "/redfish/v1/Chassis/AC-109032/Drives/DiskShelf0Location9"
                    },
                    {
                        "@odata.id":  "/redfish/v1/Chassis/AC-109032/Drives/DiskShelf0Location10"
                    },
                    {
                        "@odata.id":  "/redfish/v1/Chassis/AC-109032/Drives/DiskShelf0Location11"
                    },
                    {
                        "@odata.id":  "/redfish/v1/Chassis/AC-109032/Drives/DiskShelf0Location12"
                    },
                    {
                        "@odata.id":  "/redfish/v1/Chassis/AC-109032/Drives/DiskShelf0Location13"
                    },
                    {
                        "@odata.id":  "/redfish/v1/Chassis/AC-109032/Drives/DiskShelf0Location14"
                    },
                    {
                        "@odata.id":  "/redfish/v1/Chassis/AC-109032/Drives/DiskShelf0Location15"
                    },
                    {
                        "@odata.id":  "/redfish/v1/Chassis/AC-109032/Drives/DiskShelf0Location16"
                    }
                ],
    "Name":  "HPENimbleDrives",
    "@Redfish.Copyright":  "Copyright 2014-2016 Distributed Management Task Force, Inc. (DMTF). For the full DMTF copyright policy, see http://www.dmtf.org/about/policies/copyright.",
    "@odata.context":  "/redfish/v1/$metadata#Chassis/Members/AC-109032/Drives"
}