{
    "@odata.Copyright":  "Copyright 2016-2019 Storage Networking Industry Association (SNIA), USA. All rights reserved. For the full SNIA copyright policy, see http://www.snia.org/about/corporate_info/copyright",
    "@odata.context":  "/redfish/v1/$metadata#StorageSystem/AC-109032/LinesOfService/DataProtectionLineOfService",
    "@odata.id":  "/redfish/v1/StorageSystems/AC-109032/LinesOfSerice/DataProtectionLineOfService/0c2b4bd8361b856bbc00000000000000000000000e",
    "@odata.type":  "#DataProtectionLineOfService.v1_2_0.DataProtectionLineOfService",
    "Id":  "0c2b4bd8361b856bbc00000000000000000000000e",
    "Name":  "MasterSnapshot-EveryBuisnessHour",
    "Description":  "",
    "IsIsolated":  true,
    "ReplicaType":  "Snapshot",
    "ReplicaAccessLocation":  "Local",
    "RecoveryTimeObjective":  0,
    "Schedule":  "R/2019-7-8T11:55:00/PT1H/BYDY=SU,MO,TU,WE,TH,FR,SA/BYHR=8,9,10,11,12,13,14,15,16/BYMI=0",
    "RecoveryPointObjective":  "/PT1:00:00"
}