{
    "@Redfish.Copyright":  "Copyright 2014-2016 Distributed Management Task Force, Inc. (DMTF). For the full DMTF copyright policy, see http://www.dmtf.org/about/policies/copyright.",
    "@odata.type":  "#Thermal.v1_0_0.Thermal",
    "@odata.id":  "/redfish/v1/Chassis/AC-109032/Thermal",
    "Id":  "Thermal",
    "Name":  "NimbleShelfThermal",
    "Temperatures":  [
                         {
                             "@odata.id":  "/redfish/v1/Chassis/AC-109032/Thermal#/Temperatures/0",
                             "MemberId":  0,
                             "Name":  "motherboard",
                             "Status":  {
                                            "State":  "Enabled",
                                            "Health":  "OK"
                                        },
                             "ReadingCelsius":  41,
                             "PhysicalContext":  "ChassisSocketA_motherboard"
                         },
                         {
                             "@odata.id":  "/redfish/v1/Chassis/AC-109032/Thermal#/Temperatures/1",
                             "MemberId":  1,
                             "Name":  "bp-temp1",
                             "Status":  {
                                            "State":  "Enabled",
                                            "Health":  "OK"
                                        },
                             "ReadingCelsius":  28,
                             "PhysicalContext":  "ChassisSocketA_left-side backplane"
                         },
                         {
                             "@odata.id":  "/redfish/v1/Chassis/AC-109032/Thermal#/Temperatures/2",
                             "MemberId":  2,
                             "Name":  "motherboard",
                             "Status":  {
                                            "State":  "Enabled",
                                            "Health":  "OK"
                                        },
                             "ReadingCelsius":  41,
                             "PhysicalContext":  "ChassisSocketB_motherboard"
                         },
                         {
                             "@odata.id":  "/redfish/v1/Chassis/AC-109032/Thermal#/Temperatures/3",
                             "MemberId":  3,
                             "Name":  "bp-temp2",
                             "Status":  {
                                            "State":  "Enabled",
                                            "Health":  "OK"
                                        },
                             "ReadingCelsius":  27,
                             "PhysicalContext":  "ChassisSocketB_right-side backplane"
                         }
                     ],
    "Fans":  [
                 {
                     "@odata.id":  "/redfish/v1/Chassis/AC-109032/Thermal#/Fans/1",
                     "MemberId":  1,
                     "Name":  "fan1",
                     "Status":  {
                                    "State":  "Enabled",
                                    "Health":  "OK"
                                },
                     "ReadingCelsius":  11237,
                     "PhysicalContext":  "ChassisSocketA_lower front of controller A"
                 },
                 {
                     "@odata.id":  "/redfish/v1/Chassis/AC-109032/Thermal#/Fans/2",
                     "MemberId":  2,
                     "Name":  "fan2",
                     "Status":  {
                                    "State":  "Enabled",
                                    "Health":  "OK"
                                },
                     "ReadingCelsius":  11254,
                     "PhysicalContext":  "ChassisSocketA_lower left rear of controller A"
                 },
                 {
                     "@odata.id":  "/redfish/v1/Chassis/AC-109032/Thermal#/Fans/3",
                     "MemberId":  3,
                     "Name":  "fan3",
                     "Status":  {
                                    "State":  "Enabled",
                                    "Health":  "OK"
                                },
                     "ReadingCelsius":  11526,
                     "PhysicalContext":  "ChassisSocketA_lower right rear of controller A"
                 },
                 {
                     "@odata.id":  "/redfish/v1/Chassis/AC-109032/Thermal#/Fans/4",
                     "MemberId":  4,
                     "Name":  "fan4",
                     "Status":  {
                                    "State":  "Enabled",
                                    "Health":  "OK"
                                },
                     "ReadingCelsius":  10880,
                     "PhysicalContext":  "ChassisSocketA_upper right front of controller A"
                 },
                 {
                     "@odata.id":  "/redfish/v1/Chassis/AC-109032/Thermal#/Fans/5",
                     "MemberId":  5,
                     "Name":  "fan5",
                     "Status":  {
                                    "State":  "Enabled",
                                    "Health":  "OK"
                                },
                     "ReadingCelsius":  10871,
                     "PhysicalContext":  "ChassisSocketA_upper left front of controller A"
                 },
                 {
                     "@odata.id":  "/redfish/v1/Chassis/AC-109032/Thermal#/Fans/6",
                     "MemberId":  6,
                     "Name":  "fan6",
                     "Status":  {
                                    "State":  "Enabled",
                                    "Health":  "OK"
                                },
                     "ReadingCelsius":  10744,
                     "PhysicalContext":  "ChassisSocketA_upper left rear of controller A"
                 },
                 {
                     "@odata.id":  "/redfish/v1/Chassis/AC-109032/Thermal#/Fans/7",
                     "MemberId":  7,
                     "Name":  "fan1",
                     "Status":  {
                                    "State":  "Enabled",
                                    "Health":  "OK"
                                },
                     "ReadingCelsius":  11441,
                     "PhysicalContext":  "ChassisSocketB_lower front of controller B"
                 },
                 {
                     "@odata.id":  "/redfish/v1/Chassis/AC-109032/Thermal#/Fans/8",
                     "MemberId":  8,
                     "Name":  "fan2",
                     "Status":  {
                                    "State":  "Enabled",
                                    "Health":  "OK"
                                },
                     "ReadingCelsius":  11449,
                     "PhysicalContext":  "ChassisSocketB_lower left rear of controller B"
                 },
                 {
                     "@odata.id":  "/redfish/v1/Chassis/AC-109032/Thermal#/Fans/9",
                     "MemberId":  9,
                     "Name":  "fan3",
                     "Status":  {
                                    "State":  "Enabled",
                                    "Health":  "OK"
                                },
                     "ReadingCelsius":  11075,
                     "PhysicalContext":  "ChassisSocketB_lower right rear of controller B"
                 },
                 {
                     "@odata.id":  "/redfish/v1/Chassis/AC-109032/Thermal#/Fans/10",
                     "MemberId":  10,
                     "Name":  "fan4",
                     "Status":  {
                                    "State":  "Enabled",
                                    "Health":  "OK"
                                },
                     "ReadingCelsius":  10939,
                     "PhysicalContext":  "ChassisSocketB_upper right front of controller B"
                 },
                 {
                     "@odata.id":  "/redfish/v1/Chassis/AC-109032/Thermal#/Fans/11",
                     "MemberId":  11,
                     "Name":  "fan5",
                     "Status":  {
                                    "State":  "Enabled",
                                    "Health":  "OK"
                                },
                     "ReadingCelsius":  10642,
                     "PhysicalContext":  "ChassisSocketB_upper left front of controller B"
                 },
                 {
                     "@odata.id":  "/redfish/v1/Chassis/AC-109032/Thermal#/Fans/12",
                     "MemberId":  12,
                     "Name":  "fan6",
                     "Status":  {
                                    "State":  "Enabled",
                                    "Health":  "OK"
                                },
                     "ReadingCelsius":  10854,
                     "PhysicalContext":  "ChassisSocketB_upper left rear of controller B"
                 }
             ]
}