{
    "@odata.Copyright":  "Copyright 2014-2016 Distributed Management Task Force, Inc. (DMTF). For the full DMTF copyright policy, see http://www.dmtf.org/about/policies/copyright.",
    "@odata.type":  "#ServiceRoot.v1_3_0.ServiceRoot",
    "@odata.id":  "/redfish/v1",
    "RedfishVersion":  "1.0.2",
    "Id":  "RootService",
    "Name":  "Root Service",
    "Chassis":  {
                    "@odata.id":  "/redfish/v1/Chassis"
                },
    "Systems":  {
                    "@odata.id":  "/redfish/v1/Systems"
                },
    "StorageSystems":  {
                           "@odata.id":  "/redfish/v1/StorageSystems"
                       },
    "AccountService":  {
                           "@odata.id":  "/redfish/v1/AccountService"
                       },
    "EventService":  {
                         "@odata.id":  "/redfish/v1/EventService"
                     },
    "LineOfService":  {
                          "@odata.id":  "/redfish/v1/LineOfService"
                      }
}