{
    "@Redfish.Copyright":  "Copyright 2014-2016 Distributed Management Task Force, Inc. (DMTF). For the full DMTF copyright policy, see http://www.dmtf.org/about/policies/copyright.",
    "@odata.id":  "/redfish/v1/EventService/Event",
    "@odata.type":  "#EventCollection.EventCollection",
    "Name":  "Event Collection",
    "Id":  "Event Collection",
    "Members":  [
                    {
                        "@odata.id":  "/redfish/v1/EventService/Events/182b4bd8361b856bbc00000000000000000002a642"
                    },
                    {
                        "@odata.id":  "/redfish/v1/EventService/Events/182b4bd8361b856bbc00000000000000000002b36e"
                    },
                    {
                        "@odata.id":  "/redfish/v1/EventService/Events/182b4bd8361b856bbc00000000000000000002da53"
                    },
                    {
                        "@odata.id":  "/redfish/v1/EventService/Events/182b4bd8361b856bbc000000000000000000029fad"
                    },
                    {
                        "@odata.id":  "/redfish/v1/EventService/Events/182b4bd8361b856bbc00000000000000000002c739"
                    },
                    {
                        "@odata.id":  "/redfish/v1/EventService/Events/182b4bd8361b856bbc00000000000000000002e148"
                    },
                    {
                        "@odata.id":  "/redfish/v1/EventService/Events/182b4bd8361b856bbc00000000000000000002ac79"
                    },
                    {
                        "@odata.id":  "/redfish/v1/EventService/Events/182b4bd8361b856bbc00000000000000000002c136"
                    },
                    {
                        "@odata.id":  "/redfish/v1/EventService/Events/182b4bd8361b856bbc000000000000000000028cd2"
                    },
                    {
                        "@odata.id":  "/redfish/v1/EventService/Events/182b4bd8361b856bbc0000000000000000000285d6"
                    },
                    {
                        "@odata.id":  "/redfish/v1/EventService/Events/182b4bd8361b856bbc000000000000000000029383"
                    },
                    {
                        "@odata.id":  "/redfish/v1/EventService/Events/182b4bd8361b856bbc00000000000000000002e852"
                    },
                    {
                        "@odata.id":  "/redfish/v1/EventService/Events/182b4bd8361b856bbc00000000000000000002997a"
                    },
                    {
                        "@odata.id":  "/redfish/v1/EventService/Events/182b4bd8361b856bbc00000000000000000002ba78"
                    },
                    {
                        "@odata.id":  "/redfish/v1/EventService/Events/182b4bd8361b856bbc00000000000000000002cd7a"
                    },
                    {
                        "@odata.id":  "/redfish/v1/EventService/Events/182b4bd8361b856bbc00000000000000000002d41c"
                    }
                ]
}