{
    "@Redfish.Copyright":  "Copyright 2014-2016 Distributed Management Task Force, Inc. (DMTF). For the full DMTF copyright policy, see http://www.dmtf.org/about/policies/copyright.",
    "@odata.id":  "/redfish/v1/Fabrics/AC-109032/Endpoints/active_eth1",
    "@odata.type":  "#Endpoint.v1_4_0.Endpoint",
    "Name":  "active_eth1",
    "ConnectedEntity":  {
                            "EntityTpe":  "NetworkController",
                            "EntityRole":  "Target"
                        },
    "Description":  "active configuration, Port named eth1. iSCSI Target.",
    "EndpointProtocol":  "iSCSI",
    "IPTransportDetails":  [
                               {
                                   "IPv4Address":  {
                                                       "Address":  "192.168.1.63"
                                                   }
                               }
                           ],
    "Id":  null,
    "Status":  {
                   "State":  "Disabled",
                   "Health":  "Warning"
               }
}