{
    "@Redfish.Copyright":  "Copyright 2014-2016 HPE and DMTF",
    "@odata.id":  "/redfish/v1/Fabrics/AC-109032/Endpoints/active_eth1",
    "@odata.type":  "#Endpoint.v1_4_0.Endpoint",
    "Name":  "active_eth1",
    "ConnectedEntities":  [
                              {
                                  "EntityRole":  "Target",
                                  "EntityType":  "NetworkController"
                              }
                          ],
    "Description":  "active configuration, Port named eth1. iSCSI Target.",
    "EndpointProtocol":  "iSCSI",
    "IPTransportDetails":  [
                               {
                                   "IPv4Address":  {
                                                       "Address":  "192.168.1.63"
                                                   }
                               }
                           ],
    "Id":  null,
    "Status":  {
                   "State":  "Disabled",
                   "Health":  "Warning"
               }
}