{
    "@Redfish.Copyright":  "Copyright 2014-2016 HPE and DMTF",
    "@odata.id":  "/redfish/v1/Fabric/AC-109032/Zones/Crypt",
    "@odata.type":  "#Zones.v1_4_0.Zones",
    "Name":  "Crypt",
    "Description":  "Initiator EndpointGroup (Zone) for Crypt",
    "GroupType":  "Client",
    "Endpoints@odata.count":  1,
    "Connections@odata.count":  5,
    "Endpoints":  [
                      {
                          "@odata.id":  "/redfish/v1/Fabrics/AC-109032/Endpoints/0b2b4bd8361b856bbc000000000000000000000001"
                      }
                  ],
    "Connections":  [
                        {
                            "@odata.id":  "/redfish/v1/Fabrics/AC-109032/Connections/0d2b4bd8361b856bbc000000000000000000000001"
                        },
                        {
                            "@odata.id":  "/redfish/v1/Fabrics/AC-109032/Connections/0d2b4bd8361b856bbc000000000000000000000002"
                        },
                        {
                            "@odata.id":  "/redfish/v1/Fabrics/AC-109032/Connections/0d2b4bd8361b856bbc000000000000000000000003"
                        },
                        {
                            "@odata.id":  "/redfish/v1/Fabrics/AC-109032/Connections/0d2b4bd8361b856bbc000000000000000000000004"
                        },
                        {
                            "@odata.id":  "/redfish/v1/Fabrics/AC-109032/Connections/0d2b4bd8361b856bbc00000000000000000000000e"
                        }
                    ]
}