{
    "@Redfish.Copyright":  "Copyright 2014-2016 Distributed Management Task Force, Inc. (DMTF). For the full DMTF copyright policy, see http://www.dmtf.org/about/policies/copyright.",
    "@odata.context":  "/redfish/v1/$metadata#Role.Role",
    "@odata.id":  "/redfish/v1/AccountService/Roles/operator",
    "@odata.type":  "#Role.v1_1_0.Role",
    "Name":  "operator",
    "IsPredefined":  "True",
    "Id":  null,
    "Description":  "Operator Role",
    "RoleId":  null,
    "AssignedPrivileges":  [
                               "Login",
                               "ConfigureSelf",
                               "ConfigureComponents"
                           ]
}