{
    "@odata.context":  "/redfish/v1/$metadata#StoragePool.StoragePool",
    "@odata.id":  "/redfish/v1/StorageServices/S1/StoragePools/00c0ff5043920000593c3d5f00000000",
    "@odata.type":  "#StoragePool.v1_2_0.StoragePool",
    "Id":  "00c0ff5043920000593c3d5f00000000",
    "Name":  "dgB01",
    "Description":  "DiskGroup",
    "MaxBlockSizeBytes":  512,
    "AllocatedVolumes":  {
                             "@odata.id":  "/redfish/v1/StorageServices/S1/StoragePools/00c0ff5043920000593c3d5f00000000/Volumes"
                         },
    "RemainingCapacityPercent":  0,
    "Capacity":  {
                     "Data":  {
                                  "AllocatedBytes":  1798425280512,
                                  "ConsumedBytes":  1798425280512
                              }
                 },
    "Status":  {
                   "State":  "Enabled",
                   "Health":  "OK"
               },
    "DefaultClassOfService":  {
                                  "@odata.id":  "/redfish/v1/StorageServices/S1/ClassesOfService/RAID1"
                              },
    "CapacitySources":  [
                            {
                                "@odata.id":  "/redfish/v1/StorageServices/S1/StoragePools/00c0ff5043920000593c3d5f00000000#/CapacitySources/0",
                                "@odata.type":  "#Capacity.v1_1_2.CapacitySource",
                                "Id":  "00c0ff5043920000593c3d5f00000000",
                                "Name":  "dgB01",
                                "ProvidingDrives":  {
                                                        "@odata.context":  "/redfish/v1/$metadata#DriveCollection.DriveCollection",
                                                        "@odata.id":  "/redfish/v1/StorageServices/S1/Drives",
                                                        "@odata.type":  "#DriveCollection.DriveCollection",
                                                        "Name":  "Drives",
                                                        "Members@odata.count":  2,
                                                        "Members":  [
                                                                        {
                                                                            "@odata.id":  "/redfish/v1/StorageServices/S1/Drives/1.13"
                                                                        },
                                                                        {
                                                                            "@odata.id":  "/redfish/v1/StorageServices/S1/Drives/1.14"
                                                                        }
                                                                    ]
                                                    }
                            }
                        ]
}