{
    "@odata.context":  "/redfish/v1/$metadata#SessionCollection.SessionCollection",
    "@odata.type":  "#SessionCollection.SessionCollection",
    "@odata.id":  "/redfish/v1/SessionService/Sessions",
    "Name":  "Session Collection",
    "Members@odata.count":  2,
    "Members":  [
                    {
                        "@odata.id":  "/redfish/v1/SessionService/Sessions/269"
                    },
                    {
                        "@odata.id":  "/redfish/v1/SessionService/Sessions/270"
                    }
                ]
}