{
    "@odata.context":  "/redfish/v1/$metadata#DataStorageLineOfServiceCollection.DataStorageLineOfServiceCollection",
    "@odata.type":  "#DataStorageLineOfServiceCollection.DataStorageLineOfServiceCollection",
    "@odata.id":  "/redfish/v1/StorageServices/S1/ClassesOfService/DefaultCOS/DataStorageLineOfService",
    "Name":  "DataStorageLineOfService Collection",
    "Members@odata.count":  1,
    "Members":  [
                    {
                        "@odata.id":  "/redfish/v1/StorageServices/S1/ClassesOfService/DefaultCOS/DataStorageLineOfService/DSLOS"
                    }
                ]
}