{
    "@Redfish.Copyright":  "Copyright 2014-2016 Distributed Management Task Force, Inc. (DMTF). For the full DMTF copyright policy, see http://www.dmtf.org/about/policies/copyright.",
    "@odata.id":  "/redfish/v1/Chassis/AC-109032/Drives/DiskShelf0Location7",
    "@odata.type":  "#Drive.v1_6_0.Drive",
    "Id":  "2c2b4bd8361b856bbc0001000000000b0000000700",
    "Name":  "HPENimbleDrives",
    "IndicatorLED":  "Lit",
    "Model":  "PX03SNF080",
    "Revision":  "0201",
    "Status":  {
                   "State":  "in use",
                   "Health":  "N/A"
               },
    "CapacityBytes":  800166076416,
    "FailurePredicted":  "N/A",
    "Protocol":  "SAS",
    "MediaType":  "SSD",
    "Manufacturer":  "Nimble",
    "SerialNumber":  "64O0A00JTZP8",
    "PartNumber":  "Nimble_PX03SNF080",
    "AssetTag":  "64O0A00JTZP8",
    "CapableSpeedGbs":  6,
    "NegotiatedSpeedGbs":  6,
    "Multipath":  true,
    "StoragePools":  [
                         {
                             "@odata.id":  "/redfish/v1/Storage/AC-109032/StoragePools/Default"
                         }
                     ],
    "Chassis":  {
                    "@odata.id":  "/redfish/v1/Chassis/AC-109032"
                }
}