{
    "@odata.context":  "/redfish/v1/$metadata#VolumeCollection.VolumeCollection",
    "@odata.type":  "#VolumeCollection.VolumeCollection",
    "@odata.id":  "/redfish/v1/StorageServices/S1/Volumes",
    "Name":  "Volume Collection",
    "Members@odata.count":  2,
    "Members":  [
                    {
                        "@odata.id":  "/redfish/v1/StorageServices/S1/Volumes/00c0ff50437d0000d9c73e5f01000000"
                    },
                    {
                        "@odata.id":  "/redfish/v1/StorageServices/S1/Volumes/00c0ff50437d000052ab465f01000000"
                    }
                ]
}