{
    "@odata.context":  "/redfish/v1/$metadata#DataStorageLoSCapabilities.DataStorageLoSCapabilities",
    "@odata.id":  "/redfish/v1/StorageServices/S1/DataStorageLoSCapabilities/DSLOSC",
    "@odata.type":  "#DataStorageLoSCapabilities.v1_0_2.DataStorageLoSCapabilities",
    "Id":  "DSLOSC",
    "Name":  "Data Storage Line Of Service Capabilities",
    "SupportedAccessCapabilities":  [
                                        "Read",
                                        "Write"
                                    ],
    "SupportsSpaceEfficiency":  false,
    "SupportedLinesOfService":  [
                                    {
                                        "@odata.context":  "/redfish/v1/$metadata#DataStorageLineOfService.DataStorageLineOfService",
                                        "@odata.id":  "/redfish/v1/StorageServices/S1/ClassesOfService/DefaultCOS/DataStorageLineOfService/DSLOS",
                                        "@odata.type":  "#DataStorageLineOfService.v1_1_0.DataStorageLineOfService",
                                        "Id":  "DSLOS",
                                        "Name":  "Data Storage Line of Service",
                                        "AccessCapabilities":  [
                                                                   "Read",
                                                                   "Write"
                                                               ],
                                        "IsSpaceEfficient":  false
                                    }
                                ]
}