{
    "@odata.context":  "/redfish/v1/$metadata#ComputerSystem.ComputerSystem",
    "@odata.id":  "/redfish/v1/ComputerSystem/00C0FF5038E8",
    "@odata.type":  "#ComputerSystem.v1_6_0.ComputerSystem",
    "Id":  "00C0FF5038E8",
    "Name":  "Uninitialized Name",
    "Manufacturer":  "HPE",
    "SerialNumber":  "00C0FF5038E8",
    "Status":  {
                   "Health":  "OK"
               },
    "EthernetInterfaces":  {
                               "@odata.id":  "/redfish/v1/ComputerSystem/00C0FF5038E8/EthernetInterfaces"
                           },
    "Storage":  {
                    "@odata.id":  "/redfish/v1/ComputerSystem/00C0FF5038E8/Storage"
                },
    "Links":  {
                  "Chassis":  [
                                  {
                                      "@odata.id":  "/redfish/v1/Chassis/enclosure_1"
                                  }
                              ],
                  "Endpoints":  [
                                    {
                                        "@odata.id":  "/redfish/v1/StorageServices/S1/Endpoints/A1"
                                    },
                                    {
                                        "@odata.id":  "/redfish/v1/StorageServices/S1/Endpoints/A2"
                                    },
                                    {
                                        "@odata.id":  "/redfish/v1/StorageServices/S1/Endpoints/A3"
                                    },
                                    {
                                        "@odata.id":  "/redfish/v1/StorageServices/S1/Endpoints/A4"
                                    },
                                    {
                                        "@odata.id":  "/redfish/v1/StorageServices/S1/Endpoints/B1"
                                    },
                                    {
                                        "@odata.id":  "/redfish/v1/StorageServices/S1/Endpoints/B2"
                                    },
                                    {
                                        "@odata.id":  "/redfish/v1/StorageServices/S1/Endpoints/B3"
                                    },
                                    {
                                        "@odata.id":  "/redfish/v1/StorageServices/S1/Endpoints/B4"
                                    }
                                ]
              }
}