{
    "@Redfish.Copyright":  "Copyright 2014-2016 Distributed Management Task Force, Inc. (DMTF). For the full DMTF copyright policy, see http://www.dmtf.org/about/policies/copyright.",
    "@odata.context":  "/redfish/v1/$metadata#Volumes/AC-109032/Volumes/Crypt-Audio/Snapshots",
    "@odata.id":  "/redfish/v1//StorageSystems/AC-109032/Volumes/Crypt-Audio/Snapshots",
    "@odata.type":  "#SnapshotsCollection.1_0_0.SnapshotsCollection",
    "Name":  "NimbleSnapshotCollection",
    "Members@odata.count":  48,
    "Members":  [
                    {
                        "@odata.id":  "/redfish/v1/StorageSystems/AC-109032/Volumes/Crypt-Audio/SnapShots/042b4bd8361b856bbc0000000000000004000294bc"
                    },
                    {
                        "@odata.id":  "/redfish/v1/StorageSystems/AC-109032/Volumes/Crypt-Audio/SnapShots/042b4bd8361b856bbc00000000000000040002946e"
                    },
                    {
                        "@odata.id":  "/redfish/v1/StorageSystems/AC-109032/Volumes/Crypt-Audio/SnapShots/042b4bd8361b856bbc000000000000000400029420"
                    },
                    {
                        "@odata.id":  "/redfish/v1/StorageSystems/AC-109032/Volumes/Crypt-Audio/SnapShots/042b4bd8361b856bbc0000000000000004000293d2"
                    },
                    {
                        "@odata.id":  "/redfish/v1/StorageSystems/AC-109032/Volumes/Crypt-Audio/SnapShots/042b4bd8361b856bbc000000000000000400029384"
                    },
                    {
                        "@odata.id":  "/redfish/v1/StorageSystems/AC-109032/Volumes/Crypt-Audio/SnapShots/042b4bd8361b856bbc000000000000000400029028"
                    },
                    {
                        "@odata.id":  "/redfish/v1/StorageSystems/AC-109032/Volumes/Crypt-Audio/SnapShots/042b4bd8361b856bbc000000000000000400028fe5"
                    },
                    {
                        "@odata.id":  "/redfish/v1/StorageSystems/AC-109032/Volumes/Crypt-Audio/SnapShots/042b4bd8361b856bbc000000000000000400028fa2"
                    },
                    {
                        "@odata.id":  "/redfish/v1/StorageSystems/AC-109032/Volumes/Crypt-Audio/SnapShots/042b4bd8361b856bbc000000000000000400028f5f"
                    },
                    {
                        "@odata.id":  "/redfish/v1/StorageSystems/AC-109032/Volumes/Crypt-Audio/SnapShots/042b4bd8361b856bbc000000000000000400028f1c"
                    },
                    {
                        "@odata.id":  "/redfish/v1/StorageSystems/AC-109032/Volumes/Crypt-Audio/SnapShots/042b4bd8361b856bbc000000000000000400028ed9"
                    },
                    {
                        "@odata.id":  "/redfish/v1/StorageSystems/AC-109032/Volumes/Crypt-Audio/SnapShots/042b4bd8361b856bbc000000000000000400028e94"
                    },
                    {
                        "@odata.id":  "/redfish/v1/StorageSystems/AC-109032/Volumes/Crypt-Audio/SnapShots/042b4bd8361b856bbc000000000000000400028e4e"
                    },
                    {
                        "@odata.id":  "/redfish/v1/StorageSystems/AC-109032/Volumes/Crypt-Audio/SnapShots/042b4bd8361b856bbc000000000000000400028e08"
                    },
                    {
                        "@odata.id":  "/redfish/v1/StorageSystems/AC-109032/Volumes/Crypt-Audio/SnapShots/042b4bd8361b856bbc000000000000000400028dc3"
                    },
                    {
                        "@odata.id":  "/redfish/v1/StorageSystems/AC-109032/Volumes/Crypt-Audio/SnapShots/042b4bd8361b856bbc000000000000000400028d7d"
                    },
                    {
                        "@odata.id":  "/redfish/v1/StorageSystems/AC-109032/Volumes/Crypt-Audio/SnapShots/042b4bd8361b856bbc000000000000000400028d37"
                    },
                    {
                        "@odata.id":  "/redfish/v1/StorageSystems/AC-109032/Volumes/Crypt-Audio/SnapShots/042b4bd8361b856bbc000000000000000400028cf1"
                    },
                    {
                        "@odata.id":  "/redfish/v1/StorageSystems/AC-109032/Volumes/Crypt-Audio/SnapShots/042b4bd8361b856bbc0000000000000004000289d1"
                    },
                    {
                        "@odata.id":  "/redfish/v1/StorageSystems/AC-109032/Volumes/Crypt-Audio/SnapShots/042b4bd8361b856bbc00000000000000040002898e"
                    },
                    {
                        "@odata.id":  "/redfish/v1/StorageSystems/AC-109032/Volumes/Crypt-Audio/SnapShots/042b4bd8361b856bbc00000000000000040002894b"
                    },
                    {
                        "@odata.id":  "/redfish/v1/StorageSystems/AC-109032/Volumes/Crypt-Audio/SnapShots/042b4bd8361b856bbc000000000000000400028908"
                    },
                    {
                        "@odata.id":  "/redfish/v1/StorageSystems/AC-109032/Volumes/Crypt-Audio/SnapShots/042b4bd8361b856bbc0000000000000004000288c5"
                    },
                    {
                        "@odata.id":  "/redfish/v1/StorageSystems/AC-109032/Volumes/Crypt-Audio/SnapShots/042b4bd8361b856bbc000000000000000400028882"
                    },
                    {
                        "@odata.id":  "/redfish/v1/StorageSystems/AC-109032/Volumes/Crypt-Audio/SnapShots/042b4bd8361b856bbc00000000000000040002883d"
                    },
                    {
                        "@odata.id":  "/redfish/v1/StorageSystems/AC-109032/Volumes/Crypt-Audio/SnapShots/042b4bd8361b856bbc0000000000000004000287f7"
                    },
                    {
                        "@odata.id":  "/redfish/v1/StorageSystems/AC-109032/Volumes/Crypt-Audio/SnapShots/042b4bd8361b856bbc0000000000000004000287b1"
                    },
                    {
                        "@odata.id":  "/redfish/v1/StorageSystems/AC-109032/Volumes/Crypt-Audio/SnapShots/042b4bd8361b856bbc00000000000000040002876c"
                    },
                    {
                        "@odata.id":  "/redfish/v1/StorageSystems/AC-109032/Volumes/Crypt-Audio/SnapShots/042b4bd8361b856bbc000000000000000400028726"
                    },
                    {
                        "@odata.id":  "/redfish/v1/StorageSystems/AC-109032/Volumes/Crypt-Audio/SnapShots/042b4bd8361b856bbc0000000000000004000286e0"
                    },
                    {
                        "@odata.id":  "/redfish/v1/StorageSystems/AC-109032/Volumes/Crypt-Audio/SnapShots/042b4bd8361b856bbc00000000000000040002869a"
                    },
                    {
                        "@odata.id":  "/redfish/v1/StorageSystems/AC-109032/Volumes/Crypt-Audio/SnapShots/042b4bd8361b856bbc00000000000000040002835a"
                    },
                    {
                        "@odata.id":  "/redfish/v1/StorageSystems/AC-109032/Volumes/Crypt-Audio/SnapShots/042b4bd8361b856bbc00000000000000040002830c"
                    },
                    {
                        "@odata.id":  "/redfish/v1/StorageSystems/AC-109032/Volumes/Crypt-Audio/SnapShots/042b4bd8361b856bbc0000000000000004000282be"
                    },
                    {
                        "@odata.id":  "/redfish/v1/StorageSystems/AC-109032/Volumes/Crypt-Audio/SnapShots/042b4bd8361b856bbc000000000000000400028270"
                    },
                    {
                        "@odata.id":  "/redfish/v1/StorageSystems/AC-109032/Volumes/Crypt-Audio/SnapShots/042b4bd8361b856bbc000000000000000400028222"
                    },
                    {
                        "@odata.id":  "/redfish/v1/StorageSystems/AC-109032/Volumes/Crypt-Audio/SnapShots/042b4bd8361b856bbc0000000000000004000281d4"
                    },
                    {
                        "@odata.id":  "/redfish/v1/StorageSystems/AC-109032/Volumes/Crypt-Audio/SnapShots/042b4bd8361b856bbc000000000000000400028184"
                    },
                    {
                        "@odata.id":  "/redfish/v1/StorageSystems/AC-109032/Volumes/Crypt-Audio/SnapShots/042b4bd8361b856bbc000000000000000400028133"
                    },
                    {
                        "@odata.id":  "/redfish/v1/StorageSystems/AC-109032/Volumes/Crypt-Audio/SnapShots/042b4bd8361b856bbc0000000000000004000280e2"
                    },
                    {
                        "@odata.id":  "/redfish/v1/StorageSystems/AC-109032/Volumes/Crypt-Audio/SnapShots/042b4bd8361b856bbc000000000000000400028092"
                    },
                    {
                        "@odata.id":  "/redfish/v1/StorageSystems/AC-109032/Volumes/Crypt-Audio/SnapShots/042b4bd8361b856bbc000000000000000400028041"
                    },
                    {
                        "@odata.id":  "/redfish/v1/StorageSystems/AC-109032/Volumes/Crypt-Audio/SnapShots/042b4bd8361b856bbc000000000000000400027ff0"
                    },
                    {
                        "@odata.id":  "/redfish/v1/StorageSystems/AC-109032/Volumes/Crypt-Audio/SnapShots/042b4bd8361b856bbc000000000000000400027f9f"
                    },
                    {
                        "@odata.id":  "/redfish/v1/StorageSystems/AC-109032/Volumes/Crypt-Audio/SnapShots/042b4bd8361b856bbc000000000000000400027c1c"
                    },
                    {
                        "@odata.id":  "/redfish/v1/StorageSystems/AC-109032/Volumes/Crypt-Audio/SnapShots/042b4bd8361b856bbc000000000000000400027bce"
                    },
                    {
                        "@odata.id":  "/redfish/v1/StorageSystems/AC-109032/Volumes/Crypt-Audio/SnapShots/042b4bd8361b856bbc000000000000000400027b80"
                    },
                    {
                        "@odata.id":  "/redfish/v1/StorageSystems/AC-109032/Volumes/Crypt-Audio/SnapShots/042b4bd8361b856bbc000000000000000400027b32"
                    }
                ]
}