{
    "@Redfish.Copyright":  "Copyright 2014-2016 Distributed Management Task Force, Inc. (DMTF). For the full DMTF copyright policy, see http://www.dmtf.org/about/policies/copyright.",
    "@odata.id":  "/redfish/v1/StorageSystems/AC-109032/Endpoints/active_eth2",
    "@odata.type":  "#Endpoint.v1_3_1.Endpoint",
    "Name":  "active_eth2",
    "EndpointRole":  "Target",
    "Description":  "active configuration, Port named eth2. iSCSI Target.",
    "EndpointProtocol":  "iSCSI",
    "IPv4Address":  "192.168.2.61",
    "Id":  null,
    "Status":  {
                   "State":  "Disabled",
                   "Health":  "Degraded"
               }
}