{
    "@Redfish.Copyright":  "Copyright 2014-2016 Distributed Management Task Force, Inc. (DMTF). For the full DMTF copyright policy, see http://www.dmtf.org/about/policies/copyright.",
    "@odata.context":  "/redfish/v1/$metadata#Event.Event",
    "@odata.id":  "/redfish/v1/EventService/Event/182b4bd8361b856bbc00000000000000000001dd6e",
    "@odata.type":  "#Event.Event",
    "Name":  "Event Array",
    "Id":  "182b4bd8361b856bbc00000000000000000001dd6e",
    "Events":  {
                   "EventId":  11003,
                   "Message":  "Failed to synchronize replication configuration to partner CSLion, Partner is offline.",
                   "EventTimestamp":  1583596814,
                   "EventType":  "replication",
                   "Severity":  "warning"
               }
}