{
    "@Redfish.Copyright":  "Copyright 2014-2016 HPE and DMTF",
    "@odata.type":  "#PowerSupplyCollection..PowerSupplyCollection",
    "@odata.id":  "/redfish/v1/Chassis/AC-109032/Power/PowerSupplies",
    "Name":  "Power Supplies Collection",
    "Members@odata.count":  2,
    "Members":  [
                    {
                        "@odata.id":  "/redfish/v1/Chassis/AC-109032/Power/PowerSupplies/1"
                    },
                    {
                        "@odata.id":  "/redfish/v1/Chassis/AC-109032/Power/PowerSupplies/2"
                    }
                ]
}