{
    "@Redfish.Copyright":  "Copyright 2014-2016 Distributed Management Task Force, Inc. (DMTF). For the full DMTF copyright policy, see http://www.dmtf.org/about/policies/copyright.",
    "@odata.context":  "/redfish/v1/$metadata#EndpointGroup/AC-109032/EndpointGroup",
    "@odata.id":  "/redfish/v1/StorageSystems/AC-109032/EndpointGroups/spock",
    "@odata.type":  "#EndpointGroup.v1_3_1.EndpointGroup",
    "Name":  "spock",
    "Description":  "Initiator EndpointGroup for spock",
    "GroupType":  "client",
    "Endpoints@odata.count":  1,
    "StorageGroups@odata.count":  2,
    "Endpoints":  [
                      {
                          "@odata.id":  "/redfish/v1/StorageSystems/AC-109032/Endpoints/0b2b4bd8361b856bbc00000000000000000000000d"
                      }
                  ],
    "StorageGroups":  [
                          {
                              "@odata.id":  "/redfish/v1/StorageSystems/AC-109032/StorageGroups/0d2b4bd8361b856bbc000000000000000000000015"
                          },
                          {
                              "@odata.id":  "/redfish/v1/StorageSystems/AC-109032/StorageGroups/0d2b4bd8361b856bbc000000000000000000000017"
                          }
                      ]
}