{
    "@Redfish.Copyright":  "Copyright 2014-2016 HPE and DMTF",
    "@odata.id":  "/redfish/v1/Fabrics/AC-109032/Connections/0d2b4bd8361b856bbc000000000000000000000001",
    "@odata.type":  "#Connections.v1_0_0.Connections",
    "Name":  "0d2b4bd8361b856bbc000000000000000000000001",
    "Description":  "Access Control Group connecting Endpoints to Volumes",
    "ClientEndpointGroups@odata.count":  1,
    "Zones":  [
                  {
                      "@odata.id":  "/redfish/v1/Fabrics/AC-109032/Zones/022b4bd8361b856bbc000000000000000000000001"
                  },
                  {
                      "@odata.id":  "/redfish/v1/Fabrics/AC-109032/Zones/AC-109032_AllSubnets"
                  }
              ],
    "Volumes":  [
                    {
                        "Volume":  "/redfish/v1/Storage/AC-109032/StoragePools/Default/Volumes/Crypt-MovsOld",
                        "LogicalUnitNumber":  0
                    }
                ],
    "Id":  "0d2b4bd8361b856bbc000000000000000000000001"
}