{
    "@odata.context":  "/redfish/v1/$metadata#DriveCollection.DriveCollection",
    "@odata.type":  "#DriveCollection.DriveCollection",
    "@odata.id":  "/redfish/v1/StorageServices/S1/Drives",
    "Name":  "Drive Collection",
    "Members@odata.count":  14,
    "Members":  [
                    {
                        "@odata.id":  "/redfish/v1/StorageServices/S1/Drives/1.1"
                    },
                    {
                        "@odata.id":  "/redfish/v1/StorageServices/S1/Drives/1.2"
                    },
                    {
                        "@odata.id":  "/redfish/v1/StorageServices/S1/Drives/1.3"
                    },
                    {
                        "@odata.id":  "/redfish/v1/StorageServices/S1/Drives/1.4"
                    },
                    {
                        "@odata.id":  "/redfish/v1/StorageServices/S1/Drives/1.5"
                    },
                    {
                        "@odata.id":  "/redfish/v1/StorageServices/S1/Drives/1.6"
                    },
                    {
                        "@odata.id":  "/redfish/v1/StorageServices/S1/Drives/1.7"
                    },
                    {
                        "@odata.id":  "/redfish/v1/StorageServices/S1/Drives/1.8"
                    },
                    {
                        "@odata.id":  "/redfish/v1/StorageServices/S1/Drives/1.9"
                    },
                    {
                        "@odata.id":  "/redfish/v1/StorageServices/S1/Drives/1.10"
                    },
                    {
                        "@odata.id":  "/redfish/v1/StorageServices/S1/Drives/1.11"
                    },
                    {
                        "@odata.id":  "/redfish/v1/StorageServices/S1/Drives/1.12"
                    },
                    {
                        "@odata.id":  "/redfish/v1/StorageServices/S1/Drives/1.13"
                    },
                    {
                        "@odata.id":  "/redfish/v1/StorageServices/S1/Drives/1.14"
                    }
                ]
}