{
    "@Redfish.Copyright":  "Copyright 2014-2016 Distributed Management Task Force, Inc. (DMTF). For the full DMTF copyright policy, see http://www.dmtf.org/about/policies/copyright.",
    "@odata.id":  "/redfish/v1/AccountService/Roles/guest",
    "@odata.type":  "#Role.v1_1_0.Role",
    "Name":  "guest",
    "IsPredefined":  "true",
    "Id":  null,
    "Description":  "Guest Role",
    "RoleId":  null,
    "AssignedPrivileges":  [
                               "Login",
                               "ConfigureSelf"
                           ]
}