{
    "ClientEndpointGroups":  [
                                 {
                                     "@odata.id":  "022b4bd8361b856bbc000000000000000000000003"
                                 }
                             ],
    "CHAPInformation":  {
                            "InitiatorCHAPUser":  "*"
                        },
    "ClientEndpointGroups@odata.count":  1,
    "@Redfish.Copyright":  "Copyright 2014-2016 Distributed Management Task Force, Inc. (DMTF). For the full DMTF copyright policy, see http://www.dmtf.org/about/policies/copyright.",
    "AuthenticationMethod":  "None",
    "@odata.type":  "#StorageGroup.v1_3_1.StorageGroup",
    "Name":  "0d2b4bd8361b856bbc000000000000000000000005",
    "MappedVolumes":  [
                          {
                              "Volume":  "/redfish/v1/StorageServices/AC-109032/Volumes/SCSQL2017",
                              "LogicalUnitNumber":  0
                          }
                      ],
    "Description":  "Storage Access Control Group connecting Endpoints to Volumes",
    "Id":  "0d2b4bd8361b856bbc000000000000000000000005",
    "@odata.context":  "/redfish/v1/$metadata#StorageGroup/AC-109032/StorageGroup",
    "@odata.id":  "/redfish/v1/StorageSystems/AC-109032/StorageGroups/0d2b4bd8361b856bbc000000000000000000000005",
    "ServerEndpointGroups":  [
                                 {
                                     "@odata.id":  "AC-109032_AllSubnets"
                                 }
                             ]
}