{
    "@odata.Copyright":  "Copyright 2014-2016 Distributed Management Task Force, Inc. (DMTF). For the full DMTF copyright policy, see http://www.dmtf.org/about/policies/copyright.",
    "@odata.type":  "#Storage.v1_0_0.System",
    "@odata.id":  "/redfish/v1/Storage/AC-109032",
    "Name":  "cs700",
    "Id":  "092b4bd8361b856bbc000000000000000000000001",
    "Description":  null,
    "Status":  {
                   "State":  "Enabled",
                   "Health":  "OK"
               },
    "Drives":  "/redfish/v1/Chassis/AC-109032/drives",
    "Chassis":  "/redfish/v1/Chassis/AC-109032",
    "Endpoints":  "/redfish/v1/Fabrics/AC-109032/Endpoints",
    "EndpointGroups":  "/redfish/v1/Storage/AC-109032/EndpointGroups",
    "ConsistencyGroups":  "/redfish/v1/Storage/AC-109032/ConsistencyGroups",
    "StorageGroups":  "/redfish/v1/Storage/AC-109032/StorageGroups",
    "StoragePools":  "/redfish/v1/Storage/AC-109032/StoragePools",
    "Volumes":  "/redfish/v1/Storage/AC-109032/Volumes",
    "LineOfService":  "/redfish/v1/Storage/AC-109032/LineOfService"
}