{
    "@odata.Copyright":  "Copyright 2016-2019 Storage Networking Industry Association (SNIA), USA. All rights reserved. For the full SNIA copyright policy, see http://www.snia.org/about/corporate_info/copyright",
    "@odata.id":  "/redfish/v1/Storage/AC-109032/LineOfService/DataProtectionLineOfService",
    "@odata.type":  "#DataProtectionLinesOfService.v1_0_0.DataProtectionLinesOfService",
    "Name":  "Nimble Protection Policies",
    "Members@odata.count":  18,
    "Members":  [
                    {
                        "@odata.id":  "/redfish/v1/Storage/AC-109032/LinesOfService/DataProtectionLinesOfService/0c2b4bd8361b856bbc000000000000000000000002"
                    },
                    {
                        "@odata.id":  "/redfish/v1/Storage/AC-109032/LinesOfService/DataProtectionLinesOfService/0c2b4bd8361b856bbc000000000000000000000001"
                    },
                    {
                        "@odata.id":  "/redfish/v1/Storage/AC-109032/LinesOfService/DataProtectionLinesOfService/0c2b4bd8361b856bbc000000000000000000000003"
                    },
                    {
                        "@odata.id":  "/redfish/v1/Storage/AC-109032/LinesOfService/DataProtectionLinesOfService/0c2b4bd8361b856bbc000000000000000000000004"
                    },
                    {
                        "@odata.id":  "/redfish/v1/Storage/AC-109032/LinesOfService/DataProtectionLinesOfService/0c2b4bd8361b856bbc000000000000000000000005"
                    },
                    {
                        "@odata.id":  "/redfish/v1/Storage/AC-109032/LinesOfService/DataProtectionLinesOfService/0c2b4bd8361b856bbc000000000000000000000011"
                    },
                    {
                        "@odata.id":  "/redfish/v1/Storage/AC-109032/LinesOfService/DataProtectionLinesOfService/0c2b4bd8361b856bbc000000000000000000000012"
                    },
                    {
                        "@odata.id":  "/redfish/v1/Storage/AC-109032/LinesOfService/DataProtectionLinesOfService/0c2b4bd8361b856bbc00000000000000000000000f"
                    },
                    {
                        "@odata.id":  "/redfish/v1/Storage/AC-109032/LinesOfService/DataProtectionLinesOfService/0c2b4bd8361b856bbc000000000000000000000007"
                    },
                    {
                        "@odata.id":  "/redfish/v1/Storage/AC-109032/LinesOfService/DataProtectionLinesOfService/0c2b4bd8361b856bbc000000000000000000000015"
                    },
                    {
                        "@odata.id":  "/redfish/v1/Storage/AC-109032/LinesOfService/DataProtectionLinesOfService/0c2b4bd8361b856bbc000000000000000000000014"
                    },
                    {
                        "@odata.id":  "/redfish/v1/Storage/AC-109032/LinesOfService/DataProtectionLinesOfService/0c2b4bd8361b856bbc000000000000000000000017"
                    },
                    {
                        "@odata.id":  "/redfish/v1/Storage/AC-109032/LinesOfService/DataProtectionLinesOfService/0c2b4bd8361b856bbc00000000000000000000000e"
                    },
                    {
                        "@odata.id":  "/redfish/v1/Storage/AC-109032/LinesOfService/DataProtectionLinesOfService/0c2b4bd8361b856bbc000000000000000000000010"
                    },
                    {
                        "@odata.id":  "/redfish/v1/Storage/AC-109032/LinesOfService/DataProtectionLinesOfService/0c2b4bd8361b856bbc00000000000000000000000a"
                    },
                    {
                        "@odata.id":  "/redfish/v1/Storage/AC-109032/LinesOfService/DataProtectionLinesOfService/0c2b4bd8361b856bbc00000000000000000000000c"
                    },
                    {
                        "@odata.id":  "/redfish/v1/Storage/AC-109032/LinesOfService/DataProtectionLinesOfService/0c2b4bd8361b856bbc000000000000000000000018"
                    },
                    {
                        "@odata.id":  "/redfish/v1/Storage/AC-109032/LinesOfService/DataProtectionLinesOfService/0c2b4bd8361b856bbc00000000000000000000001a"
                    }
                ]
}