{
    "@odata.context":  "/redfish/v1/$metadata#Thermal.Thermal",
    "@odata.id":  "/redfish/v1/Chassis/enclosure_1/Thermal",
    "@odata.type":  "#Thermal.v1_5_1.Thermal",
    "Name":  "Thermal",
    "Id":  "Thermal",
    "Temperatures":  [
                         {
                             "@odata.id":  "/redfish/v1/Chassis/enclosure_1/Thermal#/Temperatures/0",
                             "MemberId":  "0",
                             "Name":  "sensor_temp_ctrl_A.2",
                             "ReadingCelsius":  46.000000,
                             "Status":  {
                                            "State":  "Enabled",
                                            "Health":  "OK"
                                        }
                         },
                         {
                             "@odata.id":  "/redfish/v1/Chassis/enclosure_1/Thermal#/Temperatures/1",
                             "MemberId":  "1",
                             "Name":  "sensor_temp_ctrl_A.3",
                             "ReadingCelsius":  36.000000,
                             "Status":  {
                                            "State":  "Enabled",
                                            "Health":  "OK"
                                        }
                         },
                         {
                             "@odata.id":  "/redfish/v1/Chassis/enclosure_1/Thermal#/Temperatures/2",
                             "MemberId":  "2",
                             "Name":  "sensor_temp_ctrl_A.4",
                             "ReadingCelsius":  27.000000,
                             "Status":  {
                                            "State":  "Enabled",
                                            "Health":  "OK"
                                        }
                         },
                         {
                             "@odata.id":  "/redfish/v1/Chassis/enclosure_1/Thermal#/Temperatures/3",
                             "MemberId":  "3",
                             "Name":  "sensor_temp_ctrl_A.5",
                             "ReadingCelsius":  41.000000,
                             "Status":  {
                                            "State":  "Enabled",
                                            "Health":  "OK"
                                        }
                         },
                         {
                             "@odata.id":  "/redfish/v1/Chassis/enclosure_1/Thermal#/Temperatures/4",
                             "MemberId":  "4",
                             "Name":  "sensor_temp_ctrl_A.6",
                             "ReadingCelsius":  63.000000,
                             "Status":  {
                                            "State":  "Enabled",
                                            "Health":  "OK"
                                        }
                         },
                         {
                             "@odata.id":  "/redfish/v1/Chassis/enclosure_1/Thermal#/Temperatures/5",
                             "MemberId":  "5",
                             "Name":  "sensor_temp_ctrl_A.7",
                             "ReadingCelsius":  47.000000,
                             "Status":  {
                                            "State":  "Enabled",
                                            "Health":  "OK"
                                        }
                         },
                         {
                             "@odata.id":  "/redfish/v1/Chassis/enclosure_1/Thermal#/Temperatures/6",
                             "MemberId":  "6",
                             "Name":  "sensor_temp_iom_1.A.1",
                             "ReadingCelsius":  27.000000,
                             "Status":  {
                                            "State":  "Enabled",
                                            "Health":  "OK"
                                        }
                         },
                         {
                             "@odata.id":  "/redfish/v1/Chassis/enclosure_1/Thermal#/Temperatures/7",
                             "MemberId":  "7",
                             "Name":  "sensor_temp_ctrl_B.2",
                             "ReadingCelsius":  52.000000,
                             "Status":  {
                                            "State":  "Enabled",
                                            "Health":  "OK"
                                        }
                         },
                         {
                             "@odata.id":  "/redfish/v1/Chassis/enclosure_1/Thermal#/Temperatures/8",
                             "MemberId":  "8",
                             "Name":  "sensor_temp_ctrl_B.3",
                             "ReadingCelsius":  38.000000,
                             "Status":  {
                                            "State":  "Enabled",
                                            "Health":  "OK"
                                        }
                         },
                         {
                             "@odata.id":  "/redfish/v1/Chassis/enclosure_1/Thermal#/Temperatures/9",
                             "MemberId":  "9",
                             "Name":  "sensor_temp_ctrl_B.4",
                             "ReadingCelsius":  32.000000,
                             "Status":  {
                                            "State":  "Enabled",
                                            "Health":  "OK"
                                        }
                         },
                         {
                             "@odata.id":  "/redfish/v1/Chassis/enclosure_1/Thermal#/Temperatures/10",
                             "MemberId":  "10",
                             "Name":  "sensor_temp_ctrl_B.5",
                             "ReadingCelsius":  47.000000,
                             "Status":  {
                                            "State":  "Enabled",
                                            "Health":  "OK"
                                        }
                         },
                         {
                             "@odata.id":  "/redfish/v1/Chassis/enclosure_1/Thermal#/Temperatures/11",
                             "MemberId":  "11",
                             "Name":  "sensor_temp_ctrl_B.6",
                             "ReadingCelsius":  70.000000,
                             "Status":  {
                                            "State":  "Enabled",
                                            "Health":  "OK"
                                        }
                         },
                         {
                             "@odata.id":  "/redfish/v1/Chassis/enclosure_1/Thermal#/Temperatures/12",
                             "MemberId":  "12",
                             "Name":  "sensor_temp_ctrl_B.7",
                             "ReadingCelsius":  48.000000,
                             "Status":  {
                                            "State":  "Enabled",
                                            "Health":  "OK"
                                        }
                         },
                         {
                             "@odata.id":  "/redfish/v1/Chassis/enclosure_1/Thermal#/Temperatures/13",
                             "MemberId":  "13",
                             "Name":  "sensor_temp_iom_1.B.1",
                             "ReadingCelsius":  26.000000,
                             "Status":  {
                                            "State":  "Enabled",
                                            "Health":  "OK"
                                        }
                         },
                         {
                             "@odata.id":  "/redfish/v1/Chassis/enclosure_1/Thermal#/Temperatures/14",
                             "MemberId":  "14",
                             "Name":  "sensor_temp_psu_1.1.1",
                             "ReadingCelsius":  16.000000,
                             "Status":  {
                                            "State":  "Enabled",
                                            "Health":  "OK"
                                        }
                         },
                         {
                             "@odata.id":  "/redfish/v1/Chassis/enclosure_1/Thermal#/Temperatures/15",
                             "MemberId":  "15",
                             "Name":  "sensor_temp_psu_1.1.2",
                             "ReadingCelsius":  20.000000,
                             "Status":  {
                                            "State":  "Enabled",
                                            "Health":  "OK"
                                        }
                         },
                         {
                             "@odata.id":  "/redfish/v1/Chassis/enclosure_1/Thermal#/Temperatures/16",
                             "MemberId":  "16",
                             "Name":  "sensor_temp_psu_1.2.1",
                             "ReadingCelsius":  20.000000,
                             "Status":  {
                                            "State":  "Enabled",
                                            "Health":  "OK"
                                        }
                         },
                         {
                             "@odata.id":  "/redfish/v1/Chassis/enclosure_1/Thermal#/Temperatures/17",
                             "MemberId":  "17",
                             "Name":  "sensor_temp_psu_1.2.2",
                             "ReadingCelsius":  25.000000,
                             "Status":  {
                                            "State":  "Enabled",
                                            "Health":  "OK"
                                        }
                         },
                         {
                             "@odata.id":  "/redfish/v1/Chassis/enclosure_1/Thermal#/Temperatures/18",
                             "MemberId":  "18",
                             "Name":  "sensor_temp_encl_1.1",
                             "ReadingCelsius":  16.000000,
                             "Status":  {
                                            "State":  "Enabled",
                                            "Health":  "OK"
                                        }
                         },
                         {
                             "@odata.id":  "/redfish/v1/Chassis/enclosure_1/Thermal#/Temperatures/19",
                             "MemberId":  "19",
                             "Name":  "sensor_temp_encl_1.2",
                             "ReadingCelsius":  20.000000,
                             "Status":  {
                                            "State":  "Enabled",
                                            "Health":  "OK"
                                        }
                         },
                         {
                             "@odata.id":  "/redfish/v1/Chassis/enclosure_1/Thermal#/Temperatures/20",
                             "MemberId":  "20",
                             "Name":  "sensor_temp_disk_1.1",
                             "ReadingCelsius":  23.000000,
                             "Status":  {
                                            "State":  "Enabled",
                                            "Health":  "OK"
                                        }
                         },
                         {
                             "@odata.id":  "/redfish/v1/Chassis/enclosure_1/Thermal#/Temperatures/21",
                             "MemberId":  "21",
                             "Name":  "sensor_temp_disk_1.2",
                             "ReadingCelsius":  23.000000,
                             "Status":  {
                                            "State":  "Enabled",
                                            "Health":  "OK"
                                        }
                         },
                         {
                             "@odata.id":  "/redfish/v1/Chassis/enclosure_1/Thermal#/Temperatures/22",
                             "MemberId":  "22",
                             "Name":  "sensor_temp_disk_1.3",
                             "ReadingCelsius":  23.000000,
                             "Status":  {
                                            "State":  "Enabled",
                                            "Health":  "OK"
                                        }
                         },
                         {
                             "@odata.id":  "/redfish/v1/Chassis/enclosure_1/Thermal#/Temperatures/23",
                             "MemberId":  "23",
                             "Name":  "sensor_temp_disk_1.4",
                             "ReadingCelsius":  23.000000,
                             "Status":  {
                                            "State":  "Enabled",
                                            "Health":  "OK"
                                        }
                         },
                         {
                             "@odata.id":  "/redfish/v1/Chassis/enclosure_1/Thermal#/Temperatures/24",
                             "MemberId":  "24",
                             "Name":  "sensor_temp_disk_1.5",
                             "ReadingCelsius":  23.000000,
                             "Status":  {
                                            "State":  "Enabled",
                                            "Health":  "OK"
                                        }
                         },
                         {
                             "@odata.id":  "/redfish/v1/Chassis/enclosure_1/Thermal#/Temperatures/25",
                             "MemberId":  "25",
                             "Name":  "sensor_temp_disk_1.6",
                             "ReadingCelsius":  23.000000,
                             "Status":  {
                                            "State":  "Enabled",
                                            "Health":  "OK"
                                        }
                         },
                         {
                             "@odata.id":  "/redfish/v1/Chassis/enclosure_1/Thermal#/Temperatures/26",
                             "MemberId":  "26",
                             "Name":  "sensor_temp_disk_1.7",
                             "ReadingCelsius":  23.000000,
                             "Status":  {
                                            "State":  "Enabled",
                                            "Health":  "OK"
                                        }
                         },
                         {
                             "@odata.id":  "/redfish/v1/Chassis/enclosure_1/Thermal#/Temperatures/27",
                             "MemberId":  "27",
                             "Name":  "sensor_temp_disk_1.8",
                             "ReadingCelsius":  23.000000,
                             "Status":  {
                                            "State":  "Enabled",
                                            "Health":  "OK"
                                        }
                         },
                         {
                             "@odata.id":  "/redfish/v1/Chassis/enclosure_1/Thermal#/Temperatures/28",
                             "MemberId":  "28",
                             "Name":  "sensor_temp_disk_1.9",
                             "ReadingCelsius":  23.000000,
                             "Status":  {
                                            "State":  "Enabled",
                                            "Health":  "OK"
                                        }
                         },
                         {
                             "@odata.id":  "/redfish/v1/Chassis/enclosure_1/Thermal#/Temperatures/29",
                             "MemberId":  "29",
                             "Name":  "sensor_temp_disk_1.10",
                             "ReadingCelsius":  23.000000,
                             "Status":  {
                                            "State":  "Enabled",
                                            "Health":  "OK"
                                        }
                         },
                         {
                             "@odata.id":  "/redfish/v1/Chassis/enclosure_1/Thermal#/Temperatures/30",
                             "MemberId":  "30",
                             "Name":  "sensor_temp_disk_1.11",
                             "ReadingCelsius":  23.000000,
                             "Status":  {
                                            "State":  "Enabled",
                                            "Health":  "OK"
                                        }
                         },
                         {
                             "@odata.id":  "/redfish/v1/Chassis/enclosure_1/Thermal#/Temperatures/31",
                             "MemberId":  "31",
                             "Name":  "sensor_temp_disk_1.12",
                             "ReadingCelsius":  23.000000,
                             "Status":  {
                                            "State":  "Enabled",
                                            "Health":  "OK"
                                        }
                         },
                         {
                             "@odata.id":  "/redfish/v1/Chassis/enclosure_1/Thermal#/Temperatures/32",
                             "MemberId":  "32",
                             "Name":  "sensor_temp_disk_1.13",
                             "ReadingCelsius":  23.000000,
                             "Status":  {
                                            "State":  "Enabled",
                                            "Health":  "OK"
                                        }
                         },
                         {
                             "@odata.id":  "/redfish/v1/Chassis/enclosure_1/Thermal#/Temperatures/33",
                             "MemberId":  "33",
                             "Name":  "sensor_temp_disk_1.14",
                             "ReadingCelsius":  24.000000,
                             "Status":  {
                                            "State":  "Enabled",
                                            "Health":  "OK"
                                        }
                         }
                     ],
    "Fans":  [
                 {
                     "@odata.id":  "/redfish/v1/Chassis/enclosure_1/Thermal#/Fans/0",
                     "MemberId":  "0",
                     "Reading":  4800,
                     "Name":  "Fan 1",
                     "Status":  {
                                    "State":  "Enabled",
                                    "Health":  "OK"
                                }
                 },
                 {
                     "@odata.id":  "/redfish/v1/Chassis/enclosure_1/Thermal#/Fans/1",
                     "MemberId":  "1",
                     "Reading":  4620,
                     "Name":  "Fan 2",
                     "Status":  {
                                    "State":  "Enabled",
                                    "Health":  "OK"
                                }
                 },
                 {
                     "@odata.id":  "/redfish/v1/Chassis/enclosure_1/Thermal#/Fans/2",
                     "MemberId":  "2",
                     "Reading":  4740,
                     "Name":  "Fan 3",
                     "Status":  {
                                    "State":  "Enabled",
                                    "Health":  "OK"
                                }
                 },
                 {
                     "@odata.id":  "/redfish/v1/Chassis/enclosure_1/Thermal#/Fans/3",
                     "MemberId":  "3",
                     "Reading":  4800,
                     "Name":  "Fan 4",
                     "Status":  {
                                    "State":  "Enabled",
                                    "Health":  "OK"
                                }
                 }
             ]
}