{
    "@Redfish.Copyright":  "Copyright 2014-2016 HPE and DMTF",
    "@odata.id":  "/redfish/v1//Storage/AC-109032/StoragePools/Default/Volumes/DS9HyperVReplica/Snapshots",
    "@odata.type":  "#SnapshotsCollection.v1_0_0.SnapshotsCollection",
    "Name":  "NimbleSnapshotCollection",
    "Members@odata.count":  61,
    "Members":  [
                    {
                        "@odata.id":  "/redfish/v1/Storage/AC-109032/StoragePools/Default/Volumes/DS9HyperVReplica/SnapShots/042b4bd8361b856bbc00000000000000200003c34c"
                    },
                    {
                        "@odata.id":  "/redfish/v1/Storage/AC-109032/StoragePools/Default/Volumes/DS9HyperVReplica/SnapShots/042b4bd8361b856bbc00000000000000200003c2fd"
                    },
                    {
                        "@odata.id":  "/redfish/v1/Storage/AC-109032/StoragePools/Default/Volumes/DS9HyperVReplica/SnapShots/042b4bd8361b856bbc00000000000000200003c2ae"
                    },
                    {
                        "@odata.id":  "/redfish/v1/Storage/AC-109032/StoragePools/Default/Volumes/DS9HyperVReplica/SnapShots/042b4bd8361b856bbc00000000000000200003c25f"
                    },
                    {
                        "@odata.id":  "/redfish/v1/Storage/AC-109032/StoragePools/Default/Volumes/DS9HyperVReplica/SnapShots/042b4bd8361b856bbc00000000000000200003c210"
                    },
                    {
                        "@odata.id":  "/redfish/v1/Storage/AC-109032/StoragePools/Default/Volumes/DS9HyperVReplica/SnapShots/042b4bd8361b856bbc00000000000000200003c1c1"
                    },
                    {
                        "@odata.id":  "/redfish/v1/Storage/AC-109032/StoragePools/Default/Volumes/DS9HyperVReplica/SnapShots/042b4bd8361b856bbc00000000000000200003a055"
                    },
                    {
                        "@odata.id":  "/redfish/v1/Storage/AC-109032/StoragePools/Default/Volumes/DS9HyperVReplica/SnapShots/042b4bd8361b856bbc000000000000002000019c9b"
                    },
                    {
                        "@odata.id":  "/redfish/v1/Storage/AC-109032/StoragePools/Default/Volumes/DS9HyperVReplica/SnapShots/042b4bd8361b856bbc00000000000000200002ba8b"
                    },
                    {
                        "@odata.id":  "/redfish/v1/Storage/AC-109032/StoragePools/Default/Volumes/DS9HyperVReplica/SnapShots/042b4bd8361b856bbc000000000000002000016cec"
                    },
                    {
                        "@odata.id":  "/redfish/v1/Storage/AC-109032/StoragePools/Default/Volumes/DS9HyperVReplica/SnapShots/042b4bd8361b856bbc000000000000002000025b2d"
                    },
                    {
                        "@odata.id":  "/redfish/v1/Storage/AC-109032/StoragePools/Default/Volumes/DS9HyperVReplica/SnapShots/042b4bd8361b856bbc00000000000000200003999c"
                    },
                    {
                        "@odata.id":  "/redfish/v1/Storage/AC-109032/StoragePools/Default/Volumes/DS9HyperVReplica/SnapShots/042b4bd8361b856bbc00000000000000200003b56c"
                    },
                    {
                        "@odata.id":  "/redfish/v1/Storage/AC-109032/StoragePools/Default/Volumes/DS9HyperVReplica/SnapShots/042b4bd8361b856bbc00000000000000200001cc4a"
                    },
                    {
                        "@odata.id":  "/redfish/v1/Storage/AC-109032/StoragePools/Default/Volumes/DS9HyperVReplica/SnapShots/042b4bd8361b856bbc00000000000000200003ab65"
                    },
                    {
                        "@odata.id":  "/redfish/v1/Storage/AC-109032/StoragePools/Default/Volumes/DS9HyperVReplica/SnapShots/042b4bd8361b856bbc000000000000002000022bc0"
                    },
                    {
                        "@odata.id":  "/redfish/v1/Storage/AC-109032/StoragePools/Default/Volumes/DS9HyperVReplica/SnapShots/042b4bd8361b856bbc00000000000000200003a28e"
                    },
                    {
                        "@odata.id":  "/redfish/v1/Storage/AC-109032/StoragePools/Default/Volumes/DS9HyperVReplica/SnapShots/042b4bd8361b856bbc00000000000000200003bd05"
                    },
                    {
                        "@odata.id":  "/redfish/v1/Storage/AC-109032/StoragePools/Default/Volumes/DS9HyperVReplica/SnapShots/042b4bd8361b856bbc00000000000000200001fbf9"
                    },
                    {
                        "@odata.id":  "/redfish/v1/Storage/AC-109032/StoragePools/Default/Volumes/DS9HyperVReplica/SnapShots/042b4bd8361b856bbc000000000000002000028adc"
                    },
                    {
                        "@odata.id":  "/redfish/v1/Storage/AC-109032/StoragePools/Default/Volumes/DS9HyperVReplica/SnapShots/042b4bd8361b856bbc00000000000000200003bbb1"
                    },
                    {
                        "@odata.id":  "/redfish/v1/Storage/AC-109032/StoragePools/Default/Volumes/DS9HyperVReplica/SnapShots/042b4bd8361b856bbc000000000000002000031a59"
                    },
                    {
                        "@odata.id":  "/redfish/v1/Storage/AC-109032/StoragePools/Default/Volumes/DS9HyperVReplica/SnapShots/042b4bd8361b856bbc00000000000000200003b51d"
                    },
                    {
                        "@odata.id":  "/redfish/v1/Storage/AC-109032/StoragePools/Default/Volumes/DS9HyperVReplica/SnapShots/042b4bd8361b856bbc00000000000000200003994a"
                    },
                    {
                        "@odata.id":  "/redfish/v1/Storage/AC-109032/StoragePools/Default/Volumes/DS9HyperVReplica/SnapShots/042b4bd8361b856bbc0000000000000020000398a6"
                    },
                    {
                        "@odata.id":  "/redfish/v1/Storage/AC-109032/StoragePools/Default/Volumes/DS9HyperVReplica/SnapShots/042b4bd8361b856bbc00000000000000200003b6a8"
                    },
                    {
                        "@odata.id":  "/redfish/v1/Storage/AC-109032/StoragePools/Default/Volumes/DS9HyperVReplica/SnapShots/042b4bd8361b856bbc00000000000000200003a23f"
                    },
                    {
                        "@odata.id":  "/redfish/v1/Storage/AC-109032/StoragePools/Default/Volumes/DS9HyperVReplica/SnapShots/042b4bd8361b856bbc00000000000000200003b4ce"
                    },
                    {
                        "@odata.id":  "/redfish/v1/Storage/AC-109032/StoragePools/Default/Volumes/DS9HyperVReplica/SnapShots/042b4bd8361b856bbc00000000000000200003b6f7"
                    },
                    {
                        "@odata.id":  "/redfish/v1/Storage/AC-109032/StoragePools/Default/Volumes/DS9HyperVReplica/SnapShots/042b4bd8361b856bbc00000000000000200002ea3a"
                    },
                    {
                        "@odata.id":  "/redfish/v1/Storage/AC-109032/StoragePools/Default/Volumes/DS9HyperVReplica/SnapShots/042b4bd8361b856bbc00000000000000200003bc7d"
                    },
                    {
                        "@odata.id":  "/redfish/v1/Storage/AC-109032/StoragePools/Default/Volumes/DS9HyperVReplica/SnapShots/042b4bd8361b856bbc000000000000002000034ab0"
                    },
                    {
                        "@odata.id":  "/redfish/v1/Storage/AC-109032/StoragePools/Default/Volumes/DS9HyperVReplica/SnapShots/042b4bd8361b856bbc00000000000000200003bb29"
                    },
                    {
                        "@odata.id":  "/redfish/v1/Storage/AC-109032/StoragePools/Default/Volumes/DS9HyperVReplica/SnapShots/042b4bd8361b856bbc000000000000002000039b80"
                    },
                    {
                        "@odata.id":  "/redfish/v1/Storage/AC-109032/StoragePools/Default/Volumes/DS9HyperVReplica/SnapShots/042b4bd8361b856bbc0000000000000020000398f8"
                    },
                    {
                        "@odata.id":  "/redfish/v1/Storage/AC-109032/StoragePools/Default/Volumes/DS9HyperVReplica/SnapShots/042b4bd8361b856bbc00000000000000200003b47f"
                    },
                    {
                        "@odata.id":  "/redfish/v1/Storage/AC-109032/StoragePools/Default/Volumes/DS9HyperVReplica/SnapShots/042b4bd8361b856bbc000000000000002000037b07"
                    },
                    {
                        "@odata.id":  "/redfish/v1/Storage/AC-109032/StoragePools/Default/Volumes/DS9HyperVReplica/SnapShots/042b4bd8361b856bbc00000000000000200003b659"
                    },
                    {
                        "@odata.id":  "/redfish/v1/Storage/AC-109032/StoragePools/Default/Volumes/DS9HyperVReplica/SnapShots/042b4bd8361b856bbc00000000000000200003942a"
                    },
                    {
                        "@odata.id":  "/redfish/v1/Storage/AC-109032/StoragePools/Default/Volumes/DS9HyperVReplica/SnapShots/042b4bd8361b856bbc000000000000002000039b31"
                    },
                    {
                        "@odata.id":  "/redfish/v1/Storage/AC-109032/StoragePools/Default/Volumes/DS9HyperVReplica/SnapShots/042b4bd8361b856bbc00000000000000200003bb6d"
                    },
                    {
                        "@odata.id":  "/redfish/v1/Storage/AC-109032/StoragePools/Default/Volumes/DS9HyperVReplica/SnapShots/042b4bd8361b856bbc00000000000000200003bcc1"
                    },
                    {
                        "@odata.id":  "/redfish/v1/Storage/AC-109032/StoragePools/Default/Volumes/DS9HyperVReplica/SnapShots/042b4bd8361b856bbc0000000000000020000393db"
                    },
                    {
                        "@odata.id":  "/redfish/v1/Storage/AC-109032/StoragePools/Default/Volumes/DS9HyperVReplica/SnapShots/042b4bd8361b856bbc00000000000000200003a14a"
                    },
                    {
                        "@odata.id":  "/redfish/v1/Storage/AC-109032/StoragePools/Default/Volumes/DS9HyperVReplica/SnapShots/042b4bd8361b856bbc00000000000000200003a003"
                    },
                    {
                        "@odata.id":  "/redfish/v1/Storage/AC-109032/StoragePools/Default/Volumes/DS9HyperVReplica/SnapShots/042b4bd8361b856bbc000000000000002000039a91"
                    },
                    {
                        "@odata.id":  "/redfish/v1/Storage/AC-109032/StoragePools/Default/Volumes/DS9HyperVReplica/SnapShots/042b4bd8361b856bbc000000000000002000039a3f"
                    },
                    {
                        "@odata.id":  "/redfish/v1/Storage/AC-109032/StoragePools/Default/Volumes/DS9HyperVReplica/SnapShots/042b4bd8361b856bbc00000000000000200003b430"
                    },
                    {
                        "@odata.id":  "/redfish/v1/Storage/AC-109032/StoragePools/Default/Volumes/DS9HyperVReplica/SnapShots/042b4bd8361b856bbc00000000000000200003b60a"
                    },
                    {
                        "@odata.id":  "/redfish/v1/Storage/AC-109032/StoragePools/Default/Volumes/DS9HyperVReplica/SnapShots/042b4bd8361b856bbc00000000000000200003a19c"
                    },
                    {
                        "@odata.id":  "/redfish/v1/Storage/AC-109032/StoragePools/Default/Volumes/DS9HyperVReplica/SnapShots/042b4bd8361b856bbc00000000000000200003bc39"
                    },
                    {
                        "@odata.id":  "/redfish/v1/Storage/AC-109032/StoragePools/Default/Volumes/DS9HyperVReplica/SnapShots/042b4bd8361b856bbc00000000000000200003a1ee"
                    },
                    {
                        "@odata.id":  "/redfish/v1/Storage/AC-109032/StoragePools/Default/Volumes/DS9HyperVReplica/SnapShots/042b4bd8361b856bbc00000000000000200003bd8d"
                    },
                    {
                        "@odata.id":  "/redfish/v1/Storage/AC-109032/StoragePools/Default/Volumes/DS9HyperVReplica/SnapShots/042b4bd8361b856bbc00000000000000200003a0f9"
                    },
                    {
                        "@odata.id":  "/redfish/v1/Storage/AC-109032/StoragePools/Default/Volumes/DS9HyperVReplica/SnapShots/042b4bd8361b856bbc000000000000002000039ae2"
                    },
                    {
                        "@odata.id":  "/redfish/v1/Storage/AC-109032/StoragePools/Default/Volumes/DS9HyperVReplica/SnapShots/042b4bd8361b856bbc0000000000000020000399ed"
                    },
                    {
                        "@odata.id":  "/redfish/v1/Storage/AC-109032/StoragePools/Default/Volumes/DS9HyperVReplica/SnapShots/042b4bd8361b856bbc00000000000000200003b5bb"
                    },
                    {
                        "@odata.id":  "/redfish/v1/Storage/AC-109032/StoragePools/Default/Volumes/DS9HyperVReplica/SnapShots/042b4bd8361b856bbc00000000000000200003bbf5"
                    },
                    {
                        "@odata.id":  "/redfish/v1/Storage/AC-109032/StoragePools/Default/Volumes/DS9HyperVReplica/SnapShots/042b4bd8361b856bbc00000000000000200003bd49"
                    },
                    {
                        "@odata.id":  "/redfish/v1/Storage/AC-109032/StoragePools/Default/Volumes/DS9HyperVReplica/SnapShots/042b4bd8361b856bbc00000000000000200003a0a7"
                    },
                    {
                        "@odata.id":  "/redfish/v1/Storage/AC-109032/StoragePools/Default/Volumes/DS9HyperVReplica/SnapShots/042b4bd8361b856bbc00000000000000200003a2dd"
                    }
                ]
}