{
    "@Redfish.Copyright":  "Copyright 2014-2016 HPE and DMTF",
    "@odata.id":  "/redfish/v1/Fabrics/AC-109032/Zones/management",
    "@odata.type":  "#Zones.v1_2_0.Zones",
    "Name":  "management",
    "id":  "1a2b4bd8361b856bbc000000000000000000000001",
    "Description":  "Target EndpointGroup (Zone) for subnet named management",
    "GroupType":  "Target",
    "Endpoints@odata.count":  1,
    "Connections@odata.count":  0,
    "Endpoints":  [
                      {
                          "@odata.id":  "/redfish/v1/Fabrics/AC-109032/Endpoints/active-eth1"
                      }
                  ],
    "Connections":  [

                    ]
}