{
    "@Redfish.Copyright":  "Copyright 2014-2016 Distributed Management Task Force, Inc. (DMTF). For the full DMTF copyright policy, see http://www.dmtf.org/about/policies/copyright.",
    "@odata.context":  "/redfish/v1/$metadata#Volumes/AC-109032/Volumes/DS9CSV/Snapshots",
    "@odata.id":  "/redfish/v1//StorageSystems/AC-109032/Volumes/DS9CSV/Snapshots",
    "@odata.type":  "#SnapshotsCollection.v1_0_0.SnapshotsCollection",
    "Name":  "NimbleSnapshotCollection",
    "Members@odata.count":  64,
    "Members":  [
                    {
                        "@odata.id":  "/redfish/v1/StorageSystems/AC-109032/Volumes/DS9CSV/SnapShots/042b4bd8361b856bbc000000000000001d0002d9a7"
                    },
                    {
                        "@odata.id":  "/redfish/v1/StorageSystems/AC-109032/Volumes/DS9CSV/SnapShots/042b4bd8361b856bbc000000000000001d0002d956"
                    },
                    {
                        "@odata.id":  "/redfish/v1/StorageSystems/AC-109032/Volumes/DS9CSV/SnapShots/042b4bd8361b856bbc000000000000001d0002d905"
                    },
                    {
                        "@odata.id":  "/redfish/v1/StorageSystems/AC-109032/Volumes/DS9CSV/SnapShots/042b4bd8361b856bbc000000000000001d0002d8b5"
                    },
                    {
                        "@odata.id":  "/redfish/v1/StorageSystems/AC-109032/Volumes/DS9CSV/SnapShots/042b4bd8361b856bbc000000000000001d0002d864"
                    },
                    {
                        "@odata.id":  "/redfish/v1/StorageSystems/AC-109032/Volumes/DS9CSV/SnapShots/042b4bd8361b856bbc000000000000001d0002d813"
                    },
                    {
                        "@odata.id":  "/redfish/v1/StorageSystems/AC-109032/Volumes/DS9CSV/SnapShots/042b4bd8361b856bbc000000000000001d0002d7c2"
                    },
                    {
                        "@odata.id":  "/redfish/v1/StorageSystems/AC-109032/Volumes/DS9CSV/SnapShots/042b4bd8361b856bbc000000000000001d0002d355"
                    },
                    {
                        "@odata.id":  "/redfish/v1/StorageSystems/AC-109032/Volumes/DS9CSV/SnapShots/042b4bd8361b856bbc000000000000001d0002d307"
                    },
                    {
                        "@odata.id":  "/redfish/v1/StorageSystems/AC-109032/Volumes/DS9CSV/SnapShots/042b4bd8361b856bbc000000000000001d0002d2b9"
                    },
                    {
                        "@odata.id":  "/redfish/v1/StorageSystems/AC-109032/Volumes/DS9CSV/SnapShots/042b4bd8361b856bbc000000000000001d0002d26b"
                    },
                    {
                        "@odata.id":  "/redfish/v1/StorageSystems/AC-109032/Volumes/DS9CSV/SnapShots/042b4bd8361b856bbc000000000000001d0002d21d"
                    },
                    {
                        "@odata.id":  "/redfish/v1/StorageSystems/AC-109032/Volumes/DS9CSV/SnapShots/042b4bd8361b856bbc000000000000001d0002d1cf"
                    },
                    {
                        "@odata.id":  "/redfish/v1/StorageSystems/AC-109032/Volumes/DS9CSV/SnapShots/042b4bd8361b856bbc000000000000001d0002d181"
                    },
                    {
                        "@odata.id":  "/redfish/v1/StorageSystems/AC-109032/Volumes/DS9CSV/SnapShots/042b4bd8361b856bbc000000000000001d0002d133"
                    },
                    {
                        "@odata.id":  "/redfish/v1/StorageSystems/AC-109032/Volumes/DS9CSV/SnapShots/042b4bd8361b856bbc000000000000001d0002d0e5"
                    },
                    {
                        "@odata.id":  "/redfish/v1/StorageSystems/AC-109032/Volumes/DS9CSV/SnapShots/042b4bd8361b856bbc000000000000001d0002d097"
                    },
                    {
                        "@odata.id":  "/redfish/v1/StorageSystems/AC-109032/Volumes/DS9CSV/SnapShots/042b4bd8361b856bbc000000000000001d00003f1b"
                    },
                    {
                        "@odata.id":  "/redfish/v1/StorageSystems/AC-109032/Volumes/DS9CSV/SnapShots/042b4bd8361b856bbc000000000000001d00003f2a"
                    },
                    {
                        "@odata.id":  "/redfish/v1/StorageSystems/AC-109032/Volumes/DS9CSV/SnapShots/042b4bd8361b856bbc000000000000001d00003f20"
                    },
                    {
                        "@odata.id":  "/redfish/v1/StorageSystems/AC-109032/Volumes/DS9CSV/SnapShots/042b4bd8361b856bbc000000000000001d000072c8"
                    },
                    {
                        "@odata.id":  "/redfish/v1/StorageSystems/AC-109032/Volumes/DS9CSV/SnapShots/042b4bd8361b856bbc000000000000001d00013d3d"
                    },
                    {
                        "@odata.id":  "/redfish/v1/StorageSystems/AC-109032/Volumes/DS9CSV/SnapShots/042b4bd8361b856bbc000000000000001d0002b136"
                    },
                    {
                        "@odata.id":  "/redfish/v1/StorageSystems/AC-109032/Volumes/DS9CSV/SnapShots/042b4bd8361b856bbc000000000000001d0002b186"
                    },
                    {
                        "@odata.id":  "/redfish/v1/StorageSystems/AC-109032/Volumes/DS9CSV/SnapShots/042b4bd8361b856bbc000000000000001d00010d6e"
                    },
                    {
                        "@odata.id":  "/redfish/v1/StorageSystems/AC-109032/Volumes/DS9CSV/SnapShots/042b4bd8361b856bbc000000000000001d0000ddbf"
                    },
                    {
                        "@odata.id":  "/redfish/v1/StorageSystems/AC-109032/Volumes/DS9CSV/SnapShots/042b4bd8361b856bbc000000000000001d000093e0"
                    },
                    {
                        "@odata.id":  "/redfish/v1/StorageSystems/AC-109032/Volumes/DS9CSV/SnapShots/042b4bd8361b856bbc000000000000001d0002cba9"
                    },
                    {
                        "@odata.id":  "/redfish/v1/StorageSystems/AC-109032/Volumes/DS9CSV/SnapShots/042b4bd8361b856bbc000000000000001d0002b0e5"
                    },
                    {
                        "@odata.id":  "/redfish/v1/StorageSystems/AC-109032/Volumes/DS9CSV/SnapShots/042b4bd8361b856bbc000000000000001d0002c558"
                    },
                    {
                        "@odata.id":  "/redfish/v1/StorageSystems/AC-109032/Volumes/DS9CSV/SnapShots/042b4bd8361b856bbc000000000000001d0002ca5a"
                    },
                    {
                        "@odata.id":  "/redfish/v1/StorageSystems/AC-109032/Volumes/DS9CSV/SnapShots/042b4bd8361b856bbc000000000000001d0002ba8b"
                    },
                    {
                        "@odata.id":  "/redfish/v1/StorageSystems/AC-109032/Volumes/DS9CSV/SnapShots/042b4bd8361b856bbc000000000000001d00016cec"
                    },
                    {
                        "@odata.id":  "/redfish/v1/StorageSystems/AC-109032/Volumes/DS9CSV/SnapShots/042b4bd8361b856bbc000000000000001d00025b2d"
                    },
                    {
                        "@odata.id":  "/redfish/v1/StorageSystems/AC-109032/Volumes/DS9CSV/SnapShots/042b4bd8361b856bbc000000000000001d0001cc4a"
                    },
                    {
                        "@odata.id":  "/redfish/v1/StorageSystems/AC-109032/Volumes/DS9CSV/SnapShots/042b4bd8361b856bbc000000000000001d0002cb66"
                    },
                    {
                        "@odata.id":  "/redfish/v1/StorageSystems/AC-109032/Volumes/DS9CSV/SnapShots/042b4bd8361b856bbc000000000000001d00019c9b"
                    },
                    {
                        "@odata.id":  "/redfish/v1/StorageSystems/AC-109032/Volumes/DS9CSV/SnapShots/042b4bd8361b856bbc000000000000001d0002b094"
                    },
                    {
                        "@odata.id":  "/redfish/v1/StorageSystems/AC-109032/Volumes/DS9CSV/SnapShots/042b4bd8361b856bbc000000000000001d0002ca17"
                    },
                    {
                        "@odata.id":  "/redfish/v1/StorageSystems/AC-109032/Volumes/DS9CSV/SnapShots/042b4bd8361b856bbc000000000000001d00022bc0"
                    },
                    {
                        "@odata.id":  "/redfish/v1/StorageSystems/AC-109032/Volumes/DS9CSV/SnapShots/042b4bd8361b856bbc000000000000001d0002b044"
                    },
                    {
                        "@odata.id":  "/redfish/v1/StorageSystems/AC-109032/Volumes/DS9CSV/SnapShots/042b4bd8361b856bbc000000000000001d00028adc"
                    },
                    {
                        "@odata.id":  "/redfish/v1/StorageSystems/AC-109032/Volumes/DS9CSV/SnapShots/042b4bd8361b856bbc000000000000001d0002c420"
                    },
                    {
                        "@odata.id":  "/redfish/v1/StorageSystems/AC-109032/Volumes/DS9CSV/SnapShots/042b4bd8361b856bbc000000000000001d0002c5f4"
                    },
                    {
                        "@odata.id":  "/redfish/v1/StorageSystems/AC-109032/Volumes/DS9CSV/SnapShots/042b4bd8361b856bbc000000000000001d0002cc72"
                    },
                    {
                        "@odata.id":  "/redfish/v1/StorageSystems/AC-109032/Volumes/DS9CSV/SnapShots/042b4bd8361b856bbc000000000000001d0001fbf9"
                    },
                    {
                        "@odata.id":  "/redfish/v1/StorageSystems/AC-109032/Volumes/DS9CSV/SnapShots/042b4bd8361b856bbc000000000000001d0002cae0"
                    },
                    {
                        "@odata.id":  "/redfish/v1/StorageSystems/AC-109032/Volumes/DS9CSV/SnapShots/042b4bd8361b856bbc000000000000001d0002c4bc"
                    },
                    {
                        "@odata.id":  "/redfish/v1/StorageSystems/AC-109032/Volumes/DS9CSV/SnapShots/042b4bd8361b856bbc000000000000001d0002aff3"
                    },
                    {
                        "@odata.id":  "/redfish/v1/StorageSystems/AC-109032/Volumes/DS9CSV/SnapShots/042b4bd8361b856bbc000000000000001d0002c50a"
                    },
                    {
                        "@odata.id":  "/redfish/v1/StorageSystems/AC-109032/Volumes/DS9CSV/SnapShots/042b4bd8361b856bbc000000000000001d0002cb23"
                    },
                    {
                        "@odata.id":  "/redfish/v1/StorageSystems/AC-109032/Volumes/DS9CSV/SnapShots/042b4bd8361b856bbc000000000000001d0002c384"
                    },
                    {
                        "@odata.id":  "/redfish/v1/StorageSystems/AC-109032/Volumes/DS9CSV/SnapShots/042b4bd8361b856bbc000000000000001d0002cc2f"
                    },
                    {
                        "@odata.id":  "/redfish/v1/StorageSystems/AC-109032/Volumes/DS9CSV/SnapShots/042b4bd8361b856bbc000000000000001d0002afa2"
                    },
                    {
                        "@odata.id":  "/redfish/v1/StorageSystems/AC-109032/Volumes/DS9CSV/SnapShots/042b4bd8361b856bbc000000000000001d0002af51"
                    },
                    {
                        "@odata.id":  "/redfish/v1/StorageSystems/AC-109032/Volumes/DS9CSV/SnapShots/042b4bd8361b856bbc000000000000001d0002b222"
                    },
                    {
                        "@odata.id":  "/redfish/v1/StorageSystems/AC-109032/Volumes/DS9CSV/SnapShots/042b4bd8361b856bbc000000000000001d0002aae4"
                    },
                    {
                        "@odata.id":  "/redfish/v1/StorageSystems/AC-109032/Volumes/DS9CSV/SnapShots/042b4bd8361b856bbc000000000000001d0002b1d4"
                    },
                    {
                        "@odata.id":  "/redfish/v1/StorageSystems/AC-109032/Volumes/DS9CSV/SnapShots/042b4bd8361b856bbc000000000000001d0002c46e"
                    },
                    {
                        "@odata.id":  "/redfish/v1/StorageSystems/AC-109032/Volumes/DS9CSV/SnapShots/042b4bd8361b856bbc000000000000001d0002c3d2"
                    },
                    {
                        "@odata.id":  "/redfish/v1/StorageSystems/AC-109032/Volumes/DS9CSV/SnapShots/042b4bd8361b856bbc000000000000001d0002ca9d"
                    },
                    {
                        "@odata.id":  "/redfish/v1/StorageSystems/AC-109032/Volumes/DS9CSV/SnapShots/042b4bd8361b856bbc000000000000001d0002c336"
                    },
                    {
                        "@odata.id":  "/redfish/v1/StorageSystems/AC-109032/Volumes/DS9CSV/SnapShots/042b4bd8361b856bbc000000000000001d0002cbec"
                    },
                    {
                        "@odata.id":  "/redfish/v1/StorageSystems/AC-109032/Volumes/DS9CSV/SnapShots/042b4bd8361b856bbc000000000000001d0002c5a6"
                    }
                ]
}