{
    "@Redfish.Copyright":  "Copyright 2014-2016 Distributed Management Task Force, Inc. (DMTF). For the full DMTF copyright policy, see http://www.dmtf.org/about/policies/copyright.",
    "@odata.id":  "/redfish/v1/Chassis",
    "Members@odata.count":  null,
    "name":  "Chassis Collection",
    "@odata.context":  "/redfish/v1/$metadata#ChassisCollection",
    "Members":  {
                    "@odata.id":  "/redfish/v1/Chassis/AC-109032"
                },
    "@odata.type":  "#ChassisCollection.ChassisCollection"
}