{
    "@Redfish.Copyright":  "Copyright 2014-2016 Distributed Management Task Force, Inc. (DMTF). For the full DMTF copyright policy, see http://www.dmtf.org/about/policies/copyright.",
    "@odata.id":  "/redfish/v1/StorageSystems/AC-109032/Volumes/Crypt-Port/Snapshots/042b4bd8361b856bbc00000000000000030002eebd",
    "@odata.type":  "#Volume.v1_4_0.Volume",
    "Id":  "042b4bd8361b856bbc00000000000000030002eebd",
    "Name":  "Crypt-Schedule-new-2020-04-05::17:00:00.000",
    "Description":  "Created by protection policy Crypt schedule Schedule-new",
    "Capacity":  {
                     "AllocatedBytes":  2251799813685248
                 },
    "Status":  {
                   "State":  "StandbyOffline",
                   "Health":  "Warning"
               },
    "BlockSizeBytes":  4096,
    "MaxBlockSizeBytes":  4096,
    "OptimumIOSizeBytes":  4096,
    "Manufacturer":  "HPENimbleStorage",
    "Encrypted":  "false",
    "EncryptionTypes":  "ControllerAssisted",
    "ProvisioningPolicy":  "thin",
    "Compressed":  "true",
    "Deduplicated":  false,
    "DisplayName":  "default:/Crypt-Port+Crypt-Schedule-new-2020-04-05::17:00:00.000",
    "LowSpaceWarningThresholdPercents":  80,
    "VolumeType":  "Snapshot",
    "VolumeUsageType":  "Data",
    "ReadCachePolicyType":  "AdaptiveReadAhead",
    "WriteCacheState":  "Enabled",
    "WriteCachePolicyType":  "ProtectedWriteBack",
    "WriteCacheStateType":  "Protected",
    "WriteHoleProtectionPolicyType":  "Journaling",
    "CapacitySources":  [
                            {
                                "ProvidingVolumes":  {
                                                         "Volumes":  [
                                                                         {
                                                                             "@odata.id":  "/redfish/v1/StorageSystems/AC-109032/Volumes/Crypt-Port"
                                                                         }
                                                                     ]
                                                     },
                                "ProvidedCapacity":  {
                                                         "AllocatedCapacity":  100,
                                                         "ConsumedBytes":  null
                                                     }
                            }
                        ],
    "Identifiers":  [
                        {
                            "Manufacturer":  "NimbleStorage"
                        },
                        {
                            "DurableName":  "042b4bd8361b856bbc00000000000000030002eebd",
                            "DurableNameFormat":  "UUID"
                        },
                        {
                            "DurableName":  "5925899c4bf978b0",
                            "DurableNameFormat":  "vpd_ieee0"
                        },
                        {
                            "DurableName":  "6c9ce9008ab3ce30",
                            "DurableNameFormat":  "vpd_ieee1"
                        },
                        {
                            "DurableName":  "Nimble  5925899c4bf978b06c9ce9008ab3ce30",
                            "DurableNameFormat":  "vpd_t10"
                        },
                        {
                            "DurableName":  "iqn.2007-11.com.nimblestorage:crypt-port-crypt-schedule-new-2020-04-05::17:00:00.000-v2b4bd8361b856bbc.00000002.30ceb38a.s2b4bd8361b856bbc.00000003.0002eebd",
                            "DurableNameFormat":  "iqn"
                        }
                    ],
    "ConsistencyGroup":  "/redfish/v1/StorageSystems/AC-109032/ConsistencyGroup/Crypt"
}