{
    "@odata.context":  "/redfish/v1/$metadata#Endpoint.Endpoint",
    "@odata.id":  "/redfish/v1/StorageServices/S1/Endpoints/B1",
    "@odata.type":  "#Endpoint.v1_3_0.Endpoint",
    "Name":  "B1",
    "Description":  "This instance represents a port",
    "Status":  {
                   "State":  "Enabled",
                   "Health":  "OK"
               },
    "Identifiers":  [
                        {
                            "DurableName":  "B1",
                            "DurableNameFormat":  "NAA"
                        }
                    ],
    "Id":  "B1"
}