{
    "@Redfish.Copyright":  "Copyright 2014-2016 Distributed Management Task Force, Inc. (DMTF). For the full DMTF copyright policy, see http://www.dmtf.org/about/policies/copyright.",
    "@odata.id":  "/redfish/v1/Storage/AC-109032/StoragePools",
    "@odata.type":  "#StoragePoolCollection.StoragePoolCollection",
    "Name":  "NimblePoolCollection",
    "Members@odata.count":  null,
    "Members":  [
                    {
                        "@odata.id":  "/redfish/v1/Storage/AC-109032/StoragePools/default"
                    }
                ]
}