{
    "@Redfish.Copyright":  "Copyright 2014-2016 Distributed Management Task Force, Inc. (DMTF). For the full DMTF copyright policy, see http://www.dmtf.org/about/policies/copyright.",
    "@odata.id":  "/redfish/v1/AccountService/Accounts/admin",
    "@odata.type":  "#ManagerAccount.v1_5_0.ManagerAccount",
    "Name":  "Administrator",
    "Username":  "admin",
    "Id":  "102b4bd8361b856bbc000000000000000000000001",
    "Description":  "Administrator",
    "RoleId":  "administrator",
    "Status":  {
                   "State":  "Enabled",
                   "Health":  "OK"
               },
    "Links":  {
                  "Role":  {
                               "@odata.id":  "/redfish/v1/AccountService/Roles/administrator"
                           }
              }
}