{
    "@Redfish.Copyright":  "Copyright 2014-2016 Distributed Management Task Force, Inc. (DMTF). For the full DMTF copyright policy, see http://www.dmtf.org/about/policies/copyright.",
    "@odata.context":  "/redfish/v1/$metadata#Volumes/AC-109032/Volumes/Crypt-Port/Snapshots",
    "@odata.id":  "/redfish/v1//StorageSystems/AC-109032/Volumes/Crypt-Port/Snapshots",
    "@odata.type":  "#SnapshotsCollection.1_0_0.SnapshotsCollection",
    "Name":  "NimbleSnapshotCollection",
    "Members@odata.count":  49,
    "Members":  [
                    {
                        "@odata.id":  "/redfish/v1/StorageSystems/AC-109032/Volumes/Crypt-Port/SnapShots/042b4bd8361b856bbc0000000000000003000294bc"
                    },
                    {
                        "@odata.id":  "/redfish/v1/StorageSystems/AC-109032/Volumes/Crypt-Port/SnapShots/042b4bd8361b856bbc00000000000000030002946e"
                    },
                    {
                        "@odata.id":  "/redfish/v1/StorageSystems/AC-109032/Volumes/Crypt-Port/SnapShots/042b4bd8361b856bbc000000000000000300029420"
                    },
                    {
                        "@odata.id":  "/redfish/v1/StorageSystems/AC-109032/Volumes/Crypt-Port/SnapShots/042b4bd8361b856bbc0000000000000003000293d2"
                    },
                    {
                        "@odata.id":  "/redfish/v1/StorageSystems/AC-109032/Volumes/Crypt-Port/SnapShots/042b4bd8361b856bbc000000000000000300029384"
                    },
                    {
                        "@odata.id":  "/redfish/v1/StorageSystems/AC-109032/Volumes/Crypt-Port/SnapShots/042b4bd8361b856bbc000000000000000300029028"
                    },
                    {
                        "@odata.id":  "/redfish/v1/StorageSystems/AC-109032/Volumes/Crypt-Port/SnapShots/042b4bd8361b856bbc000000000000000300028fe5"
                    },
                    {
                        "@odata.id":  "/redfish/v1/StorageSystems/AC-109032/Volumes/Crypt-Port/SnapShots/042b4bd8361b856bbc000000000000000300028fa2"
                    },
                    {
                        "@odata.id":  "/redfish/v1/StorageSystems/AC-109032/Volumes/Crypt-Port/SnapShots/042b4bd8361b856bbc000000000000000300028f5f"
                    },
                    {
                        "@odata.id":  "/redfish/v1/StorageSystems/AC-109032/Volumes/Crypt-Port/SnapShots/042b4bd8361b856bbc000000000000000300028f1c"
                    },
                    {
                        "@odata.id":  "/redfish/v1/StorageSystems/AC-109032/Volumes/Crypt-Port/SnapShots/042b4bd8361b856bbc000000000000000300028ed9"
                    },
                    {
                        "@odata.id":  "/redfish/v1/StorageSystems/AC-109032/Volumes/Crypt-Port/SnapShots/042b4bd8361b856bbc000000000000000300028e94"
                    },
                    {
                        "@odata.id":  "/redfish/v1/StorageSystems/AC-109032/Volumes/Crypt-Port/SnapShots/042b4bd8361b856bbc000000000000000300028e4e"
                    },
                    {
                        "@odata.id":  "/redfish/v1/StorageSystems/AC-109032/Volumes/Crypt-Port/SnapShots/042b4bd8361b856bbc000000000000000300028e08"
                    },
                    {
                        "@odata.id":  "/redfish/v1/StorageSystems/AC-109032/Volumes/Crypt-Port/SnapShots/042b4bd8361b856bbc000000000000000300028dc3"
                    },
                    {
                        "@odata.id":  "/redfish/v1/StorageSystems/AC-109032/Volumes/Crypt-Port/SnapShots/042b4bd8361b856bbc000000000000000300028d7d"
                    },
                    {
                        "@odata.id":  "/redfish/v1/StorageSystems/AC-109032/Volumes/Crypt-Port/SnapShots/042b4bd8361b856bbc000000000000000300028d37"
                    },
                    {
                        "@odata.id":  "/redfish/v1/StorageSystems/AC-109032/Volumes/Crypt-Port/SnapShots/042b4bd8361b856bbc000000000000000300028cf1"
                    },
                    {
                        "@odata.id":  "/redfish/v1/StorageSystems/AC-109032/Volumes/Crypt-Port/SnapShots/042b4bd8361b856bbc0000000000000003000289d1"
                    },
                    {
                        "@odata.id":  "/redfish/v1/StorageSystems/AC-109032/Volumes/Crypt-Port/SnapShots/042b4bd8361b856bbc00000000000000030002898e"
                    },
                    {
                        "@odata.id":  "/redfish/v1/StorageSystems/AC-109032/Volumes/Crypt-Port/SnapShots/042b4bd8361b856bbc00000000000000030002894b"
                    },
                    {
                        "@odata.id":  "/redfish/v1/StorageSystems/AC-109032/Volumes/Crypt-Port/SnapShots/042b4bd8361b856bbc000000000000000300028908"
                    },
                    {
                        "@odata.id":  "/redfish/v1/StorageSystems/AC-109032/Volumes/Crypt-Port/SnapShots/042b4bd8361b856bbc0000000000000003000288c5"
                    },
                    {
                        "@odata.id":  "/redfish/v1/StorageSystems/AC-109032/Volumes/Crypt-Port/SnapShots/042b4bd8361b856bbc000000000000000300028882"
                    },
                    {
                        "@odata.id":  "/redfish/v1/StorageSystems/AC-109032/Volumes/Crypt-Port/SnapShots/042b4bd8361b856bbc00000000000000030002883d"
                    },
                    {
                        "@odata.id":  "/redfish/v1/StorageSystems/AC-109032/Volumes/Crypt-Port/SnapShots/042b4bd8361b856bbc0000000000000003000287f7"
                    },
                    {
                        "@odata.id":  "/redfish/v1/StorageSystems/AC-109032/Volumes/Crypt-Port/SnapShots/042b4bd8361b856bbc0000000000000003000287b1"
                    },
                    {
                        "@odata.id":  "/redfish/v1/StorageSystems/AC-109032/Volumes/Crypt-Port/SnapShots/042b4bd8361b856bbc00000000000000030002876c"
                    },
                    {
                        "@odata.id":  "/redfish/v1/StorageSystems/AC-109032/Volumes/Crypt-Port/SnapShots/042b4bd8361b856bbc000000000000000300028726"
                    },
                    {
                        "@odata.id":  "/redfish/v1/StorageSystems/AC-109032/Volumes/Crypt-Port/SnapShots/042b4bd8361b856bbc0000000000000003000286e0"
                    },
                    {
                        "@odata.id":  "/redfish/v1/StorageSystems/AC-109032/Volumes/Crypt-Port/SnapShots/042b4bd8361b856bbc00000000000000030002869a"
                    },
                    {
                        "@odata.id":  "/redfish/v1/StorageSystems/AC-109032/Volumes/Crypt-Port/SnapShots/042b4bd8361b856bbc00000000000000030002835a"
                    },
                    {
                        "@odata.id":  "/redfish/v1/StorageSystems/AC-109032/Volumes/Crypt-Port/SnapShots/042b4bd8361b856bbc00000000000000030002830c"
                    },
                    {
                        "@odata.id":  "/redfish/v1/StorageSystems/AC-109032/Volumes/Crypt-Port/SnapShots/042b4bd8361b856bbc0000000000000003000282be"
                    },
                    {
                        "@odata.id":  "/redfish/v1/StorageSystems/AC-109032/Volumes/Crypt-Port/SnapShots/042b4bd8361b856bbc000000000000000300028270"
                    },
                    {
                        "@odata.id":  "/redfish/v1/StorageSystems/AC-109032/Volumes/Crypt-Port/SnapShots/042b4bd8361b856bbc000000000000000300028222"
                    },
                    {
                        "@odata.id":  "/redfish/v1/StorageSystems/AC-109032/Volumes/Crypt-Port/SnapShots/042b4bd8361b856bbc0000000000000003000281d4"
                    },
                    {
                        "@odata.id":  "/redfish/v1/StorageSystems/AC-109032/Volumes/Crypt-Port/SnapShots/042b4bd8361b856bbc000000000000000300028184"
                    },
                    {
                        "@odata.id":  "/redfish/v1/StorageSystems/AC-109032/Volumes/Crypt-Port/SnapShots/042b4bd8361b856bbc000000000000000300028133"
                    },
                    {
                        "@odata.id":  "/redfish/v1/StorageSystems/AC-109032/Volumes/Crypt-Port/SnapShots/042b4bd8361b856bbc0000000000000003000280e2"
                    },
                    {
                        "@odata.id":  "/redfish/v1/StorageSystems/AC-109032/Volumes/Crypt-Port/SnapShots/042b4bd8361b856bbc000000000000000300028092"
                    },
                    {
                        "@odata.id":  "/redfish/v1/StorageSystems/AC-109032/Volumes/Crypt-Port/SnapShots/042b4bd8361b856bbc000000000000000300028041"
                    },
                    {
                        "@odata.id":  "/redfish/v1/StorageSystems/AC-109032/Volumes/Crypt-Port/SnapShots/042b4bd8361b856bbc000000000000000300027ff0"
                    },
                    {
                        "@odata.id":  "/redfish/v1/StorageSystems/AC-109032/Volumes/Crypt-Port/SnapShots/042b4bd8361b856bbc000000000000000300027f9f"
                    },
                    {
                        "@odata.id":  "/redfish/v1/StorageSystems/AC-109032/Volumes/Crypt-Port/SnapShots/042b4bd8361b856bbc000000000000000300027c1c"
                    },
                    {
                        "@odata.id":  "/redfish/v1/StorageSystems/AC-109032/Volumes/Crypt-Port/SnapShots/042b4bd8361b856bbc000000000000000300027bce"
                    },
                    {
                        "@odata.id":  "/redfish/v1/StorageSystems/AC-109032/Volumes/Crypt-Port/SnapShots/042b4bd8361b856bbc000000000000000300027b80"
                    },
                    {
                        "@odata.id":  "/redfish/v1/StorageSystems/AC-109032/Volumes/Crypt-Port/SnapShots/042b4bd8361b856bbc000000000000000300027b32"
                    },
                    {
                        "@odata.id":  "/redfish/v1/StorageSystems/AC-109032/Volumes/Crypt-Port/SnapShots/042b4bd8361b856bbc000000000000000300000ada"
                    }
                ]
}