{
    "@Redfish.Copyright":  "Copyright 2014-2016 Distributed Management Task Force, Inc. (DMTF). For the full DMTF copyright policy, see http://www.dmtf.org/about/policies/copyright.",
    "@odata.context":  "/redfish/v1/$metadata#AccountService.AccountService",
    "@odata.id":  "/redfish/v1/AccountService",
    "@odata.type":  "#AccountService.AccountService",
    "Name":  "Account Service",
    "Accounts":  {
                     "@odata.id":  "/redfish/v1/AccountService/Accounts"
                 },
    "Roles":  {
                  "@odata.id":  "/redfish/v1/AccountService/Roles"
              }
}