{
    "@Redfish.Copyright":  "Copyright 2014-2016 HPE and DMTF",
    "@odata.id":  "/redfish/v1/Storage/AC-109032/StoragePools/Default/Volumes/DS9CSV/Snapshots/042b4bd8361b856bbc000000000000001d0001fbf9",
    "@odata.type":  "#Volume.v1_4_0.Volume",
    "Id":  "042b4bd8361b856bbc000000000000001d0001fbf9",
    "Name":  "2016-Hyper-V-WeeklySnapshot-2020-03-01::00:00:00.000",
    "Description":  "Created by protection policy 2016-Hyper-V schedule WeeklySnapshot",
    "Capacity":  {
                     "AllocatedBytes":  1099511627776000
                 },
    "Status":  {
                   "State":  "StandbyOffline",
                   "Health":  "Warning"
               },
    "BlockSizeBytes":  4096,
    "MaxBlockSizeBytes":  4096,
    "OptimumIOSizeBytes":  4096,
    "Manufacturer":  "HPENimbleStorage",
    "Encrypted":  "false",
    "EncryptionTypes":  "ControllerAssisted",
    "ProvisioningPolicy":  "thin",
    "Compressed":  "true",
    "Deduplicated":  false,
    "DisplayName":  "default:/DS9CSV+2016-Hyper-V-WeeklySnapshot-2020-03-01::00:00:00.000",
    "LowSpaceWarningThresholdPercents":  80,
    "VolumeType":  "Snapshot",
    "VolumeUsageType":  "Data",
    "ReadCachePolicyType":  "AdaptiveReadAhead",
    "WriteCacheState":  "Enabled",
    "WriteCachePolicyType":  "ProtectedWriteBack",
    "WriteCacheStateType":  "Protected",
    "WriteHoleProtectionPolicyType":  "Journaling",
    "CapacitySources":  [
                            {
                                "ProvidingVolumes":  {
                                                         "Volumes":  [
                                                                         {
                                                                             "@odata.id":  "/redfish/v1/Storage/AC-109032/StoragePools/Default/Volumes/DS9CSV"
                                                                         }
                                                                     ]
                                                     },
                                "ProvidedCapacity":  {
                                                         "AllocatedCapacity":  100,
                                                         "ConsumedBytes":  null
                                                     }
                            }
                        ],
    "Identifiers":  [
                        {
                            "Manufacturer":  "NimbleStorage"
                        },
                        {
                            "DurableName":  "042b4bd8361b856bbc000000000000001d0001fbf9",
                            "DurableNameFormat":  "UUID"
                        },
                        {
                            "DurableName":  "3ee67b1d836d920a",
                            "DurableNameFormat":  "vpd_ieee0"
                        },
                        {
                            "DurableName":  "6c9ce9008ab3ce30",
                            "DurableNameFormat":  "vpd_ieee1"
                        },
                        {
                            "DurableName":  "Nimble  3ee67b1d836d920a6c9ce9008ab3ce30",
                            "DurableNameFormat":  "vpd_t10"
                        },
                        {
                            "DurableName":  "iqn.2007-11.com.nimblestorage:ds9csv-2016-hyper-v-weeklysnapshot-2020-03-01::00:00:00.000-v2b4bd8361b856bbc.00000017.30ceb38a.s2b4bd8361b856bbc.0000001d.0001fbf9",
                            "DurableNameFormat":  "iqn"
                        }
                    ],
    "ConsistencyGroup":  "/redfish/v1/Storage/AC-109032/ConsistencyGroup/2016-Hyper-V"
}