{
    "@Redfish.Copyright":  "Copyright 2014-2016 HPE and DMTF",
    "@odata.id":  "/redfish/v1//Storage/AC-109032/StoragePools/Default/Volumes/Crypt-Port/Snapshots",
    "@odata.type":  "#SnapshotsCollection.v1_0_0.SnapshotsCollection",
    "Name":  "NimbleSnapshotCollection",
    "Members@odata.count":  49,
    "Members":  [
                    {
                        "@odata.id":  "/redfish/v1/Storage/AC-109032/StoragePools/Default/Volumes/Crypt-Port/SnapShots/042b4bd8361b856bbc00000000000000030003c349"
                    },
                    {
                        "@odata.id":  "/redfish/v1/Storage/AC-109032/StoragePools/Default/Volumes/Crypt-Port/SnapShots/042b4bd8361b856bbc00000000000000030003c2fa"
                    },
                    {
                        "@odata.id":  "/redfish/v1/Storage/AC-109032/StoragePools/Default/Volumes/Crypt-Port/SnapShots/042b4bd8361b856bbc00000000000000030003c2ab"
                    },
                    {
                        "@odata.id":  "/redfish/v1/Storage/AC-109032/StoragePools/Default/Volumes/Crypt-Port/SnapShots/042b4bd8361b856bbc00000000000000030003c25c"
                    },
                    {
                        "@odata.id":  "/redfish/v1/Storage/AC-109032/StoragePools/Default/Volumes/Crypt-Port/SnapShots/042b4bd8361b856bbc00000000000000030003c20d"
                    },
                    {
                        "@odata.id":  "/redfish/v1/Storage/AC-109032/StoragePools/Default/Volumes/Crypt-Port/SnapShots/042b4bd8361b856bbc00000000000000030003c1be"
                    },
                    {
                        "@odata.id":  "/redfish/v1/Storage/AC-109032/StoragePools/Default/Volumes/Crypt-Port/SnapShots/042b4bd8361b856bbc000000000000000300000ada"
                    },
                    {
                        "@odata.id":  "/redfish/v1/Storage/AC-109032/StoragePools/Default/Volumes/Crypt-Port/SnapShots/042b4bd8361b856bbc00000000000000030003aff9"
                    },
                    {
                        "@odata.id":  "/redfish/v1/Storage/AC-109032/StoragePools/Default/Volumes/Crypt-Port/SnapShots/042b4bd8361b856bbc00000000000000030003b743"
                    },
                    {
                        "@odata.id":  "/redfish/v1/Storage/AC-109032/StoragePools/Default/Volumes/Crypt-Port/SnapShots/042b4bd8361b856bbc00000000000000030003ae57"
                    },
                    {
                        "@odata.id":  "/redfish/v1/Storage/AC-109032/StoragePools/Default/Volumes/Crypt-Port/SnapShots/042b4bd8361b856bbc00000000000000030003b569"
                    },
                    {
                        "@odata.id":  "/redfish/v1/Storage/AC-109032/StoragePools/Default/Volumes/Crypt-Port/SnapShots/042b4bd8361b856bbc00000000000000030003be12"
                    },
                    {
                        "@odata.id":  "/redfish/v1/Storage/AC-109032/StoragePools/Default/Volumes/Crypt-Port/SnapShots/042b4bd8361b856bbc00000000000000030003bdce"
                    },
                    {
                        "@odata.id":  "/redfish/v1/Storage/AC-109032/StoragePools/Default/Volumes/Crypt-Port/SnapShots/042b4bd8361b856bbc00000000000000030003afb5"
                    },
                    {
                        "@odata.id":  "/redfish/v1/Storage/AC-109032/StoragePools/Default/Volumes/Crypt-Port/SnapShots/042b4bd8361b856bbc00000000000000030003b51a"
                    },
                    {
                        "@odata.id":  "/redfish/v1/Storage/AC-109032/StoragePools/Default/Volumes/Crypt-Port/SnapShots/042b4bd8361b856bbc00000000000000030003b6f4"
                    },
                    {
                        "@odata.id":  "/redfish/v1/Storage/AC-109032/StoragePools/Default/Volumes/Crypt-Port/SnapShots/042b4bd8361b856bbc00000000000000030003b6a5"
                    },
                    {
                        "@odata.id":  "/redfish/v1/Storage/AC-109032/StoragePools/Default/Volumes/Crypt-Port/SnapShots/042b4bd8361b856bbc00000000000000030003aa12"
                    },
                    {
                        "@odata.id":  "/redfish/v1/Storage/AC-109032/StoragePools/Default/Volumes/Crypt-Port/SnapShots/042b4bd8361b856bbc00000000000000030003a9ce"
                    },
                    {
                        "@odata.id":  "/redfish/v1/Storage/AC-109032/StoragePools/Default/Volumes/Crypt-Port/SnapShots/042b4bd8361b856bbc00000000000000030003ae10"
                    },
                    {
                        "@odata.id":  "/redfish/v1/Storage/AC-109032/StoragePools/Default/Volumes/Crypt-Port/SnapShots/042b4bd8361b856bbc00000000000000030003bcbe"
                    },
                    {
                        "@odata.id":  "/redfish/v1/Storage/AC-109032/StoragePools/Default/Volumes/Crypt-Port/SnapShots/042b4bd8361b856bbc00000000000000030003b0c5"
                    },
                    {
                        "@odata.id":  "/redfish/v1/Storage/AC-109032/StoragePools/Default/Volumes/Crypt-Port/SnapShots/042b4bd8361b856bbc00000000000000030003bc7a"
                    },
                    {
                        "@odata.id":  "/redfish/v1/Storage/AC-109032/StoragePools/Default/Volumes/Crypt-Port/SnapShots/042b4bd8361b856bbc00000000000000030003ad82"
                    },
                    {
                        "@odata.id":  "/redfish/v1/Storage/AC-109032/StoragePools/Default/Volumes/Crypt-Port/SnapShots/042b4bd8361b856bbc00000000000000030003bbae"
                    },
                    {
                        "@odata.id":  "/redfish/v1/Storage/AC-109032/StoragePools/Default/Volumes/Crypt-Port/SnapShots/042b4bd8361b856bbc00000000000000030003bd02"
                    },
                    {
                        "@odata.id":  "/redfish/v1/Storage/AC-109032/StoragePools/Default/Volumes/Crypt-Port/SnapShots/042b4bd8361b856bbc00000000000000030003af71"
                    },
                    {
                        "@odata.id":  "/redfish/v1/Storage/AC-109032/StoragePools/Default/Volumes/Crypt-Port/SnapShots/042b4bd8361b856bbc00000000000000030003b4cb"
                    },
                    {
                        "@odata.id":  "/redfish/v1/Storage/AC-109032/StoragePools/Default/Volumes/Crypt-Port/SnapShots/042b4bd8361b856bbc00000000000000030003adc9"
                    },
                    {
                        "@odata.id":  "/redfish/v1/Storage/AC-109032/StoragePools/Default/Volumes/Crypt-Port/SnapShots/042b4bd8361b856bbc00000000000000030003b656"
                    },
                    {
                        "@odata.id":  "/redfish/v1/Storage/AC-109032/StoragePools/Default/Volumes/Crypt-Port/SnapShots/042b4bd8361b856bbc00000000000000030003bb6a"
                    },
                    {
                        "@odata.id":  "/redfish/v1/Storage/AC-109032/StoragePools/Default/Volumes/Crypt-Port/SnapShots/042b4bd8361b856bbc00000000000000030003af2b"
                    },
                    {
                        "@odata.id":  "/redfish/v1/Storage/AC-109032/StoragePools/Default/Volumes/Crypt-Port/SnapShots/042b4bd8361b856bbc00000000000000030003b42d"
                    },
                    {
                        "@odata.id":  "/redfish/v1/Storage/AC-109032/StoragePools/Default/Volumes/Crypt-Port/SnapShots/042b4bd8361b856bbc00000000000000030003b081"
                    },
                    {
                        "@odata.id":  "/redfish/v1/Storage/AC-109032/StoragePools/Default/Volumes/Crypt-Port/SnapShots/042b4bd8361b856bbc00000000000000030003bd8a"
                    },
                    {
                        "@odata.id":  "/redfish/v1/Storage/AC-109032/StoragePools/Default/Volumes/Crypt-Port/SnapShots/042b4bd8361b856bbc00000000000000030003bc36"
                    },
                    {
                        "@odata.id":  "/redfish/v1/Storage/AC-109032/StoragePools/Default/Volumes/Crypt-Port/SnapShots/042b4bd8361b856bbc00000000000000030003bb26"
                    },
                    {
                        "@odata.id":  "/redfish/v1/Storage/AC-109032/StoragePools/Default/Volumes/Crypt-Port/SnapShots/042b4bd8361b856bbc00000000000000030003b47c"
                    },
                    {
                        "@odata.id":  "/redfish/v1/Storage/AC-109032/StoragePools/Default/Volumes/Crypt-Port/SnapShots/042b4bd8361b856bbc00000000000000030003aee4"
                    },
                    {
                        "@odata.id":  "/redfish/v1/Storage/AC-109032/StoragePools/Default/Volumes/Crypt-Port/SnapShots/042b4bd8361b856bbc00000000000000030003b607"
                    },
                    {
                        "@odata.id":  "/redfish/v1/Storage/AC-109032/StoragePools/Default/Volumes/Crypt-Port/SnapShots/042b4bd8361b856bbc00000000000000030003b7e1"
                    },
                    {
                        "@odata.id":  "/redfish/v1/Storage/AC-109032/StoragePools/Default/Volumes/Crypt-Port/SnapShots/042b4bd8361b856bbc00000000000000030003b03d"
                    },
                    {
                        "@odata.id":  "/redfish/v1/Storage/AC-109032/StoragePools/Default/Volumes/Crypt-Port/SnapShots/042b4bd8361b856bbc00000000000000030003b792"
                    },
                    {
                        "@odata.id":  "/redfish/v1/Storage/AC-109032/StoragePools/Default/Volumes/Crypt-Port/SnapShots/042b4bd8361b856bbc00000000000000030003ae9d"
                    },
                    {
                        "@odata.id":  "/redfish/v1/Storage/AC-109032/StoragePools/Default/Volumes/Crypt-Port/SnapShots/042b4bd8361b856bbc00000000000000030003aa56"
                    },
                    {
                        "@odata.id":  "/redfish/v1/Storage/AC-109032/StoragePools/Default/Volumes/Crypt-Port/SnapShots/042b4bd8361b856bbc00000000000000030003bbf2"
                    },
                    {
                        "@odata.id":  "/redfish/v1/Storage/AC-109032/StoragePools/Default/Volumes/Crypt-Port/SnapShots/042b4bd8361b856bbc00000000000000030003bd46"
                    },
                    {
                        "@odata.id":  "/redfish/v1/Storage/AC-109032/StoragePools/Default/Volumes/Crypt-Port/SnapShots/042b4bd8361b856bbc00000000000000030003b5b8"
                    },
                    {
                        "@odata.id":  "/redfish/v1/Storage/AC-109032/StoragePools/Default/Volumes/Crypt-Port/SnapShots/042b4bd8361b856bbc00000000000000030003be56"
                    }
                ]
}