{
    "@Redfish.Copyright":  "Copyright 2014-2016 Distributed Management Task Force, Inc. (DMTF). For the full DMTF copyright policy, see http://www.dmtf.org/about/policies/copyright.",
    "@odata.context":  "/redfish/v1/$metadata#StorageSystems/AC-109032/StoragePools",
    "@odata.id":  "/redfish/v1/StorageSystems/AC-109032/StoragePools",
    "@odata.type":  "#StoragePoolsCollection_1_0_0.StoragePoolsCollection",
    "Name":  "NimblePoolCollection",
    "Members@odata.count":  null,
    "Members":  [
                    {
                        "@odata.id":  "/redfish/v1/StorageSystems/AC-109032/StoragePools/default"
                    }
                ]
}