{
    "@Redfish.Copyright":  "Copyright 2014-2016 Distributed Management Task Force, Inc. (DMTF). For the full DMTF copyright policy, see http://www.dmtf.org/about/policies/copyright.",
    "@odata.context":  "/redfish/v1/$metadata#Volumes/AC-109032/Volumes/DS9CSV/Snapshots",
    "@odata.id":  "/redfish/v1//StorageSystems/AC-109032/Volumes/DS9CSV/Snapshots",
    "@odata.type":  "#SnapshotsCollection.1_0_0.SnapshotsCollection",
    "Name":  "NimbleSnapshotCollection",
    "Members@odata.count":  64,
    "Members":  [
                    {
                        "@odata.id":  "/redfish/v1/StorageSystems/AC-109032/Volumes/DS9CSV/SnapShots/042b4bd8361b856bbc000000000000001d000294bf"
                    },
                    {
                        "@odata.id":  "/redfish/v1/StorageSystems/AC-109032/Volumes/DS9CSV/SnapShots/042b4bd8361b856bbc000000000000001d00029471"
                    },
                    {
                        "@odata.id":  "/redfish/v1/StorageSystems/AC-109032/Volumes/DS9CSV/SnapShots/042b4bd8361b856bbc000000000000001d00029423"
                    },
                    {
                        "@odata.id":  "/redfish/v1/StorageSystems/AC-109032/Volumes/DS9CSV/SnapShots/042b4bd8361b856bbc000000000000001d000293d5"
                    },
                    {
                        "@odata.id":  "/redfish/v1/StorageSystems/AC-109032/Volumes/DS9CSV/SnapShots/042b4bd8361b856bbc000000000000001d00029387"
                    },
                    {
                        "@odata.id":  "/redfish/v1/StorageSystems/AC-109032/Volumes/DS9CSV/SnapShots/042b4bd8361b856bbc000000000000001d00028adc"
                    },
                    {
                        "@odata.id":  "/redfish/v1/StorageSystems/AC-109032/Volumes/DS9CSV/SnapShots/042b4bd8361b856bbc000000000000001d00028273"
                    },
                    {
                        "@odata.id":  "/redfish/v1/StorageSystems/AC-109032/Volumes/DS9CSV/SnapShots/042b4bd8361b856bbc000000000000001d00028225"
                    },
                    {
                        "@odata.id":  "/redfish/v1/StorageSystems/AC-109032/Volumes/DS9CSV/SnapShots/042b4bd8361b856bbc000000000000001d000281d7"
                    },
                    {
                        "@odata.id":  "/redfish/v1/StorageSystems/AC-109032/Volumes/DS9CSV/SnapShots/042b4bd8361b856bbc000000000000001d00028187"
                    },
                    {
                        "@odata.id":  "/redfish/v1/StorageSystems/AC-109032/Volumes/DS9CSV/SnapShots/042b4bd8361b856bbc000000000000001d00028136"
                    },
                    {
                        "@odata.id":  "/redfish/v1/StorageSystems/AC-109032/Volumes/DS9CSV/SnapShots/042b4bd8361b856bbc000000000000001d000280e5"
                    },
                    {
                        "@odata.id":  "/redfish/v1/StorageSystems/AC-109032/Volumes/DS9CSV/SnapShots/042b4bd8361b856bbc000000000000001d00028095"
                    },
                    {
                        "@odata.id":  "/redfish/v1/StorageSystems/AC-109032/Volumes/DS9CSV/SnapShots/042b4bd8361b856bbc000000000000001d00028044"
                    },
                    {
                        "@odata.id":  "/redfish/v1/StorageSystems/AC-109032/Volumes/DS9CSV/SnapShots/042b4bd8361b856bbc000000000000001d00027ff3"
                    },
                    {
                        "@odata.id":  "/redfish/v1/StorageSystems/AC-109032/Volumes/DS9CSV/SnapShots/042b4bd8361b856bbc000000000000001d00027fa2"
                    },
                    {
                        "@odata.id":  "/redfish/v1/StorageSystems/AC-109032/Volumes/DS9CSV/SnapShots/042b4bd8361b856bbc000000000000001d00027b35"
                    },
                    {
                        "@odata.id":  "/redfish/v1/StorageSystems/AC-109032/Volumes/DS9CSV/SnapShots/042b4bd8361b856bbc000000000000001d00027ae7"
                    },
                    {
                        "@odata.id":  "/redfish/v1/StorageSystems/AC-109032/Volumes/DS9CSV/SnapShots/042b4bd8361b856bbc000000000000001d00027a99"
                    },
                    {
                        "@odata.id":  "/redfish/v1/StorageSystems/AC-109032/Volumes/DS9CSV/SnapShots/042b4bd8361b856bbc000000000000001d00027a49"
                    },
                    {
                        "@odata.id":  "/redfish/v1/StorageSystems/AC-109032/Volumes/DS9CSV/SnapShots/042b4bd8361b856bbc000000000000001d000279f8"
                    },
                    {
                        "@odata.id":  "/redfish/v1/StorageSystems/AC-109032/Volumes/DS9CSV/SnapShots/042b4bd8361b856bbc000000000000001d000279a7"
                    },
                    {
                        "@odata.id":  "/redfish/v1/StorageSystems/AC-109032/Volumes/DS9CSV/SnapShots/042b4bd8361b856bbc000000000000001d00027957"
                    },
                    {
                        "@odata.id":  "/redfish/v1/StorageSystems/AC-109032/Volumes/DS9CSV/SnapShots/042b4bd8361b856bbc000000000000001d00027906"
                    },
                    {
                        "@odata.id":  "/redfish/v1/StorageSystems/AC-109032/Volumes/DS9CSV/SnapShots/042b4bd8361b856bbc000000000000001d000278b5"
                    },
                    {
                        "@odata.id":  "/redfish/v1/StorageSystems/AC-109032/Volumes/DS9CSV/SnapShots/042b4bd8361b856bbc000000000000001d00027864"
                    },
                    {
                        "@odata.id":  "/redfish/v1/StorageSystems/AC-109032/Volumes/DS9CSV/SnapShots/042b4bd8361b856bbc000000000000001d000273f7"
                    },
                    {
                        "@odata.id":  "/redfish/v1/StorageSystems/AC-109032/Volumes/DS9CSV/SnapShots/042b4bd8361b856bbc000000000000001d000273a9"
                    },
                    {
                        "@odata.id":  "/redfish/v1/StorageSystems/AC-109032/Volumes/DS9CSV/SnapShots/042b4bd8361b856bbc000000000000001d0002735b"
                    },
                    {
                        "@odata.id":  "/redfish/v1/StorageSystems/AC-109032/Volumes/DS9CSV/SnapShots/042b4bd8361b856bbc000000000000001d0002730d"
                    },
                    {
                        "@odata.id":  "/redfish/v1/StorageSystems/AC-109032/Volumes/DS9CSV/SnapShots/042b4bd8361b856bbc000000000000001d000272bf"
                    },
                    {
                        "@odata.id":  "/redfish/v1/StorageSystems/AC-109032/Volumes/DS9CSV/SnapShots/042b4bd8361b856bbc000000000000001d00027271"
                    },
                    {
                        "@odata.id":  "/redfish/v1/StorageSystems/AC-109032/Volumes/DS9CSV/SnapShots/042b4bd8361b856bbc000000000000001d00027223"
                    },
                    {
                        "@odata.id":  "/redfish/v1/StorageSystems/AC-109032/Volumes/DS9CSV/SnapShots/042b4bd8361b856bbc000000000000001d000271d5"
                    },
                    {
                        "@odata.id":  "/redfish/v1/StorageSystems/AC-109032/Volumes/DS9CSV/SnapShots/042b4bd8361b856bbc000000000000001d00027187"
                    },
                    {
                        "@odata.id":  "/redfish/v1/StorageSystems/AC-109032/Volumes/DS9CSV/SnapShots/042b4bd8361b856bbc000000000000001d00027139"
                    },
                    {
                        "@odata.id":  "/redfish/v1/StorageSystems/AC-109032/Volumes/DS9CSV/SnapShots/042b4bd8361b856bbc000000000000001d00003f1b"
                    },
                    {
                        "@odata.id":  "/redfish/v1/StorageSystems/AC-109032/Volumes/DS9CSV/SnapShots/042b4bd8361b856bbc000000000000001d00003f2a"
                    },
                    {
                        "@odata.id":  "/redfish/v1/StorageSystems/AC-109032/Volumes/DS9CSV/SnapShots/042b4bd8361b856bbc000000000000001d00003f20"
                    },
                    {
                        "@odata.id":  "/redfish/v1/StorageSystems/AC-109032/Volumes/DS9CSV/SnapShots/042b4bd8361b856bbc000000000000001d00026648"
                    },
                    {
                        "@odata.id":  "/redfish/v1/StorageSystems/AC-109032/Volumes/DS9CSV/SnapShots/042b4bd8361b856bbc000000000000001d000072c8"
                    },
                    {
                        "@odata.id":  "/redfish/v1/StorageSystems/AC-109032/Volumes/DS9CSV/SnapShots/042b4bd8361b856bbc000000000000001d00013d3d"
                    },
                    {
                        "@odata.id":  "/redfish/v1/StorageSystems/AC-109032/Volumes/DS9CSV/SnapShots/042b4bd8361b856bbc000000000000001d00006ad5"
                    },
                    {
                        "@odata.id":  "/redfish/v1/StorageSystems/AC-109032/Volumes/DS9CSV/SnapShots/042b4bd8361b856bbc000000000000001d000265fa"
                    },
                    {
                        "@odata.id":  "/redfish/v1/StorageSystems/AC-109032/Volumes/DS9CSV/SnapShots/042b4bd8361b856bbc000000000000001d00026c4b"
                    },
                    {
                        "@odata.id":  "/redfish/v1/StorageSystems/AC-109032/Volumes/DS9CSV/SnapShots/042b4bd8361b856bbc000000000000001d00010d6e"
                    },
                    {
                        "@odata.id":  "/redfish/v1/StorageSystems/AC-109032/Volumes/DS9CSV/SnapShots/042b4bd8361b856bbc000000000000001d0000ddbf"
                    },
                    {
                        "@odata.id":  "/redfish/v1/StorageSystems/AC-109032/Volumes/DS9CSV/SnapShots/042b4bd8361b856bbc000000000000001d000093e0"
                    },
                    {
                        "@odata.id":  "/redfish/v1/StorageSystems/AC-109032/Volumes/DS9CSV/SnapShots/042b4bd8361b856bbc000000000000001d00026afc"
                    },
                    {
                        "@odata.id":  "/redfish/v1/StorageSystems/AC-109032/Volumes/DS9CSV/SnapShots/042b4bd8361b856bbc000000000000001d00026ab9"
                    },
                    {
                        "@odata.id":  "/redfish/v1/StorageSystems/AC-109032/Volumes/DS9CSV/SnapShots/042b4bd8361b856bbc000000000000001d00026c08"
                    },
                    {
                        "@odata.id":  "/redfish/v1/StorageSystems/AC-109032/Volumes/DS9CSV/SnapShots/042b4bd8361b856bbc000000000000001d00016cec"
                    },
                    {
                        "@odata.id":  "/redfish/v1/StorageSystems/AC-109032/Volumes/DS9CSV/SnapShots/042b4bd8361b856bbc000000000000001d00025b2d"
                    },
                    {
                        "@odata.id":  "/redfish/v1/StorageSystems/AC-109032/Volumes/DS9CSV/SnapShots/042b4bd8361b856bbc000000000000001d0001cc4a"
                    },
                    {
                        "@odata.id":  "/redfish/v1/StorageSystems/AC-109032/Volumes/DS9CSV/SnapShots/042b4bd8361b856bbc000000000000001d00019c9b"
                    },
                    {
                        "@odata.id":  "/redfish/v1/StorageSystems/AC-109032/Volumes/DS9CSV/SnapShots/042b4bd8361b856bbc000000000000001d00026696"
                    },
                    {
                        "@odata.id":  "/redfish/v1/StorageSystems/AC-109032/Volumes/DS9CSV/SnapShots/042b4bd8361b856bbc000000000000001d00026bc5"
                    },
                    {
                        "@odata.id":  "/redfish/v1/StorageSystems/AC-109032/Volumes/DS9CSV/SnapShots/042b4bd8361b856bbc000000000000001d00026d14"
                    },
                    {
                        "@odata.id":  "/redfish/v1/StorageSystems/AC-109032/Volumes/DS9CSV/SnapShots/042b4bd8361b856bbc000000000000001d00022bc0"
                    },
                    {
                        "@odata.id":  "/redfish/v1/StorageSystems/AC-109032/Volumes/DS9CSV/SnapShots/042b4bd8361b856bbc000000000000001d00026b82"
                    },
                    {
                        "@odata.id":  "/redfish/v1/StorageSystems/AC-109032/Volumes/DS9CSV/SnapShots/042b4bd8361b856bbc000000000000001d00026cd1"
                    },
                    {
                        "@odata.id":  "/redfish/v1/StorageSystems/AC-109032/Volumes/DS9CSV/SnapShots/042b4bd8361b856bbc000000000000001d0001fbf9"
                    },
                    {
                        "@odata.id":  "/redfish/v1/StorageSystems/AC-109032/Volumes/DS9CSV/SnapShots/042b4bd8361b856bbc000000000000001d00026c8e"
                    },
                    {
                        "@odata.id":  "/redfish/v1/StorageSystems/AC-109032/Volumes/DS9CSV/SnapShots/042b4bd8361b856bbc000000000000001d00026b3f"
                    }
                ]
}