{
    "@odata.context":  "/redfish/v1/$metadata#Power.Power",
    "@odata.id":  "/redfish/v1/Chassis/enclosure_1/Power",
    "@odata.type":  "#Power.v1_5_2.Power",
    "Id":  "Power",
    "Name":  "Power",
    "PowerSupplies":  [
                          {
                              "@odata.id":  "/redfish/v1/Chassis/enclosure_1/Power#/PowerSupplies/0",
                              "MemberId":  "0",
                              "SerialNumber":  "7CE928T007",
                              "PartNumber":  "P12954-001",
                              "Name":  "PSU 1, Left",
                              "Status":  {
                                             "State":  "Enabled",
                                             "Health":  "OK"
                                         }
                          },
                          {
                              "@odata.id":  "/redfish/v1/Chassis/enclosure_1/Power#/PowerSupplies/1",
                              "MemberId":  "1",
                              "SerialNumber":  "7CE928T008",
                              "PartNumber":  "P12954-001",
                              "Name":  "PSU 2, Right",
                              "Status":  {
                                             "State":  "Enabled",
                                             "Health":  "OK"
                                         }
                          }
                      ],
    "Voltages":  [
                     {
                         "@odata.id":  "/redfish/v1/Chassis/enclosure_1/Power#/Voltages/0",
                         "MemberId":  "0",
                         "ReadingVolts":  10.770000,
                         "Name":  "Capacitor Pack Voltage-Ctlr A",
                         "Status":  {
                                        "State":  "Enabled",
                                        "Health":  "OK"
                                    }
                     },
                     {
                         "@odata.id":  "/redfish/v1/Chassis/enclosure_1/Power#/Voltages/1",
                         "MemberId":  "1",
                         "ReadingVolts":  2.690000,
                         "Name":  "Capacitor Cell 1 Voltage-Ctlr A",
                         "Status":  {
                                        "State":  "Enabled",
                                        "Health":  "OK"
                                    }
                     },
                     {
                         "@odata.id":  "/redfish/v1/Chassis/enclosure_1/Power#/Voltages/2",
                         "MemberId":  "2",
                         "ReadingVolts":  2.690000,
                         "Name":  "Capacitor Cell 2 Voltage-Ctlr A",
                         "Status":  {
                                        "State":  "Enabled",
                                        "Health":  "OK"
                                    }
                     },
                     {
                         "@odata.id":  "/redfish/v1/Chassis/enclosure_1/Power#/Voltages/3",
                         "MemberId":  "3",
                         "ReadingVolts":  2.690000,
                         "Name":  "Capacitor Cell 3 Voltage-Ctlr A",
                         "Status":  {
                                        "State":  "Enabled",
                                        "Health":  "OK"
                                    }
                     },
                     {
                         "@odata.id":  "/redfish/v1/Chassis/enclosure_1/Power#/Voltages/4",
                         "MemberId":  "4",
                         "ReadingVolts":  2.690000,
                         "Name":  "Capacitor Cell 4 Voltage-Ctlr A",
                         "Status":  {
                                        "State":  "Enabled",
                                        "Health":  "OK"
                                    }
                     },
                     {
                         "@odata.id":  "/redfish/v1/Chassis/enclosure_1/Power#/Voltages/5",
                         "MemberId":  "5",
                         "ReadingVolts":  10.780000,
                         "Name":  "Capacitor Pack Voltage-Ctlr B",
                         "Status":  {
                                        "State":  "Enabled",
                                        "Health":  "OK"
                                    }
                     },
                     {
                         "@odata.id":  "/redfish/v1/Chassis/enclosure_1/Power#/Voltages/6",
                         "MemberId":  "6",
                         "ReadingVolts":  2.690000,
                         "Name":  "Capacitor Cell 1 Voltage-Ctlr B",
                         "Status":  {
                                        "State":  "Enabled",
                                        "Health":  "OK"
                                    }
                     },
                     {
                         "@odata.id":  "/redfish/v1/Chassis/enclosure_1/Power#/Voltages/7",
                         "MemberId":  "7",
                         "ReadingVolts":  2.690000,
                         "Name":  "Capacitor Cell 2 Voltage-Ctlr B",
                         "Status":  {
                                        "State":  "Enabled",
                                        "Health":  "OK"
                                    }
                     },
                     {
                         "@odata.id":  "/redfish/v1/Chassis/enclosure_1/Power#/Voltages/8",
                         "MemberId":  "8",
                         "ReadingVolts":  2.690000,
                         "Name":  "Capacitor Cell 3 Voltage-Ctlr B",
                         "Status":  {
                                        "State":  "Enabled",
                                        "Health":  "OK"
                                    }
                     },
                     {
                         "@odata.id":  "/redfish/v1/Chassis/enclosure_1/Power#/Voltages/9",
                         "MemberId":  "9",
                         "ReadingVolts":  2.690000,
                         "Name":  "Capacitor Cell 4 Voltage-Ctlr B",
                         "Status":  {
                                        "State":  "Enabled",
                                        "Health":  "OK"
                                    }
                     },
                     {
                         "@odata.id":  "/redfish/v1/Chassis/enclosure_1/Power#/Voltages/10",
                         "MemberId":  "10",
                         "ReadingVolts":  12.180000,
                         "Name":  "Voltage 12V Rail Loc: left-PSU",
                         "Status":  {
                                        "State":  "Enabled",
                                        "Health":  "OK"
                                    }
                     },
                     {
                         "@odata.id":  "/redfish/v1/Chassis/enclosure_1/Power#/Voltages/11",
                         "MemberId":  "11",
                         "ReadingVolts":  4.960000,
                         "Name":  "Voltage 5V Rail Loc: left-PSU",
                         "Status":  {
                                        "State":  "Enabled",
                                        "Health":  "OK"
                                    }
                     },
                     {
                         "@odata.id":  "/redfish/v1/Chassis/enclosure_1/Power#/Voltages/12",
                         "MemberId":  "12",
                         "ReadingVolts":  12.260000,
                         "Name":  "Voltage 12V Rail Loc: right-PSU",
                         "Status":  {
                                        "State":  "Enabled",
                                        "Health":  "OK"
                                    }
                     },
                     {
                         "@odata.id":  "/redfish/v1/Chassis/enclosure_1/Power#/Voltages/13",
                         "MemberId":  "13",
                         "ReadingVolts":  5.000000,
                         "Name":  "Voltage 5V Rail Loc: right-PSU",
                         "Status":  {
                                        "State":  "Enabled",
                                        "Health":  "OK"
                                    }
                     }
                 ]
}