{
    "@Redfish.Copyright":  "Copyright 2014-2016 Distributed Management Task Force, Inc. (DMTF). For the full DMTF copyright policy, see http://www.dmtf.org/about/policies/copyright.",
    "@odata.context":  "/redfish/v1/$metadata#EndpointGroup/AC-109032/EndpointGroup",
    "@odata.id":  "/redfish/v1/StorageSystems/AC-109032/EndpointGroups/NSSCORCH",
    "@odata.type":  "#EndpointGroup.1_3_1.EndpointGroup",
    "Name":  "NSSCORCH",
    "Description":  "Initiator EndpointGroup for NSSCORCH",
    "GroupType":  "client",
    "Endpoints@odata.count":  1,
    "StorageGroups@odata.count":  0,
    "Endpoints":  [
                      {
                          "@odata.id":  "/redfish/v1/StorageSystems/AC-109032/Endpoints/0b2b4bd8361b856bbc000000000000000000000007"
                      }
                  ],
    "StorageGroups":  [

                      ]
}