{
    "@Redfish.Copyright":  "Copyright 2014-2016 Distributed Management Task Force, Inc. (DMTF). For the full DMTF copyright policy, see http://www.dmtf.org/about/policies/copyright.",
    "@odata.id":  "/redfish/v1/Chassis/AC-109032/Drives/DiskShelf0Location5",
    "@odata.type":  "#Drive.v1_6_0.Drive",
    "Id":  "2c2b4bd8361b856bbc0001000000000b0000000500",
    "Name":  "HPENimbleDrives",
    "IndicatorLED":  "Lit",
    "Model":  "HUS724030ALS640",
    "Revision":  "A1C4",
    "Status":  {
                   "State":  "in use",
                   "Health":  "okay"
               },
    "CapacityBytes":  3000592982016,
    "FailurePredicted":  "okay",
    "Protocol":  "SAS",
    "MediaType":  "HDD",
    "Manufacturer":  "Nimble",
    "SerialNumber":  "P8K5L3MW",
    "PartNumber":  "Nimble_HUS724030ALS640",
    "AssetTag":  "P8K5L3MW",
    "CapableSpeedGbs":  6,
    "NegotiatedSpeedGbs":  6,
    "Multipath":  true,
    "StoragePools":  [
                         {
                             "@odata.id":  "/redfish/v1/Storage/AC-109032/StoragePools/Default"
                         }
                     ],
    "Chassis":  {
                    "@odata.id":  "/redfish/v1/Chassis/AC-109032"
                }
}