{
    "@Redfish.Copyright":  "Copyright 2014-2016 HPE and DMTF",
    "@odata.id":  "/redfish/v1/Fabrics/AC-109032/Zones/AC-109032-AllSubnets",
    "@odata.type":  "#Zones.v1_4_0.Zones",
    "Name":  "AC-109032-AllSubnets",
    "id":  1,
    "Description":  "Target EndpointGroup (Zone) for subnet named AC-109032-AllSubnets",
    "GroupType":  "Target",
    "Endpoints@odata.count":  4,
    "Connections@odata.count":  26,
    "Endpoints":  [
                      {
                          "@odata.id":  "/redfish/v1/Fabrics/AC-109032/Endpoints/active-eth4"
                      },
                      {
                          "@odata.id":  "/redfish/v1/Fabrics/AC-109032/Endpoints/active-eth1"
                      },
                      {
                          "@odata.id":  "/redfish/v1/Fabrics/AC-109032/Endpoints/active-eth2"
                      },
                      {
                          "@odata.id":  "/redfish/v1/Fabrics/AC-109032/Endpoints/active-eth3"
                      }
                  ],
    "Connections":  [
                        {
                            "@odata.id":  "/redfish/v1/Fabrics/AC-109032/Connections/0d2b4bd8361b856bbc000000000000000000000001"
                        },
                        {
                            "@odata.id":  "/redfish/v1/Fabrics/AC-109032/Connections/0d2b4bd8361b856bbc000000000000000000000002"
                        },
                        {
                            "@odata.id":  "/redfish/v1/Fabrics/AC-109032/Connections/0d2b4bd8361b856bbc000000000000000000000003"
                        },
                        {
                            "@odata.id":  "/redfish/v1/Fabrics/AC-109032/Connections/0d2b4bd8361b856bbc000000000000000000000004"
                        },
                        {
                            "@odata.id":  "/redfish/v1/Fabrics/AC-109032/Connections/0d2b4bd8361b856bbc00000000000000000000000e"
                        },
                        {
                            "@odata.id":  "/redfish/v1/Fabrics/AC-109032/Connections/0d2b4bd8361b856bbc000000000000000000000009"
                        },
                        {
                            "@odata.id":  "/redfish/v1/Fabrics/AC-109032/Connections/0d2b4bd8361b856bbc00000000000000000000000f"
                        },
                        {
                            "@odata.id":  "/redfish/v1/Fabrics/AC-109032/Connections/0d2b4bd8361b856bbc000000000000000000000005"
                        },
                        {
                            "@odata.id":  "/redfish/v1/Fabrics/AC-109032/Connections/0d2b4bd8361b856bbc000000000000000000000007"
                        },
                        {
                            "@odata.id":  "/redfish/v1/Fabrics/AC-109032/Connections/0d2b4bd8361b856bbc000000000000000000000006"
                        },
                        {
                            "@odata.id":  "/redfish/v1/Fabrics/AC-109032/Connections/0d2b4bd8361b856bbc00000000000000000000000a"
                        },
                        {
                            "@odata.id":  "/redfish/v1/Fabrics/AC-109032/Connections/0d2b4bd8361b856bbc00000000000000000000002c"
                        },
                        {
                            "@odata.id":  "/redfish/v1/Fabrics/AC-109032/Connections/0d2b4bd8361b856bbc00000000000000000000002d"
                        },
                        {
                            "@odata.id":  "/redfish/v1/Fabrics/AC-109032/Connections/0d2b4bd8361b856bbc000000000000000000000013"
                        },
                        {
                            "@odata.id":  "/redfish/v1/Fabrics/AC-109032/Connections/0d2b4bd8361b856bbc000000000000000000000018"
                        },
                        {
                            "@odata.id":  "/redfish/v1/Fabrics/AC-109032/Connections/0d2b4bd8361b856bbc000000000000000000000028"
                        },
                        {
                            "@odata.id":  "/redfish/v1/Fabrics/AC-109032/Connections/0d2b4bd8361b856bbc00000000000000000000002a"
                        },
                        {
                            "@odata.id":  "/redfish/v1/Fabrics/AC-109032/Connections/0d2b4bd8361b856bbc000000000000000000000014"
                        },
                        {
                            "@odata.id":  "/redfish/v1/Fabrics/AC-109032/Connections/0d2b4bd8361b856bbc000000000000000000000016"
                        },
                        {
                            "@odata.id":  "/redfish/v1/Fabrics/AC-109032/Connections/0d2b4bd8361b856bbc000000000000000000000015"
                        },
                        {
                            "@odata.id":  "/redfish/v1/Fabrics/AC-109032/Connections/0d2b4bd8361b856bbc000000000000000000000017"
                        },
                        {
                            "@odata.id":  "/redfish/v1/Fabrics/AC-109032/Connections/0d2b4bd8361b856bbc00000000000000000000002b"
                        },
                        {
                            "@odata.id":  "/redfish/v1/Fabrics/AC-109032/Connections/0d2b4bd8361b856bbc00000000000000000000002e"
                        },
                        {
                            "@odata.id":  "/redfish/v1/Fabrics/AC-109032/Connections/0d2b4bd8361b856bbc00000000000000000000002f"
                        },
                        {
                            "@odata.id":  "/redfish/v1/Fabrics/AC-109032/Connections/0d2b4bd8361b856bbc000000000000000000000030"
                        },
                        {
                            "@odata.id":  "/redfish/v1/Fabrics/AC-109032/Connections/0d2b4bd8361b856bbc000000000000000000000031"
                        }
                    ]
}