{
    "@odata.Copyright":  "Copyright 2014-2016 Distributed Management Task Force, Inc. (DMTF). For the full DMTF copyright policy, see http://www.dmtf.org/about/policies/copyright.",
    "@odata.type":  "#StorageSystemCollection.StorageSystempCollection",
    "@odata.id":  "/redfish/v1/StorageSystems",
    "Name":  "Storage System Collection",
    "Members":  [
                    {
                        "@odata.id":  "/redfish/v1/StorageSystems/AC-109032"
                    }
                ]
}