{
    "@Redfish.Copyright":  "Copyright 2014-2016 Distributed Management Task Force, Inc. (DMTF). For the full DMTF copyright policy, see http://www.dmtf.org/about/policies/copyright.",
    "@odata.id":  "/redfish/v1/Storage/AC-109032/StoragePools/default",
    "@odata.type":  "#StoragePool.v1_0_0.StoragePool",
    "Id":  "0a2b4bd8361b856bbc000000000000000000000001",
    "Name":  "default",
    "Description":  "Default pool",
    "Capacity":  {
                     "ConsumedBytes":  3752930959473,
                     "AllocatedBytes":  24716521871770
                 },
    "Status":  {
                   "HealthRollUp":  "OK",
                   "Health":  "OK",
                   "State":  "Enabled"
               },
    "AllocatedVolumes":  [
                             {
                                 "@odata.id":  "/redfish/v1/Storage/AC-109032/Volumes/Crypt-MovsOld"
                             },
                             {
                                 "@odata.id":  "/redfish/v1/Storage/AC-109032/Volumes/Crypt-Audio"
                             },
                             {
                                 "@odata.id":  "/redfish/v1/Storage/AC-109032/Volumes/V2"
                             },
                             {
                                 "@odata.id":  "/redfish/v1/Storage/AC-109032/Volumes/SCSQL2017"
                             },
                             {
                                 "@odata.id":  "/redfish/v1/Storage/AC-109032/Volumes/SCSCOM2019"
                             },
                             {
                                 "@odata.id":  "/redfish/v1/Storage/AC-109032/Volumes/SCVMM2019"
                             },
                             {
                                 "@odata.id":  "/redfish/v1/Storage/AC-109032/Volumes/bob"
                             },
                             {
                                 "@odata.id":  "/redfish/v1/Storage/AC-109032/Volumes/fred"
                             },
                             {
                                 "@odata.id":  "/redfish/v1/Storage/AC-109032/Volumes/NSSCDPMData"
                             },
                             {
                                 "@odata.id":  "/redfish/v1/Storage/AC-109032/Volumes/starter-vol-3119824893785762748-2"
                             },
                             {
                                 "@odata.id":  "/redfish/v1/Storage/AC-109032/Volumes/SQL2019-DataBase"
                             },
                             {
                                 "@odata.id":  "/redfish/v1/Storage/AC-109032/Volumes/SQL2019-Logs"
                             },
                             {
                                 "@odata.id":  "/redfish/v1/Storage/AC-109032/Volumes/VM7-BootDrive"
                             },
                             {
                                 "@odata.id":  "/redfish/v1/Storage/AC-109032/Volumes/bob11"
                             },
                             {
                                 "@odata.id":  "/redfish/v1/Storage/AC-109032/Volumes/bob10"
                             },
                             {
                                 "@odata.id":  "/redfish/v1/Storage/AC-109032/Volumes/fred2"
                             },
                             {
                                 "@odata.id":  "/redfish/v1/Storage/AC-109032/Volumes/Crypt-Port"
                             },
                             {
                                 "@odata.id":  "/redfish/v1/Storage/AC-109032/Volumes/fdghdfgfc"
                             },
                             {
                                 "@odata.id":  "/redfish/v1/Storage/AC-109032/Volumes/Test1"
                             },
                             {
                                 "@odata.id":  "/redfish/v1/Storage/AC-109032/Volumes/DS9CSV"
                             },
                             {
                                 "@odata.id":  "/redfish/v1/Storage/AC-109032/Volumes/DS9HyperVReplica"
                             },
                             {
                                 "@odata.id":  "/redfish/v1/Storage/AC-109032/Volumes/EnterpriseHyperVReplicaTarget"
                             },
                             {
                                 "@odata.id":  "/redfish/v1/Storage/AC-109032/Volumes/EnterpriseCSV"
                             },
                             {
                                 "@odata.id":  "/redfish/v1/Storage/AC-109032/Volumes/DS9CSVTest"
                             },
                             {
                                 "@odata.id":  "/redfish/v1/Storage/AC-109032/Volumes/MyNewVolume"
                             },
                             {
                                 "@odata.id":  "/redfish/v1/Storage/AC-109032/Volumes/bob12"
                             },
                             {
                                 "@odata.id":  "/redfish/v1/Storage/AC-109032/Volumes/TestPicardFS"
                             },
                             {
                                 "@odata.id":  "/redfish/v1/Storage/AC-109032/Volumes/PicardTest2"
                             },
                             {
                                 "@odata.id":  "/redfish/v1/Storage/AC-109032/Volumes/DS9CSV1"
                             },
                             {
                                 "@odata.id":  "/redfish/v1/Storage/AC-109032/Volumes/Q-Data"
                             },
                             {
                                 "@odata.id":  "/redfish/v1/Storage/AC-109032/Volumes/BorgData1"
                             },
                             {
                                 "@odata.id":  "/redfish/v1/Storage/AC-109032/Volumes/BorgQuorum"
                             },
                             {
                                 "@odata.id":  "/redfish/v1/Storage/AC-109032/Volumes/BorgData2"
                             }
                         ],
    "CapacitySources":  [
                            {
                                "ProvidedCapacity":  {
                                                         "AllocatedCapacity":  24716521871770,
                                                         "ConsumedBytes":  3752930959473
                                                     },
                                "ProvidingDrives":  {
                                                        "Drives":  [
                                                                       {
                                                                           "@odata.id":  "/redfish/v1/Chassis/AC-109032/Drives/Disk.Shelf_0.Location_1"
                                                                       },
                                                                       {
                                                                           "@odata.id":  "/redfish/v1/Chassis/AC-109032/Drives/Disk.Shelf_0.Location_2"
                                                                       },
                                                                       {
                                                                           "@odata.id":  "/redfish/v1/Chassis/AC-109032/Drives/Disk.Shelf_0.Location_3"
                                                                       },
                                                                       {
                                                                           "@odata.id":  "/redfish/v1/Chassis/AC-109032/Drives/Disk.Shelf_0.Location_4"
                                                                       },
                                                                       {
                                                                           "@odata.id":  "/redfish/v1/Chassis/AC-109032/Drives/Disk.Shelf_0.Location_5"
                                                                       },
                                                                       {
                                                                           "@odata.id":  "/redfish/v1/Chassis/AC-109032/Drives/Disk.Shelf_0.Location_6"
                                                                       },
                                                                       {
                                                                           "@odata.id":  "/redfish/v1/Chassis/AC-109032/Drives/Disk.Shelf_0.Location_7"
                                                                       },
                                                                       {
                                                                           "@odata.id":  "/redfish/v1/Chassis/AC-109032/Drives/Disk.Shelf_0.Location_8"
                                                                       },
                                                                       {
                                                                           "@odata.id":  "/redfish/v1/Chassis/AC-109032/Drives/Disk.Shelf_0.Location_9"
                                                                       },
                                                                       {
                                                                           "@odata.id":  "/redfish/v1/Chassis/AC-109032/Drives/Disk.Shelf_0.Location_10"
                                                                       },
                                                                       {
                                                                           "@odata.id":  "/redfish/v1/Chassis/AC-109032/Drives/Disk.Shelf_0.Location_11"
                                                                       },
                                                                       {
                                                                           "@odata.id":  "/redfish/v1/Chassis/AC-109032/Drives/Disk.Shelf_0.Location_12"
                                                                       },
                                                                       {
                                                                           "@odata.id":  "/redfish/v1/Chassis/AC-109032/Drives/Disk.Shelf_0.Location_13"
                                                                       },
                                                                       {
                                                                           "@odata.id":  "/redfish/v1/Chassis/AC-109032/Drives/Disk.Shelf_0.Location_14"
                                                                       },
                                                                       {
                                                                           "@odata.id":  "/redfish/v1/Chassis/AC-109032/Drives/Disk.Shelf_0.Location_15"
                                                                       },
                                                                       {
                                                                           "@odata.id":  "/redfish/v1/Chassis/AC-109032/Drives/Disk.Shelf_0.Location_16"
                                                                       }
                                                                   ]
                                                    }
                            }
                        ],
    "Compressed":  true,
    "Deduplicated":  true,
    "Encryption":  true,
    "SupportedRAIDTypes":  "RAID6TP"
}