{
    "@Redfish.Copyright":  "Copyright 2014-2016 HPE and DMTF",
    "@odata.id":  "/redfish/v1/Storage/AC-109032/StoragePools/Default/Volumes/Crypt-Port/Snapshots/042b4bd8361b856bbc000000000000000300000ada",
    "@odata.type":  "#Volume.v1_4_0.Volume",
    "Id":  "042b4bd8361b856bbc000000000000000300000ada",
    "Name":  "Snap1",
    "Description":  "",
    "Capacity":  {
                     "AllocatedBytes":  2251799813685248
                 },
    "Status":  {
                   "State":  "Enabled",
                   "Health":  "OK"
               },
    "BlockSizeBytes":  4096,
    "MaxBlockSizeBytes":  4096,
    "OptimumIOSizeBytes":  4096,
    "Manufacturer":  "HPENimbleStorage",
    "Encrypted":  "false",
    "EncryptionTypes":  "ControllerAssisted",
    "ProvisioningPolicy":  "thin",
    "Compressed":  "true",
    "Deduplicated":  false,
    "DisplayName":  "default:/Crypt-Port+Snap1",
    "LowSpaceWarningThresholdPercents":  80,
    "VolumeType":  "Snapshot",
    "VolumeUsageType":  "Data",
    "ReadCachePolicyType":  "AdaptiveReadAhead",
    "WriteCacheState":  "Enabled",
    "WriteCachePolicyType":  "ProtectedWriteBack",
    "WriteCacheStateType":  "Protected",
    "WriteHoleProtectionPolicyType":  "Journaling",
    "CapacitySources":  [
                            {
                                "ProvidingVolumes":  {
                                                         "Volumes":  [
                                                                         {
                                                                             "@odata.id":  "/redfish/v1/Storage/AC-109032/StoragePools/Default/Volumes/Crypt-Port"
                                                                         }
                                                                     ]
                                                     },
                                "ProvidedCapacity":  {
                                                         "AllocatedCapacity":  100,
                                                         "ConsumedBytes":  null
                                                     }
                            }
                        ],
    "Identifiers":  [
                        {
                            "Manufacturer":  "NimbleStorage"
                        },
                        {
                            "DurableName":  "042b4bd8361b856bbc000000000000000300000ada",
                            "DurableNameFormat":  "UUID"
                        },
                        {
                            "DurableName":  "d4de54802c7cc312",
                            "DurableNameFormat":  "vpd_ieee0"
                        },
                        {
                            "DurableName":  "6c9ce9008ab3ce30",
                            "DurableNameFormat":  "vpd_ieee1"
                        },
                        {
                            "DurableName":  "Nimble  d4de54802c7cc3126c9ce9008ab3ce30",
                            "DurableNameFormat":  "vpd_t10"
                        },
                        {
                            "DurableName":  "iqn.2007-11.com.nimblestorage:crypt-port-snap1-v2b4bd8361b856bbc.00000002.30ceb38a.s2b4bd8361b856bbc.00000003.00000ada",
                            "DurableNameFormat":  "iqn"
                        }
                    ],
    "ConsistencyGroup":  "/redfish/v1/Storage/AC-109032/ConsistencyGroup/Crypt"
}