{
    "@odata.context":  "/redfish/v1/$metadata#Chassis.Chassis",
    "@odata.id":  "/redfish/v1/Chassis/enclosure_1",
    "@odata.type":  "#Chassis.v1_9_0.Chassis",
    "Id":  "enclosure_1",
    "Name":  "enclosure_1",
    "ChassisType":  "StorageEnclosure",
    "Manufacturer":  "HPE",
    "SerialNumber":  "500c0ff05038e83c",
    "IndicatorLED":  "Off",
    "PowerState":  "On",
    "Location":  {
                     "Placement":  {
                                       "Rack":  "0",
                                       "RackOffset":  0
                                   }
                 },
    "Status":  {
                   "State":  "Enabled",
                   "Health":  "OK"
               },
    "Thermal":  {
                    "@odata.id":  "/redfish/v1/Chassis/enclosure_1/Thermal"
                },
    "Power":  {
                  "@odata.id":  "/redfish/v1/Chassis/enclosure_1/Power"
              },
    "Links":  {
                  "Drives":  [
                                 {
                                     "@odata.id":  "/redfish/v1/StorageServices/S1/Drives/1.1"
                                 },
                                 {
                                     "@odata.id":  "/redfish/v1/StorageServices/S1/Drives/1.2"
                                 },
                                 {
                                     "@odata.id":  "/redfish/v1/StorageServices/S1/Drives/1.3"
                                 },
                                 {
                                     "@odata.id":  "/redfish/v1/StorageServices/S1/Drives/1.4"
                                 },
                                 {
                                     "@odata.id":  "/redfish/v1/StorageServices/S1/Drives/1.5"
                                 },
                                 {
                                     "@odata.id":  "/redfish/v1/StorageServices/S1/Drives/1.6"
                                 },
                                 {
                                     "@odata.id":  "/redfish/v1/StorageServices/S1/Drives/1.7"
                                 },
                                 {
                                     "@odata.id":  "/redfish/v1/StorageServices/S1/Drives/1.8"
                                 },
                                 {
                                     "@odata.id":  "/redfish/v1/StorageServices/S1/Drives/1.9"
                                 },
                                 {
                                     "@odata.id":  "/redfish/v1/StorageServices/S1/Drives/1.10"
                                 },
                                 {
                                     "@odata.id":  "/redfish/v1/StorageServices/S1/Drives/1.11"
                                 },
                                 {
                                     "@odata.id":  "/redfish/v1/StorageServices/S1/Drives/1.12"
                                 },
                                 {
                                     "@odata.id":  "/redfish/v1/StorageServices/S1/Drives/1.13"
                                 },
                                 {
                                     "@odata.id":  "/redfish/v1/StorageServices/S1/Drives/1.14"
                                 }
                             ]
              }
}