{
    "@odata.context":  "/redfish/v1/$metadata#ClassOfService.ClassOfService",
    "@odata.id":  "/redfish/v1/StorageServices/S1/ClassesOfService/RAID5",
    "@odata.type":  "#ClassOfService.v1_1_1.ClassOfService",
    "Id":  "RAID5",
    "Name":  "RAID5 Class of Service",
    "DataStorageLinesOfService":  [
                                      {
                                          "@odata.id":  "/redfish/v1/StorageServices/S1/ClassesOfService/RAID5/DataStorageLineOfService/DSLOS"
                                      }
                                  ]
}