{
    "@odata.Copyright":  "Copyright 2016-2019 Storage Networking Industry Association (SNIA), USA. All rights reserved. For the full SNIA copyright policy, see http://www.snia.org/about/corporate_info/copyright",
    "@odata.id":  "/redfish/v1/Storage/AC-109032/LinesOfSerice/DataProtectionLineOfService/0c2b4bd8361b856bbc000000000000000000000004",
    "@odata.type":  "#DataProtectionLineOfService.v1_2_1.DataProtectionLineOfService",
    "Id":  "0c2b4bd8361b856bbc000000000000000000000004",
    "Name":  "daily",
    "Description":  "",
    "IsIsolated":  true,
    "ReplicaType":  "Snapshot",
    "RecoveryTimeObjective":  0,
    "Schedule":  "R/1969-12-31T16:0:00/P1D/BYDY=SU,MO,TU,WE,TH,FR,SA/BYHR=0/BYMI=0",
    "RecoveryPointObjective":  "/P1T00:00:00"
}