{
    "@odata.Copyright":  "Copyright 2016-2019 Storage Networking Industry Association (SNIA), USA. All rights reserved. For the full SNIA copyright policy, see http://www.snia.org/about/corporate_info/copyright",
    "@odata.context":  "/redfish/v1/$metadata#StorageSystem/AC-109032/LinesOfService/DataProtectionLineOfService",
    "@odata.id":  "/redfish/v1/StorageSystems/AC-109032/LinesOfSerice/DataProtectionLineOfService/0c2b4bd8361b856bbc000000000000000000000017",
    "@odata.type":  "#DataProtectionLineOfService.1_2_0.DataProtectionLineOfService",
    "Id":  "0c2b4bd8361b856bbc000000000000000000000017",
    "Name":  "Schedule-new",
    "Description":  "",
    "IsIsolated":  true,
    "ReplicaType":  "Snapshot",
    "ReplicaAccessLocation":  "Local",
    "RecoveryTimeObjective":  0,
    "Schedule":  "R/2019-12-10T13:43:00/PT1M/BYDY=SU,MO,TU,WE,TH,FR,SA/BYHR=0,1,2,3,4,5,6,7,8,9,10,11,12,13,14,15,16,17,18,19,20,21,22,23",
    "RecoveryPointObjective":  "/PT1:00"
}