{
    "@Redfish.Copyright":  "Copyright 2014-2016 Distributed Management Task Force, Inc. (DMTF). For the full DMTF copyright policy, see http://www.dmtf.org/about/policies/copyright.",
    "@odata.context":  "/redfish/v1/$metadata#Event.Event",
    "@odata.id":  "/redfish/v1/EventService/Event",
    "@odata.type":  "#Event.Event",
    "Name":  "Event Collection",
    "Id":  "Event Collection",
    "Events":  [
                   {
                       "@odata.id":  "/redfish/v1/EventService/Events/182b4bd8361b856bbc00000000000000000001f61a"
                   },
                   {
                       "@odata.id":  "/redfish/v1/EventService/Events/182b4bd8361b856bbc000000000000000000021d72"
                   },
                   {
                       "@odata.id":  "/redfish/v1/EventService/Events/182b4bd8361b856bbc00000000000000000002239c"
                   },
                   {
                       "@odata.id":  "/redfish/v1/EventService/Events/182b4bd8361b856bbc00000000000000000001d6bb"
                   },
                   {
                       "@odata.id":  "/redfish/v1/EventService/Events/182b4bd8361b856bbc00000000000000000001dd6e"
                   },
                   {
                       "@odata.id":  "/redfish/v1/EventService/Events/182b4bd8361b856bbc0000000000000000000210a8"
                   },
                   {
                       "@odata.id":  "/redfish/v1/EventService/Events/182b4bd8361b856bbc000000000000000000022a85"
                   },
                   {
                       "@odata.id":  "/redfish/v1/EventService/Events/182b4bd8361b856bbc000000000000000000023e29"
                   },
                   {
                       "@odata.id":  "/redfish/v1/EventService/Events/182b4bd8361b856bbc000000000000000000020ab2"
                   },
                   {
                       "@odata.id":  "/redfish/v1/EventService/Events/182b4bd8361b856bbc000000000000000000020400"
                   },
                   {
                       "@odata.id":  "/redfish/v1/EventService/Events/182b4bd8361b856bbc0000000000000000000216dc"
                   },
                   {
                       "@odata.id":  "/redfish/v1/EventService/Events/182b4bd8361b856bbc000000000000000000023833"
                   },
                   {
                       "@odata.id":  "/redfish/v1/EventService/Events/182b4bd8361b856bbc000000000000000000023181"
                   },
                   {
                       "@odata.id":  "/redfish/v1/EventService/Events/182b4bd8361b856bbc00000000000000000001e327"
                   },
                   {
                       "@odata.id":  "/redfish/v1/EventService/Events/182b4bd8361b856bbc00000000000000000001e95c"
                   },
                   {
                       "@odata.id":  "/redfish/v1/EventService/Events/182b4bd8361b856bbc00000000000000000001fd05"
                   },
                   {
                       "@odata.id":  "/redfish/v1/EventService/Events/182b4bd8361b856bbc00000000000000000001eff1"
                   },
                   {
                       "@odata.id":  "/redfish/v1/EventService/Events/182b4bd8361b856bbc00000000000000000002445c"
                   }
               ]
}