{
    "@Redfish.Copyright":  "Copyright 2014-2016 HPE and DMTF",
    "@odata.id":  "/redfish/v1/Storage/AC-109032/StoragePools/Default/Volumes/SCSQL2017/Snapshots/042b4bd8361b856bbc00000000000000090003b4cc",
    "@odata.type":  "#Volume.v1_4_0.Volume",
    "Id":  "042b4bd8361b856bbc00000000000000090003b4cc",
    "Name":  "SystemCenter2019-Schedule-new-2020-05-04::10:00:00.000",
    "Description":  "Created by protection policy SystemCenter2019 schedule Schedule-new",
    "Capacity":  {
                     "AllocatedBytes":  109951162777600
                 },
    "Status":  {
                   "State":  "StandbyOffline",
                   "Health":  "Warning"
               },
    "BlockSizeBytes":  8192,
    "MaxBlockSizeBytes":  8192,
    "OptimumIOSizeBytes":  8192,
    "Manufacturer":  "HPENimbleStorage",
    "Encrypted":  "false",
    "EncryptionTypes":  "ControllerAssisted",
    "ProvisioningPolicy":  "thin",
    "Compressed":  "true",
    "Deduplicated":  false,
    "DisplayName":  "default:/SCSQL2017+SystemCenter2019-Schedule-new-2020-05-04::10:00:00.000",
    "LowSpaceWarningThresholdPercents":  80,
    "VolumeType":  "Snapshot",
    "VolumeUsageType":  "Data",
    "ReadCachePolicyType":  "AdaptiveReadAhead",
    "WriteCacheState":  "Enabled",
    "WriteCachePolicyType":  "ProtectedWriteBack",
    "WriteCacheStateType":  "Protected",
    "WriteHoleProtectionPolicyType":  "Journaling",
    "CapacitySources":  [
                            {
                                "ProvidingVolumes":  {
                                                         "Volumes":  [
                                                                         {
                                                                             "@odata.id":  "/redfish/v1/Storage/AC-109032/StoragePools/Default/Volumes/SCSQL2017"
                                                                         }
                                                                     ]
                                                     },
                                "ProvidedCapacity":  {
                                                         "AllocatedCapacity":  100,
                                                         "ConsumedBytes":  null
                                                     }
                            }
                        ],
    "Identifiers":  [
                        {
                            "Manufacturer":  "NimbleStorage"
                        },
                        {
                            "DurableName":  "042b4bd8361b856bbc00000000000000090003b4cc",
                            "DurableNameFormat":  "UUID"
                        },
                        {
                            "DurableName":  "8d2c41e93dd1a03b",
                            "DurableNameFormat":  "vpd_ieee0"
                        },
                        {
                            "DurableName":  "6c9ce9008ab3ce30",
                            "DurableNameFormat":  "vpd_ieee1"
                        },
                        {
                            "DurableName":  "Nimble  8d2c41e93dd1a03b6c9ce9008ab3ce30",
                            "DurableNameFormat":  "vpd_t10"
                        },
                        {
                            "DurableName":  "iqn.2007-11.com.nimblestorage:scsql2017-systemcenter2019-schedule-new-2020-05-04::10:00:00.000-v2b4bd8361b856bbc.00000006.30ceb38a.s2b4bd8361b856bbc.00000009.0003b4cc",
                            "DurableNameFormat":  "iqn"
                        }
                    ],
    "ConsistencyGroup":  "/redfish/v1/Storage/AC-109032/ConsistencyGroup/SystemCenter2019"
}